# Blender 5.2.0 LTS
# www.blender.org
mtllib earthForEngine.mtl
o earth
v 0.638692 8.817217 4.545987
v -1.029170 8.362701 5.248290
v -2.720808 7.582332 5.782688
v -4.307887 6.510578 6.094860
v -5.729416 5.188625 6.172811
v -6.930765 3.667278 6.013543
v -7.865770 2.004999 5.623179
v -8.498498 0.265669 5.016718
v -8.804634 -1.483871 4.217469
v -6.722218 -7.287138 -0.208410
v 0.497320 8.985784 4.222040
v -1.296547 8.681510 4.635610
v -3.108978 8.045170 4.893214
v -4.801933 7.099658 4.962774
v -6.310352 5.881311 4.841619
v -7.576269 4.436949 4.534402
v -8.551033 2.822077 4.052931
v -9.197186 1.098755 3.415708
v -9.489897 -0.666793 2.647221
v -9.417915 -2.406715 1.777003
v -8.984009 -4.054150 0.838495
v -8.204853 -5.545785 -0.132234
v -7.110388 -6.824301 -1.097884
v -5.742675 -7.840561 -2.021342
v -4.219217 -8.541143 -2.839780
v 0.427464 9.145806 3.871533
v -1.428666 8.984159 3.972696
v -3.300785 8.484550 3.930813
v -5.046057 7.658882 3.737870
v -6.597412 6.538888 3.401284
v -7.895232 5.167609 2.933988
v -8.889643 3.597743 2.353940
v -9.542429 1.889616 1.683432
v -9.828506 0.108873 0.948231
v -9.736878 -1.676055 0.176589
v -9.271069 -3.396572 -0.601839
v -8.448976 -4.986562 -1.357138
v -7.302196 -6.384922 -2.060284
v -5.874794 -7.537911 -2.684255
v -4.289074 -8.381121 -3.190287
v 0.431807 9.291136 3.507936
v -1.420450 9.259020 3.285025
v -3.288859 8.883585 2.932470
v -5.030877 8.166758 2.467221
v -6.579563 7.136087 1.907158
v -7.875399 5.831181 1.273805
v -8.868588 4.302186 0.591500
v -9.520964 2.607861 -0.113537
v -9.807452 0.813317 -0.814210
v -9.717046 -1.012483 -1.483594
v -9.253220 -2.799373 -2.095964
v -8.433798 -4.478686 -2.627787
v -7.290269 -5.985886 -3.058627
v -5.866579 -7.263051 -3.371925
v -4.284730 -8.235792 -3.553884
v 0.510184 9.416186 3.145221
v -1.272217 9.495529 2.599024
v -3.073657 9.226942 1.936551
v -4.756978 8.603768 1.199657
v -6.257491 7.649957 0.416661
v -7.517531 6.402163 -0.382347
v -8.488679 4.908337 -1.166662
v -9.133610 3.225887 -1.906143
v -9.427543 1.419467 -2.572371
v -9.359179 -0.441502 -3.139746
v -8.931149 -2.285504 -3.586462
v -8.159898 -4.041676 -3.895351
v -7.075068 -5.642529 -4.054545
v -5.718346 -7.026543 -4.057926
v -4.206354 -8.110742 -3.916598
v 0.659582 9.516153 2.797328
v -0.989662 9.684596 1.941056
v -2.663450 9.501425 0.981329
v -4.234884 8.953119 -0.016110
v -5.643574 8.060750 -1.012930
v -6.835385 6.858612 -1.970822
v -7.764514 5.392900 -2.852979
v -8.395258 3.719944 -3.625497
v -8.703378 1.904031 -4.258688
v -8.677031 0.014947 -4.728221
v -8.317231 -1.874710 -5.016052
v -7.637804 -3.692325 -5.111118
v -6.664861 -5.368046 -5.009768
v -5.435791 -6.837475 -4.715894
v -4.056956 -8.010775 -4.264491
v 0.874259 9.587194 2.477627
v -0.583644 9.818957 1.336405
v -2.074003 9.696486 0.103512
v -3.484660 9.201385 -1.133358
v -4.761404 8.352680 -2.326674
v -5.855168 7.182987 -3.430578
v -6.723923 5.737256 -4.402646
v -7.334281 4.071044 -5.205523
v -7.662786 2.248386 -5.808357
v -7.696815 0.339322 -6.187975
v -7.435061 -1.582780 -6.329797
v -6.887580 -3.444059 -6.228367
v -6.075414 -5.172985 -5.887585
v -5.029772 -6.703115 -5.320545
v -3.842279 -7.939733 -4.584192
v 1.145966 9.626581 2.198402
v -0.069764 9.893448 0.808308
v -1.327967 9.804630 -0.663166
v -2.535137 9.339026 -2.109154
v -3.644882 8.514529 -3.474089
v -4.614557 7.362824 -4.705516
v -5.406895 5.928168 -5.756112
v -5.991452 4.265699 -6.585507
v -6.345758 2.439299 -7.161822
v -6.456204 0.519160 -7.462914
v -6.318539 -1.420932 -7.477210
v -5.938056 -3.306417 -7.204163
v -5.329377 -5.064840 -6.654262
v -4.515893 -6.628624 -5.848641
v -3.570572 -7.900347 -4.863417
v 1.464262 9.632798 1.970385
v 0.532227 9.905206 0.377060
v -0.454012 9.821701 -1.289240
v -1.422802 9.360752 -2.905995
v -2.336915 8.540076 -4.411076
v -3.161222 7.391210 -5.746640
v -3.864044 5.958304 -6.861365
v -4.418374 4.296423 -7.712412
v -4.802908 2.469434 -8.267075
v -5.002869 0.547545 -8.504038
v -5.010572 -1.395384 -8.414198
v -4.825722 -3.284692 -8.001004
v -4.455422 -5.047771 -7.280336
v -3.913903 -6.616866 -6.279889
v -3.252277 -7.894130 -5.091434
v 1.816913 9.605607 1.802338
v 1.199196 9.853780 0.059232
v 0.514277 9.747041 -1.750654
v -0.190405 9.265729 -3.493264
v -0.887769 8.428340 -5.101629
v -1.551017 7.267056 -6.513943
v -2.154660 5.826502 -7.675928
v -2.675501 4.162040 -8.542934
v -3.093524 2.337633 -9.081637
v -3.392665 0.423392 -9.271341
v -3.561426 -1.507121 -9.104751
v -3.593325 -3.379715 -8.588272
v -3.487133 -5.122430 -7.741750
v -3.246934 -6.668292 -6.597716
v -2.899626 -7.921321 -5.259480
v 2.190369 9.546053 1.700719
v 1.905511 9.741144 -0.132959
v 1.539689 9.583521 -2.029674
v 1.114696 9.057607 -3.848388
v 0.646868 8.183615 -5.519211
v 0.154179 6.995131 -6.977935
v -0.344433 5.537828 -8.168499
v -0.829809 3.867711 -9.045156
v -1.283297 2.048959 -9.574209
v -1.687468 0.151467 -9.735333
v -2.026790 -1.751846 -9.522333
v -2.288224 -3.587837 -8.943397
v -2.461722 -5.285951 -8.020769
v -2.540618 -6.780927 -6.789908
v -2.526171 -7.980875 -5.361100
v 2.570277 9.456424 1.669433
v 2.624031 9.571630 -0.192130
v 2.582817 9.337423 -2.115576
v 2.442347 8.744385 -3.957722
v 2.208018 7.815305 -5.647774
v 1.888837 6.585887 -7.120787
v 1.497070 5.103377 -8.320149
v 1.047771 3.424749 -9.199778
v 0.558206 1.614508 -9.725859
v 0.047190 -0.257777 -9.878184
v -0.465639 -2.120156 -9.650896
v -0.960574 -3.901059 -9.052731
v -1.418595 -5.532047 -8.106672
v -1.822099 -6.950441 -6.849079
v -2.146263 -8.070504 -5.392385
v 2.942038 9.340165 1.709682
v 3.327141 9.351750 -0.116007
v 3.603575 9.018208 -2.005061
v 3.741525 8.338099 -3.817063
v 3.735691 7.337564 -5.482378
v 3.586295 6.055051 -6.937008
v 3.299081 4.539845 -8.125051
v 2.885086 2.850175 -9.000854
v 2.360217 1.050975 -9.530761
v 1.744648 -0.788614 -9.694406
v 1.062034 -2.597897 -9.485499
v 0.338605 -4.307344 -8.912071
v -0.397836 -5.851264 -7.996157
v -1.118989 -7.170321 -6.772955
v -1.774502 -8.186763 -5.352136
v 3.291365 9.201744 1.819921
v 3.987823 9.089954 0.092487
v 4.562735 8.638139 -1.702376
v 4.962305 7.854365 -3.431818
v 5.171175 6.768752 -5.029377
v 5.181321 5.423020 -6.433661
v 4.992351 3.868885 -7.590701
v 4.611528 2.166071 -8.456038
v 4.053487 0.380015 -8.996410
v 3.339674 -1.420644 -9.191059
v 2.497518 -3.166709 -9.032499
v 1.559384 -4.791080 -8.526826
v 0.561324 -6.231332 -7.693472
v -0.458308 -7.432117 -6.564462
v -1.425175 -8.325184 -5.241898
v -2.415867 -8.977511 -3.617154
v 3.604834 9.046480 1.995911
v 4.580685 8.796304 0.425337
v 5.423439 8.211824 -1.219152
v 6.057772 7.311769 -2.816790
v 6.459309 6.130727 -4.306182
v 6.612617 4.714086 -5.630090
v 6.511807 3.116284 -6.737634
v 6.160755 1.398725 -7.586257
v 5.572945 -0.372586 -8.143343
v 4.770970 -2.129578 -8.387487
v 3.785652 -3.804733 -8.309304
v 2.654851 -5.333674 -7.911798
v 1.422027 -6.657646 -7.210248
v 0.134555 -7.725767 -6.231612
v -1.111706 -8.480448 -5.065907
v 3.870399 8.880340 2.230891
v 5.082946 8.482083 0.869753
v 6.152609 7.755648 -0.573961
v 6.985827 6.731166 -1.995617
v 7.550587 5.448010 -3.340583
v 7.825182 3.955491 -4.557175
v 7.799059 2.310964 -5.598634
v 7.473224 0.577628 -6.424942
v 6.860196 -1.177906 -7.004344
v 5.983535 -2.888174 -7.314572
v 4.876930 -4.487451 -7.343705
v 3.582908 -5.914278 -7.090625
v 2.151196 -7.113823 -6.565056
v 0.636815 -8.039988 -5.787196
v -0.846142 -8.646587 -4.830928
v 4.077852 8.709708 2.515829
v 5.475303 8.159369 1.408657
v 6.722222 7.287138 0.208406
v 7.710809 6.134866 -0.999854
v 8.403074 4.746836 -2.169689
v 8.772416 3.176388 -3.256147
v 8.804637 1.483872 -4.217470
v 8.498502 -0.265668 -5.016719
v 7.865774 -2.004997 -5.623180
v 6.930769 -3.667277 -6.013545
v 5.729418 -5.188625 -6.172812
v 4.307889 -6.510578 -6.094862
v 2.720810 -7.582333 -5.782690
v 1.029173 -8.362702 -5.248292
v -0.638689 -8.817219 -4.545990
v 4.219223 8.541142 2.839777
v 5.742679 7.840560 2.021338
v 7.110392 6.824300 1.097880
v 8.204855 5.545786 0.132232
v 8.984010 4.054150 -0.838497
v 9.417917 2.406717 -1.777006
v 9.489898 0.666794 -2.647222
v 9.197189 -1.098753 -3.415709
v 8.551034 -2.822076 -4.052931
v 7.576271 -4.436947 -4.534404
v 6.310354 -5.881310 -4.841619
v 4.801935 -7.099658 -4.962776
v 3.108979 -8.045171 -4.893216
v 1.296548 -8.681511 -4.635612
v -0.497317 -8.985785 -4.222043
v 4.289080 8.381120 3.190284
v 5.874798 7.537910 2.684251
v 7.302198 6.384921 2.060281
v 8.448979 4.986562 1.357136
v 9.271070 3.396573 0.601837
v 9.736881 1.676056 -0.176592
v 9.828507 -0.108871 -0.948232
v 9.542432 -1.889615 -1.683433
v 8.889645 -3.597741 -2.353942
v 7.895234 -5.167608 -2.933990
v 6.597413 -6.538888 -3.401285
v 5.046059 -7.658881 -3.737873
v 3.300786 -8.484550 -3.930815
v 1.428666 -8.984160 -3.972699
v -0.427461 -9.145807 -3.871536
v 4.284736 8.235790 3.553881
v 5.866583 7.263050 3.371921
v 7.290273 5.985886 3.058624
v 8.433799 4.478687 2.627784
v 9.253221 2.799375 2.095961
v 9.717047 1.012485 1.483591
v 9.807452 -0.813314 0.814207
v 9.520966 -2.607859 0.113535
v 8.868588 -4.302184 -0.591502
v 7.875401 -5.831180 -1.273807
v 6.579563 -7.136086 -1.907161
v 5.030879 -8.166757 -2.467224
v 3.288860 -8.883585 -2.932474
v 1.420451 -9.259021 -3.285029
v -0.431805 -9.291136 -3.507939
v 2.415876 8.977510 3.617151
v 4.206360 8.110740 3.916595
v 5.718349 7.026542 4.057921
v 7.075071 5.642529 4.054542
v 8.159900 4.041677 3.895348
v 8.931149 2.285505 3.586458
v 9.359182 0.441504 3.139742
v 9.427544 -1.419465 2.572369
v 9.133613 -3.225884 1.906140
v 8.488679 -4.908335 1.166659
v 7.517535 -6.402161 0.382344
v 6.257492 -7.649955 -0.416664
v 4.756980 -8.603767 -1.199661
v 3.073658 -9.226941 -1.936555
v 1.272218 -9.495528 -2.599029
v -0.510181 -9.416186 -3.145225
v 4.056962 8.010773 4.264488
v 5.435794 6.837475 4.715890
v 6.664865 5.368046 5.009764
v 7.637806 3.692326 5.111114
v 8.317232 1.874712 5.016047
v 8.677033 -0.014946 4.728218
v 8.703379 -1.904028 4.258685
v 8.395260 -3.719941 3.625494
v 7.764515 -5.392898 2.852976
v 6.835387 -6.858610 1.970819
v 5.643576 -8.060749 1.012926
v 4.234887 -8.953118 0.016106
v 2.663452 -9.501425 -0.981333
v 0.989663 -9.684596 -1.941061
v -0.659579 -9.516153 -2.797333
v 3.842285 7.939731 4.584189
v 5.029776 6.703114 5.320540
v 6.075418 5.172984 5.887580
v 6.887583 3.444060 6.228362
v 7.435062 1.582782 6.329792
v 7.696818 -0.339321 6.187973
v 7.662788 -2.248383 5.808352
v 7.334283 -4.071043 5.205521
v 6.723925 -5.737253 4.402643
v 5.855172 -7.182985 3.430574
v 4.761405 -8.352678 2.326670
v 3.484662 -9.201384 1.133354
v 2.074005 -9.696486 -0.103518
v 0.583645 -9.818956 -1.336411
v -0.874256 -9.587194 -2.477632
v 3.570578 7.900345 4.863414
v 4.515897 6.628623 5.848637
v 5.329381 5.064841 6.654256
v 5.938059 3.306419 7.204158
v 6.318541 1.420934 7.477205
v 6.456206 -0.519157 7.462910
v 6.345761 -2.439296 7.161819
v 5.991454 -4.265696 6.585503
v 5.406898 -5.928166 5.756109
v 4.614560 -7.362822 4.705512
v 3.644884 -8.514526 3.474083
v 2.535139 -9.339025 2.109149
v 1.327970 -9.804630 0.663160
v 0.069767 -9.893447 -0.808314
v -1.145963 -9.626581 -2.198408
v 3.252283 7.894128 5.091430
v 3.913907 6.616865 6.279884
v 4.455426 5.047771 7.280332
v 4.825726 3.284693 8.000999
v 5.010575 1.395386 8.414192
v 5.002873 -0.547544 8.504034
v 4.802911 -2.469431 8.267070
v 4.418376 -4.296421 7.712408
v 3.864047 -5.958301 6.861360
v 3.161226 -7.391208 5.746636
v 2.336918 -8.540074 4.411071
v 1.422805 -9.360751 2.905991
v 0.454014 -9.821699 1.289234
v -0.532224 -9.905205 -0.377067
v -1.464257 -9.632797 -1.970391
v 2.899632 7.921319 5.259478
v 3.246938 6.668292 6.597712
v 3.487138 5.122430 7.741745
v 3.593328 3.379716 8.588267
v 3.561429 1.507123 9.104745
v 3.392668 -0.423389 9.271337
v 3.093526 -2.337629 9.081633
v 2.675504 -4.162037 8.542929
v 2.154664 -5.826499 7.675923
v 1.551021 -7.267054 6.513938
v 0.887772 -8.428337 5.101623
v 0.190408 -9.265728 3.493258
v -0.514274 -9.747040 1.750647
v -1.199192 -9.853779 -0.059240
v -1.816908 -9.605606 -1.802344
v 2.526176 7.980874 5.361097
v 2.540622 6.780926 6.789903
v 2.461727 5.285951 8.020763
v 2.288227 3.587839 8.943390
v 2.026793 1.751848 9.522327
v 1.687472 -0.151465 9.735327
v 1.283301 -2.048956 9.574203
v 0.829813 -3.867708 9.045148
v 0.344437 -5.537826 8.168494
v -0.154175 -6.995129 6.977929
v -0.646863 -8.183613 5.519205
v -1.114693 -9.057605 3.848381
v -1.539685 -9.583520 2.029666
v -1.905507 -9.741144 0.132951
v -2.190364 -9.546053 -1.700725
v 2.146268 8.070502 5.392383
v 1.822104 6.950441 6.849073
v 1.418599 5.532047 8.106667
v 0.960578 3.901061 9.052724
v 0.465643 2.120158 9.650889
v -0.047185 0.257779 9.878180
v -0.558202 -1.614505 9.725853
v -1.047766 -3.424745 9.199768
v -1.497065 -5.103374 8.320143
v -1.888833 -6.585885 7.120780
v -2.208014 -7.815302 5.647767
v -2.442342 -8.744384 3.957716
v -2.582812 -9.337423 2.115569
v -2.624026 -9.571630 0.192122
v -2.570271 -9.456424 -1.669439
v 1.774508 8.186761 5.352133
v 1.118994 7.170321 6.772950
v 0.397841 5.851264 7.996152
v -0.338600 4.307345 8.912066
v -1.062028 2.597899 9.485493
v -1.744643 0.788616 9.694400
v -2.360212 -1.050972 9.530754
v -2.885081 -2.850171 9.000848
v -3.299077 -4.539841 8.125045
v -3.586290 -6.055048 6.937002
v -3.735686 -7.337562 5.482370
v -3.741520 -8.338099 3.817057
v -3.603570 -9.018207 2.005054
v -3.327136 -9.351749 0.115999
v -2.942031 -9.340165 -1.709688
v 1.425181 8.325182 5.241895
v 0.458313 7.432116 6.564457
v -0.561318 6.231331 7.693467
v -1.559379 4.791080 8.526820
v -2.497513 3.166711 9.032493
v -3.339667 1.420646 9.191052
v -4.053482 -0.380012 8.996404
v -4.611524 -2.166067 8.456029
v -4.992345 -3.868882 7.590694
v -5.181314 -5.423018 6.433654
v -5.171170 -6.768750 5.029370
v -4.962299 -7.854364 3.431812
v -4.562729 -8.638139 1.702369
v -3.987816 -9.089954 -0.092494
v -3.291358 -9.201744 -1.819927
v 1.111712 8.480446 5.065905
v -0.134550 7.725767 6.231607
v -1.422021 6.657646 7.210243
v -2.654845 5.333675 7.911794
v -3.785645 3.804735 8.309298
v -4.770964 2.129580 8.387482
v -5.572937 0.372589 8.143336
v -6.160747 -1.398722 7.586250
v -6.511800 -3.116281 6.737628
v -6.612611 -4.714084 5.630084
v -6.459302 -6.130726 4.306175
v -6.057765 -7.311769 2.816785
v -5.423433 -8.211825 1.219146
v -4.580679 -8.796305 -0.425344
v -3.604827 -9.046480 -1.995917
v 0.846147 8.646586 4.830925
v -0.636811 8.039987 5.787191
v -2.151191 7.113822 6.565052
v -3.582904 5.914279 7.090621
v -4.876924 4.487452 7.343700
v -5.983529 2.888175 7.314568
v -6.860189 1.177908 7.004338
v -7.473217 -0.577626 6.424936
v -7.799052 -2.310961 5.598628
v -7.825175 -3.955489 4.557169
v -7.550580 -5.448009 3.340576
v -6.985822 -6.731165 1.995611
v -6.152601 -7.755648 0.573954
v -5.082939 -8.482084 -0.869760
v -3.870391 -8.880341 -2.230896
v -8.772409 -3.176386 3.256142
v -8.403069 -4.746835 2.169685
v -7.710804 -6.134866 0.999849
v -5.475297 -8.159369 -1.408662
v -4.077845 -8.709709 -2.515834
v -0.172283 8.633181 4.908064
v -1.884054 8.011061 5.542154
v -3.531338 7.080523 5.967486
v -5.042915 5.877883 6.163490
v -6.360694 4.449360 6.122635
v -7.434036 2.849850 5.846491
v -8.221693 1.140823 5.345669
v -8.693394 -0.612046 4.639416
v -0.375733 8.875767 4.441866
v -2.213412 8.403773 4.787446
v -3.974578 7.609025 4.951819
v -5.583005 6.521865 4.925897
v -6.976879 5.184073 4.710675
v -8.102636 3.647061 4.314425
v -8.917013 1.969894 3.752373
v -9.388714 0.217025 3.046121
v -9.499613 -1.544183 2.222808
v -9.245445 -3.246051 1.314072
v -8.635982 -4.823174 0.354837
v -7.694643 -6.214945 -0.618032
v -6.457602 -7.367881 -1.567153
v -4.980516 -8.235876 -2.452631
v -6.940068 -7.053887 -0.641822
v -7.293037 4.055161 5.292805
v -6.055451 5.537712 5.524164
v -8.250357 2.416773 4.858047
v -8.890620 0.685510 4.236598
v 0.542574 8.901828 4.395282
v -9.189220 -1.072097 3.452338
v -1.179228 8.523368 4.949750
v -2.938658 7.815583 5.349276
v -4.585158 6.807450 5.543231
v -0.476265 9.106057 3.937445
v -2.376158 8.776582 3.970860
v -4.193598 8.110740 3.852879
v -5.849881 7.133207 3.586835
v -7.281355 5.881548 3.182950
v -8.433013 4.403865 2.656747
v -9.260593 2.756944 2.028446
v -9.732294 1.004076 1.322193
v -9.829990 -0.787379 0.565130
v -9.549922 -2.548576 -0.213653
v -8.902859 -4.211833 -0.984224
v -7.913662 -5.713230 -1.716972
v -6.620348 -6.995073 -2.383739
v -5.081048 -8.005585 -2.957051
v -8.358947 -5.261066 -0.735970
v -9.165205 -3.719355 0.128578
v -6.491547 6.216107 4.131701
v -4.956027 7.384378 4.359038
v -7.231459 -6.600598 -1.572236
v -7.777601 4.808953 3.745583
v -5.826070 -7.686473 -2.348081
v -8.764768 3.216995 3.215525
v -4.280190 -8.455309 -3.007184
v -9.415107 1.501409 2.561896
v 0.435485 9.068416 4.053346
v -9.703631 -0.271875 1.809816
v -1.379942 8.835600 4.308870
v -9.619248 -2.034711 0.988185
v -3.230049 8.268873 4.418861
v -0.470014 9.315203 3.414186
v -2.366038 9.115158 3.123777
v -4.179980 8.566387 2.712898
v -5.833287 7.688415 2.197764
v -7.262423 6.514981 1.598171
v -8.412469 5.091180 0.937161
v -9.239227 3.471727 0.240137
v -9.710930 1.718859 -0.466116
v -9.809446 -0.100065 -1.154457
v -9.530991 -1.915143 -1.798432
v -8.886264 -3.656624 -2.373295
v -7.900044 -5.257582 -2.856953
v -6.610229 -6.656496 -3.230821
v -5.074797 -7.796440 -3.480310
v 0.402271 9.223224 3.691307
v -4.313404 -8.300501 -3.369222
v -9.863175 0.471758 0.070732
v -9.577779 2.259610 0.788742
v -1.442193 9.125751 3.630313
v -9.769537 -1.334224 -0.649996
v -3.320423 8.690107 3.433750
v -9.300461 -3.088934 -1.345746
v -5.071053 7.920507 3.105229
v -8.473972 -4.724937 -1.989780
v -6.626803 6.846529 2.657376
v -7.321835 -6.179364 -2.557347
v -7.927890 5.509440 2.107402
v -5.888322 -7.396322 -3.026638
v -8.924312 3.960627 1.476442
v -0.357221 9.495166 2.892197
v -2.183442 9.406493 2.278751
v -3.934247 8.958458 1.575686
v -5.533860 8.166154 0.812067
v -6.920810 7.060029 0.017239
v -8.041798 5.682591 -0.778249
v -8.853743 4.086775 -1.543831
v -9.325444 2.333906 -2.250083
v -9.438775 0.491347 -2.869866
v -9.189377 -1.370095 -3.379364
v -8.586838 -3.178885 -3.758993
v -7.654311 -4.865512 -3.994166
v -6.427633 -6.365162 -4.075846
v -4.962004 -7.616477 -4.002298
v -6.456022 7.404748 1.157851
v -4.925815 8.395235 1.829987
v -7.207722 -5.806373 -3.559299
v -8.328734 -4.250210 -3.265021
v -7.738127 6.129701 0.441219
v -5.809720 -7.139401 -3.716794
v -8.722861 4.619093 -0.292370
v -4.271467 -8.163423 -3.737449
v -9.372381 2.930976 -1.014723
v 0.444209 9.360302 3.323079
v -9.661725 1.130223 -1.698079
v -1.363591 9.382671 2.940156
v -9.579774 -0.713964 -2.316180
v -3.206311 9.063098 2.431798
v -9.129679 -2.530714 -2.845272
v -0.142220 9.639030 2.391539
v -1.835387 9.639389 1.468256
v -3.465843 9.271883 0.484943
v -4.963109 8.548063 -0.517007
v -6.269644 7.495747 -1.499088
v -7.335241 6.155373 -2.423562
v -8.118948 4.578451 -3.254897
v -8.590651 2.825583 -3.961152
v -8.732218 0.964128 -4.515179
v -8.538211 -0.934378 -4.895691
v -8.016087 -2.796976 -5.088066
v -7.185907 -4.552087 -5.084908
v -6.079576 -6.132266 -4.886341
v -4.747004 -7.472612 -4.502956
v -9.107019 1.678217 -3.428645
v -8.806808 3.489706 -2.779191
v -1.147155 9.596488 2.264923
v 0.559686 9.474382 2.962814
v -9.057254 -0.197765 -3.946337
v -2.892095 9.373511 1.451511
v -8.659422 -2.066147 -4.312374
v -4.525894 8.790317 0.582318
v -7.928814 -3.855128 -4.512691
v -5.985764 7.869315 -0.309252
v -6.893506 -5.495959 -4.539586
v -7.215606 6.645900 -1.188939
v -5.593284 -6.925584 -4.392027
v -8.168155 5.167087 -2.022935
v -4.155990 -8.049343 -4.097714
v 0.166726 9.741267 1.931451
v -1.335248 9.804896 0.723439
v -2.792769 9.494618 -0.517413
v -4.142965 8.819468 -1.738380
v -5.333950 7.805389 -2.892543
v -6.319953 6.491354 -3.935547
v -7.063085 4.927860 -4.827312
v -7.534786 3.174992 -5.533565
v -7.716930 1.300110 -6.027165
v -7.602518 -0.624735 -6.289146
v -7.195943 -2.525572 -6.309440
v -6.512833 -4.329351 -6.087263
v -5.579438 -5.966758 -5.631158
v -4.438058 -7.370376 -4.963044
v -6.391262 -5.260052 -5.460536
v -7.289578 -3.554875 -5.684838
v -6.380405 7.038199 -2.720423
v -5.234104 8.222376 -1.687552
v -5.247333 -6.763088 -5.026389
v -7.281511 5.583549 -3.648750
v -3.971410 -7.962645 -4.436172
v -7.902794 3.914328 -4.436858
v 0.744266 9.561081 2.624355
v -8.220375 2.094680 -5.054460
v -0.801203 9.758984 1.630561
v -8.222053 0.194535 -5.477821
v -2.389852 9.609419 0.530560
v -7.907761 -1.713086 -5.690674
v -3.886659 9.090569 -0.589829
v 0.557744 9.797949 1.529613
v -0.702245 9.896655 0.072922
v -1.940890 9.618105 -1.392861
v -3.104948 8.969936 -2.805117
v -4.149685 7.977058 -4.109575
v -5.034951 6.677625 -5.256103
v -5.726727 5.121576 -6.200644
v -6.198428 3.368707 -6.906897
v -6.431928 1.486381 -7.347721
v -6.418252 -0.453066 -7.506178
v -6.157926 -2.375103 -7.376177
v -5.660954 -4.205865 -6.962712
v -4.946435 -5.874999 -6.281675
v -4.047040 -7.313694 -5.364881
v -7.106271 0.447860 -6.851779
v -7.035867 2.363608 -6.513045
v -1.718882 9.761755 -0.295662
v -0.339031 9.863915 1.061449
v -6.903584 -1.485100 -6.927203
v -3.032676 9.284456 -1.641411
v -6.435596 -3.360988 -6.736420
v -4.229927 8.450362 -2.924081
v -5.720292 -5.107717 -6.286758
v -5.264624 7.291524 -4.094380
v -4.785161 -6.658158 -5.595501
v -6.097003 5.852478 -5.107335
v -3.724822 -7.906660 -4.739818
v -6.695080 4.188524 -5.924018
v 0.990855 9.617065 2.320710
v 1.015808 9.806895 1.201470
v 0.039297 9.911139 -0.458296
v -0.942944 9.637597 -2.107760
v -1.888947 8.993687 -3.676223
v -2.762360 8.004155 -5.103412
v -3.529615 6.707027 -6.334480
v -4.161231 5.152153 -7.322119
v -4.632932 3.399285 -8.028372
v -4.926592 1.515783 -8.426098
v -5.030927 -0.425969 -8.500016
v -4.941925 -2.351352 -8.247282
v -4.663008 -4.186373 -7.677610
v -4.204894 -5.860516 -6.812893
v -3.588976 -7.304748 -5.693024
v -4.224528 -6.614825 -6.077493
v -4.906380 -5.044806 -6.986502
v -4.660151 5.963536 -6.342638
v -3.911138 7.396139 -5.258010
v -3.425701 -7.883540 -4.996981
v -5.230077 4.301759 -7.183523
v 1.289976 9.640185 2.063547
v -5.599014 2.474667 -7.748348
v 0.221601 9.907248 0.579457
v -5.752785 0.552474 -8.015408
v -0.904970 9.824665 -0.995405
v -5.685479 -1.390949 -7.974442
v -1.996763 9.364525 -2.532015
v -5.399683 -3.280920 -7.627023
v -3.011821 8.544513 -3.971319
v 1.523315 9.767764 0.959631
v 0.860878 9.847792 -0.849800
v 0.162719 9.552345 -2.634635
v -0.541693 8.889807 -4.318223
v -1.225288 7.885639 -5.835864
v -1.861796 6.578431 -7.129237
v -2.426756 5.018417 -8.148638
v -2.898458 3.265548 -8.854891
v -3.258773 1.387186 -9.220855
v -3.493855 -0.544485 -9.232467
v -3.594671 -2.455232 -8.889282
v -3.557345 -4.271625 -8.204487
v -3.383312 -5.923863 -7.204396
v -3.081469 -7.343879 -5.934864
v 0.020606 9.795731 -1.541778
v 0.859149 9.887318 0.203109
v -4.300258 -1.434252 -8.792147
v -4.213610 0.504359 -8.923993
v -0.818730 9.327699 -3.227416
v -4.221649 -3.317746 -8.322424
v -1.626600 8.501209 -4.789024
v -3.980805 -5.073741 -7.532874
v -2.371963 7.348023 -6.166595
v -3.586981 -6.634755 -6.453840
v -3.026171 5.912457 -7.307186
v -3.085543 -7.894174 -5.197778
v -3.564085 4.249679 -8.166968
v 1.630134 9.629552 1.862749
v -3.965034 2.423587 -8.712895
v 2.060762 9.682058 0.813389
v 1.730928 9.709046 -1.086545
v 1.333609 9.365625 -2.953240
v 0.885040 8.662289 -4.706444
v 0.402460 7.626066 -6.278783
v -0.095587 6.296777 -7.609830
v -0.589960 4.725506 -8.648438
v -1.061661 2.972638 -9.354692
v -1.492564 1.105533 -9.701448
v -1.866108 -0.804059 -9.675386
v -2.167938 -2.682750 -9.277503
v -2.386456 -4.458344 -8.523090
v -2.513262 -6.062609 -7.441141
v -2.544023 -7.429584 -6.081105
v -1.257857 5.701203 -7.963914
v -0.706248 7.149027 -6.785219
v -2.717420 -7.938152 -5.334494
v -2.897018 -6.717182 -6.710082
v -1.761128 4.034286 -8.836560
v 1.998258 9.585573 1.726033
v -2.196721 2.212333 -9.369623
v 1.549111 9.804890 -0.053134
v -2.547895 0.305362 -9.542617
v 1.022275 9.676064 -1.913785
v -2.801154 -1.613344 -9.348894
v 0.456154 9.175393 -3.700889
v -2.946766 -3.470052 -8.795898
v -0.127496 8.322118 -5.345772
v -2.979136 -5.193406 -7.904881
v 2.607494 9.553072 0.768365
v 2.616011 9.500236 -1.159431
v 2.524729 9.084614 -3.051330
v 2.336424 8.319876 -4.825967
v 2.058331 7.235409 -6.415145
v 1.701138 5.872890 -7.757794
v 1.278572 4.284678 -8.802314
v 0.806871 2.531810 -9.508568
v 0.304162 0.681645 -9.849412
v -0.210236 -1.194715 -9.811749
v -0.716554 -3.025164 -9.397026
v -1.195335 -4.739356 -8.621181
v -1.628180 -6.271420 -7.514028
v -1.997291 -7.558570 -6.126129
v -1.245776 -1.921345 -9.623285
v -0.819652 -0.036868 -9.847507
v 1.778894 8.913462 -3.934242
v 2.061545 9.470265 -2.097127
v -1.624027 -3.731983 -9.029249
v 1.427881 8.014117 -5.620163
v -1.939865 -5.399206 -8.088223
v 1.021995 6.806796 -7.090107
v -2.181157 -6.858939 -6.836371
v 0.576835 5.337893 -8.287581
v -2.335478 -8.013785 -5.401875
v 0.109508 3.663858 -9.166570
v 2.380200 9.509940 1.658653
v -0.362028 1.849023 -9.693291
v 2.264973 9.663134 -0.179423
v 3.142502 9.385762 0.826288
v 3.482111 9.229384 -1.065661
v 3.690305 8.720110 -2.925136
v 3.756682 7.875726 -4.672200
v 3.678692 6.728682 -6.239714
v 3.459333 5.323059 -7.567440
v 3.107034 3.712873 -8.604353
v 2.635333 1.960005 -9.310606
v 2.062356 0.131815 -9.659058
v 1.410125 -1.701442 -9.636317
v 0.703705 -3.469314 -9.243259
v -0.029759 -5.103860 -8.494987
v -0.762079 -6.542271 -7.420259
v -1.462283 -7.725880 -6.068205
v -1.954395 -8.118167 -5.397330
v -1.466906 -7.054577 -6.827854
v 1.975936 3.152630 -9.144313
v 2.407400 4.836488 -8.265753
v 2.761283 9.405559 1.663198
v 1.468538 1.347618 -9.671462
v 2.979224 9.467495 -0.170905
v 0.904702 -0.509181 -9.826943
v 3.098478 9.186242 -2.084762
v 0.306102 -2.346415 -9.604780
v 3.098658 8.551968 -3.918503
v -0.304262 -4.093476 -9.013512
v 2.979759 7.589047 -5.601658
v -0.902933 -5.683228 -8.075859
v 2.746349 6.334483 -7.069545
v 3.645225 9.186558 0.984935
v 4.295948 8.906900 -0.808836
v 4.785545 8.286119 -2.579508
v 5.091236 7.346908 -4.251050
v 5.201273 6.125359 -5.759229
v 5.111430 4.668415 -7.046083
v 4.825157 3.032066 -8.062160
v 4.353456 1.279197 -8.768414
v 3.714453 -0.522830 -9.137701
v 2.932706 -2.304766 -9.155831
v 2.038258 -3.998132 -8.822109
v 1.065481 -5.537850 -8.149359
v 0.051757 -6.864754 -7.163433
v -0.959561 -7.925084 -5.909560
v -1.839282 -8.626374 -4.592021
v 4.364729 8.104806 -3.654280
v 4.093223 8.834909 -1.877163
v 0.961809 -4.540638 -8.749289
v 1.794843 -2.872221 -9.294086
v 4.468500 7.063241 -5.290964
v 0.091812 -6.034561 -7.868259
v 4.400550 5.750239 -6.724322
v -0.781714 -7.296580 -6.684857
v 4.163490 4.216257 -7.899264
v -1.588816 -8.247285 -5.321035
v 3.766430 2.520249 -8.770646
v 3.126862 9.276441 1.739492
v 3.224626 0.727388 -9.304974
v 3.664417 9.225492 -0.027909
v 2.558903 -1.093426 -9.481720
v 4.096343 8.963115 1.238205
v 5.026245 8.545178 -0.398827
v 5.768359 7.799323 -2.027728
v 6.288798 6.753744 -3.578703
v 6.567562 5.448623 -4.992154
v 6.593939 3.934114 -6.213758
v 6.366915 2.268419 -7.196571
v 5.895214 0.515550 -7.902824
v 5.196963 -1.257131 -8.305377
v 4.298996 -2.981502 -8.388758
v 3.235820 -4.591295 -8.149763
v 2.048294 -6.024647 -7.597579
v 0.782053 -7.226476 -6.753424
v -0.508443 -8.148527 -5.656289
v 5.412182 1.791015 -8.059927
v 5.777620 3.501036 -7.202202
v 3.462888 9.127547 1.884605
v -1.252790 -8.396177 -5.175922
v 4.838756 0.012166 -8.607912
v 4.294219 8.946426 0.244072
v 4.079380 -1.767150 -8.825101
v 5.007554 8.429770 -1.482309
v 3.163237 -3.478557 -8.703146
v 5.528450 7.589160 -3.151725
v 2.125530 -5.056284 -8.246734
v 5.836894 6.456905 -4.700023
v 1.006143 -6.439702 -7.473405
v 5.921027 5.076515 -6.067702
v -0.151912 -7.575645 -6.412877
v 4.478520 8.724020 1.576369
v 5.644938 8.158117 0.148611
v 6.600978 7.278427 -1.291000
v 7.303346 6.119030 -2.680999
v 7.725053 4.724483 -3.967969
v 7.849891 3.148376 -5.102454
v 7.673061 1.451278 -6.040854
v 7.201360 -0.301590 -6.747106
v 6.452914 -2.042869 -7.194073
v 5.456486 -3.705642 -7.364573
v 4.250369 -5.226009 -7.252058
v 2.880914 -6.545544 -6.860851
v 1.400745 -7.613537 -6.205986
v -0.126265 -8.387623 -5.318126
v 3.142184 -5.620598 -7.525162
v 4.358695 -4.142120 -7.854667
v 7.032351 5.793342 -3.851543
v 6.545105 7.024846 -2.430153
v 1.804922 -6.883080 -6.906470
v 7.249349 4.339202 -5.124923
v 0.398298 -7.881050 -6.022366
v 7.187759 2.718309 -6.201353
v -0.959231 -8.559123 -4.967568
v 6.849947 0.992954 -7.039469
v 3.756448 8.964601 2.092960
v 6.248896 -0.770561 -7.607063
v 4.844428 8.641022 0.634584
v 5.407703 -2.504462 -7.882322
v 5.806334 7.986391 -0.915373
v 4.777071 8.478460 1.986428
v 6.128248 7.760592 0.812440
v 7.251406 6.743448 -0.397637
v 8.095894 5.467156 -1.592432
v 8.629264 3.980765 -2.726034
v 8.831017 2.341396 -3.754875
v 8.693398 0.612047 -4.639418
v 8.221697 -1.140822 -5.345671
v 7.434039 -2.849849 -5.846493
v 6.360697 -4.449359 -6.122637
v 5.042916 -5.877883 -6.163492
v 3.531341 -7.080522 -5.967488
v 1.884057 -8.011063 -5.542157
v 0.172285 -8.633182 -4.908067
v -0.719419 -8.729861 -4.703979
v 7.400853 -1.590712 -6.340889
v 8.024472 0.156734 -5.748489
v 5.293900 8.321014 1.128621
v 3.996260 8.793863 2.356549
v 6.492822 -3.277028 -6.689611
v 6.458865 7.521811 -0.198143
v 5.335276 -4.837411 -6.781256
v 7.375619 6.433549 -1.517292
v 3.972699 -6.211895 -6.612301
v 8.008934 5.098051 -2.778133
v 2.457453 -7.347659 -6.189240
v 8.334469 3.566636 -3.932213
v 0.847769 -8.201057 -5.528329
v 8.339716 1.898158 -4.935179
v 4.980522 8.235874 2.452627
v 6.457605 7.367879 1.567149
v 7.694646 6.214946 0.618030
v 8.635984 4.823175 -0.354839
v 9.245449 3.246052 -1.314074
v 9.499615 1.544185 -2.222808
v 9.388716 -0.217024 -3.046121
v 8.917016 -1.969893 -3.752374
v 8.102638 -3.647059 -4.314426
v 6.976882 -5.184072 -4.710677
v 5.583006 -6.521864 -4.925899
v 3.974582 -7.609024 -4.951821
v 2.213414 -8.403775 -4.787448
v 0.375735 -8.875767 -4.441869
v 2.938660 -7.815584 -5.349277
v 4.585160 -6.807451 -5.543233
v 9.134687 2.788505 -2.535408
v 8.729111 4.397751 -1.521041
v 1.179230 -8.523370 -4.949753
v 9.189223 1.072098 -3.452338
v -0.542571 -8.901828 -4.395285
v 8.890623 -0.685509 -4.236598
v 4.173108 8.621896 2.665244
v 8.250360 -2.416772 -4.858048
v 5.625360 7.998702 1.707197
v 7.293040 -4.055160 -5.292806
v 6.940072 7.053886 0.641818
v 6.055453 -5.537711 -5.524164
v 7.988081 5.837994 -0.448225
v 5.081053 8.005584 2.957047
v 6.620352 6.995071 2.383735
v 7.913665 5.713230 1.716969
v 8.902860 4.211833 0.984222
v 9.549924 2.548578 0.213651
v 9.829990 0.787382 -0.565131
v 9.732296 -1.004074 -1.322195
v 9.260594 -2.756942 -2.028447
v 8.433014 -4.403863 -2.656749
v 7.281356 -5.881546 -3.182952
v 5.849882 -7.133206 -3.586837
v 4.193600 -8.110740 -3.852881
v 2.376160 -8.776583 -3.970862
v 0.476266 -9.106058 -3.937448
v 5.826074 7.686471 2.348077
v 4.280197 8.455308 3.007180
v 7.777604 -4.808952 -3.745584
v 8.764770 -3.216993 -3.215527
v 7.231462 6.600597 1.572232
v 6.491549 -6.216106 -4.131701
v 8.358950 5.261066 0.735968
v 4.956029 -7.384378 -4.359041
v 9.165206 3.719356 -0.128579
v 3.230051 -8.268873 -4.418864
v 9.619251 2.034713 -0.988186
v 1.379943 -8.835601 -4.308873
v 9.703633 0.271876 -1.809817
v -0.435482 -9.068417 -4.053348
v 9.415110 -1.501408 -2.561897
v 5.074801 7.796439 3.480306
v 6.610231 6.656495 3.230816
v 7.900046 5.257583 2.856950
v 8.886266 3.656625 2.373292
v 9.530992 1.915145 1.798429
v 9.809448 0.100067 1.154454
v 9.710932 -1.718857 0.466115
v 9.239231 -3.471725 -0.240138
v 8.412472 -5.091177 -0.937164
v 7.262424 -6.514979 -1.598174
v 5.833287 -7.688415 -2.197767
v 4.179982 -8.566387 -2.712901
v 2.366040 -9.115160 -3.123781
v 0.470015 -9.315203 -3.414189
v 9.769539 1.334227 0.649993
v 9.300461 3.088935 1.345744
v 1.442194 -9.125751 -3.630316
v 3.320425 -8.690107 -3.433753
v 9.863177 -0.471756 -0.070734
v -0.402268 -9.223225 -3.691310
v 9.577780 -2.259609 -0.788743
v 4.313411 8.300500 3.369219
v 8.924314 -3.960626 -1.476444
v 5.888326 7.396320 3.026634
v 7.927892 -5.509438 -2.107405
v 7.321837 6.179363 2.557344
v 6.626803 -6.846527 -2.657378
v 8.473975 4.724937 1.989777
v 5.071054 -7.920507 -3.105232
v 3.484127 8.499548 3.808213
v 4.962008 7.616476 4.002295
v 6.427636 6.365160 4.075842
v 7.654314 4.865513 3.994162
v 8.586839 3.178886 3.758989
v 9.189379 1.370097 3.379360
v 9.438775 -0.491344 2.869864
v 9.325447 -2.333904 2.250081
v 8.853745 -4.086773 1.543828
v 8.041800 -5.682589 0.778246
v 6.920812 -7.060027 -0.017243
v 5.533862 -8.166153 -0.812069
v 3.934249 -8.958457 -1.575689
v 2.183444 -9.406494 -2.278756
v 0.357222 -9.495166 -2.892201
v 7.738130 -6.129699 -0.441221
v 8.722862 -4.619091 0.292368
v 7.207725 5.806373 3.559295
v 5.809723 7.139400 3.716790
v 6.456022 -7.404746 -1.157853
v 8.328737 4.250210 3.265018
v 4.925817 -8.395234 -1.829990
v 9.129679 2.530716 2.845269
v 3.206312 -9.063098 -2.431802
v 9.579777 0.713966 2.316178
v 1.363592 -9.382672 -2.940161
v 9.661726 -1.130221 1.698077
v -0.444206 -9.360302 -3.323083
v 9.372382 -2.930974 1.014720
v 4.271473 8.163422 3.737446
v 4.747008 7.472611 4.502953
v 6.079580 6.132264 4.886336
v 7.185910 4.552088 5.084905
v 8.016088 2.796977 5.088061
v 8.538213 0.934380 4.895688
v 8.732220 -0.964125 4.515175
v 8.590652 -2.825580 3.961148
v 8.118952 -4.578448 3.254895
v 7.335243 -6.155370 2.423558
v 6.269646 -7.495745 1.499085
v 4.963110 -8.548062 0.517002
v 3.465846 -9.271882 -0.484947
v 1.835388 -9.639389 -1.468261
v 0.142222 -9.639030 -2.391544
v 1.147156 -9.596489 -2.264928
v 2.892097 -9.373511 -1.451515
v 9.107020 -1.678215 3.428642
v 9.057256 0.197767 3.946333
v -0.559684 -9.474382 -2.962818
v 8.806810 -3.489704 2.779190
v 4.155996 8.049342 4.097711
v 8.168156 -5.167084 2.022932
v 5.593287 6.925583 4.392023
v 7.215609 -6.645897 1.188935
v 6.893509 5.495959 4.539582
v 5.985765 -7.869313 0.309248
v 7.928816 3.855128 4.512687
v 4.525896 -8.790316 -0.582322
v 8.659422 2.066149 4.312371
v 4.438063 7.370375 4.963041
v 5.579441 5.966757 5.631153
v 6.512836 4.329352 6.087260
v 7.195945 2.525573 6.309435
v 7.602520 0.624737 6.289142
v 7.716933 -1.300107 6.027162
v 7.534789 -3.174989 5.533561
v 7.063088 -4.927857 4.827309
v 6.319956 -6.491352 3.935544
v 5.333952 -7.805387 2.892539
v 4.142968 -8.819467 1.738376
v 2.792771 -9.494617 0.517408
v 1.335249 -9.804897 -0.723445
v -0.166723 -9.741267 -1.931456
v 6.391266 5.260052 5.460532
v 5.247336 6.763088 5.026385
v 5.234106 -8.222373 1.687548
v 6.380408 -7.038198 2.720419
v 7.289581 3.554876 5.684834
v 3.886661 -9.090569 0.589825
v 7.907763 1.713089 5.690670
v 2.389853 -9.609419 -0.530566
v 8.222056 -0.194533 5.477818
v 0.801205 -9.758985 -1.630566
v 8.220377 -2.094677 5.054456
v -0.744263 -9.561080 -2.624360
v 7.902795 -3.914325 4.436856
v 3.971416 7.962644 4.436170
v 7.281513 -5.583547 3.648746
v 4.047044 7.313693 5.364877
v 4.946438 5.874998 6.281671
v 5.660957 4.205866 6.962708
v 6.157928 2.375105 7.376171
v 6.418254 0.453069 7.506173
v 6.431931 -1.486378 7.347717
v 6.198431 -3.368705 6.906893
v 5.726730 -5.121573 6.200640
v 5.034954 -6.677623 5.256099
v 4.149687 -7.977056 4.109570
v 3.104950 -8.969934 2.805112
v 1.940893 -9.618104 1.392856
v 0.702247 -9.896656 -0.072928
v -0.557741 -9.797948 -1.529620
v 7.035869 -2.363605 6.513040
v 7.106274 -0.447858 6.851775
v -0.990851 -9.617065 -2.320715
v 0.339033 -9.863914 -1.061455
v 6.695082 -4.188522 5.924016
v 3.724828 7.906659 4.739815
v 6.097005 -5.852475 5.107330
v 4.785164 6.658156 5.595496
v 5.264627 -7.291523 4.094377
v 5.720296 5.107716 6.286754
v 4.229928 -8.450359 2.924076
v 6.435599 3.360989 6.736415
v 3.032678 -9.284455 1.641406
v 6.903585 1.485103 6.927198
v 1.718884 -9.761754 0.295657
v 3.588981 7.304746 5.693020
v 4.204898 5.860515 6.812887
v 4.663012 4.186374 7.677607
v 4.941927 2.351354 8.247277
v 5.030930 0.425972 8.500010
v 4.926596 -1.515780 8.426093
v 4.632935 -3.399282 8.028367
v 4.161233 -5.152150 7.322114
v 3.529619 -6.707025 6.334476
v 2.762362 -8.004152 5.103407
v 1.888950 -8.993686 3.676219
v 0.942947 -9.637596 2.107754
v -0.039294 -9.911139 0.458289
v -1.015805 -9.806894 -1.201477
v 3.011824 -8.544510 3.971314
v 3.911142 -7.396137 5.258006
v 5.399685 3.280921 7.627018
v 4.906384 5.044806 6.986497
v 1.996766 -9.364524 2.532010
v 5.685481 1.390952 7.974437
v 0.904972 -9.824663 0.995399
v 5.752789 -0.552473 8.015405
v -0.221599 -9.907248 -0.579464
v 5.599017 -2.474663 7.748343
v -1.289972 -9.640185 -2.063553
v 5.230079 -4.301756 7.183518
v 3.425707 7.883539 4.996977
v 4.660154 -5.963534 6.342634
v 4.224532 6.614824 6.077487
v 3.081474 7.343878 5.934860
v 3.383316 5.923862 7.204391
v 3.557349 4.271626 8.204481
v 3.594674 2.455234 8.889276
v 3.493859 0.544487 9.232462
v 3.258777 -1.387184 9.220850
v 2.898461 -3.265545 8.854884
v 2.426760 -5.018414 8.148632
v 1.861800 -6.578428 7.129232
v 1.225292 -7.885637 5.835858
v 0.541696 -8.889806 4.318217
v -0.162716 -9.552343 2.634629
v -0.860875 -9.847792 0.849793
v -1.523311 -9.767763 -0.959638
v -1.630129 -9.629551 -1.862756
v -0.859146 -9.887317 -0.203116
v 3.564089 -4.249676 8.166963
v 3.965038 -2.423585 8.712891
v 3.085549 7.894172 5.197775
v 3.026174 -5.912455 7.307181
v 3.586985 6.634754 6.453835
v 2.371967 -7.348022 6.166591
v 3.980809 5.073741 7.532869
v 1.626603 -8.501207 4.789018
v 4.221653 3.317746 8.322419
v 0.818733 -9.327699 3.227410
v 4.300260 1.434255 8.792141
v -0.020603 -9.795730 1.541772
v 4.213614 -0.504357 8.923989
v 2.544028 7.429583 6.081101
v 2.513267 6.062607 7.441135
v 2.386460 4.458345 8.523086
v 2.167941 2.682752 9.277496
v 1.866112 0.804061 9.675380
v 1.492568 -1.105530 9.701444
v 1.061665 -2.972635 9.354686
v 0.589964 -4.725503 8.648433
v 0.095592 -6.296774 7.609826
v -0.402455 -7.626063 6.278777
v -0.885036 -8.662288 4.706438
v -1.333605 -9.365624 2.953234
v -1.730924 -9.709046 1.086537
v -2.060757 -9.682058 -0.813396
v -0.456151 -9.175392 3.700883
v 0.127500 -8.322115 5.345765
v 2.801157 1.613347 9.348887
v 2.946770 3.470052 8.795893
v -1.022272 -9.676064 1.913778
v 2.547899 -0.305360 9.542611
v -1.549107 -9.804891 0.053126
v 2.196725 -2.212331 9.369617
v -1.998252 -9.585573 -1.726040
v 1.761132 -4.034283 8.836555
v 2.717425 7.938150 5.334491
v 1.257861 -5.701200 7.963908
v 2.897023 6.717181 6.710077
v 0.706252 -7.149024 6.785213
v 2.979140 5.193406 7.904875
v 1.997296 7.558569 6.126125
v 1.628185 6.271418 7.514023
v 1.195340 4.739357 8.621175
v 0.716558 3.025166 9.397018
v 0.210240 1.194718 9.811742
v -0.304157 -0.681642 9.849405
v -0.806867 -2.531806 9.508559
v -1.278567 -4.284676 8.802307
v -1.701134 -5.872887 7.757788
v -2.058327 -7.235406 6.415140
v -2.336420 -8.319874 4.825960
v -2.524724 -9.084613 3.051324
v -2.616006 -9.500237 1.159424
v -2.607489 -9.553072 -0.768372
v 2.335484 8.013783 5.401871
v -2.380194 -9.509940 -1.658659
v -0.576831 -5.337890 8.287576
v -0.109504 -3.663855 9.166563
v 2.181162 6.858938 6.836367
v -1.021990 -6.806794 7.090102
v 1.939870 5.399205 8.088219
v -1.427877 -8.014114 5.620157
v 1.624030 3.731984 9.029243
v -1.778890 -8.913460 3.934235
v 1.245780 1.921347 9.623280
v -2.061541 -9.470264 2.097120
v 0.819657 0.036871 9.847500
v -2.264969 -9.663134 0.179415
v 0.362033 -1.849020 9.693285
v 1.462288 7.725879 6.068201
v 0.762084 6.542269 7.420253
v 0.029764 5.103861 8.494983
v -0.703700 3.469315 9.243252
v -1.410120 1.701444 9.636311
v -2.062351 -0.131812 9.659050
v -2.635327 -1.960001 9.310598
v -3.107028 -3.712870 8.604345
v -3.459327 -5.323056 7.567432
v -3.678687 -6.728680 6.239708
v -3.756679 -7.875724 4.672193
v -3.690300 -8.720108 2.925131
v -3.482106 -9.229384 1.065654
v -3.142496 -9.385762 -0.826296
v -0.306098 2.346417 9.604774
v 0.304267 4.093477 9.013505
v -3.098473 -9.186242 2.084755
v -3.098653 -8.551968 3.918497
v -0.904698 0.509184 9.826937
v -2.979219 -9.467495 0.170897
v -1.468533 -1.347615 9.671455
v -2.761277 -9.405558 -1.663204
v -1.975931 -3.152627 9.144305
v 1.954400 8.118165 5.397327
v -2.407396 -4.836485 8.265746
v 1.466910 7.054576 6.827848
v -2.746346 -6.334480 7.069540
v 0.902939 5.683228 8.075853
v -2.979755 -7.589045 5.601651
v 0.959566 7.925083 5.909556
v -0.051752 6.864752 7.163427
v -1.065476 5.537850 8.149354
v -2.038253 3.998133 8.822104
v -2.932701 2.304768 9.155826
v -3.714447 0.522833 9.137693
v -4.353448 -1.279195 8.768405
v -4.825150 -3.032063 8.062152
v -5.111423 -4.668412 7.046076
v -5.201268 -6.125356 5.759223
v -5.091230 -7.346907 4.251044
v -4.785540 -8.286119 2.579502
v -4.295942 -8.906901 0.808829
v -3.645218 -9.186558 -0.984941
v -4.163485 -4.216255 7.899257
v -3.766423 -2.520246 8.770638
v 0.781718 7.296578 6.684853
v 1.588822 8.247283 5.321033
v -4.400544 -5.750237 6.724316
v -0.091807 6.034561 7.868254
v -4.468494 -7.063239 5.290957
v -0.961804 4.540638 8.749283
v -4.364724 -8.104806 3.654274
v -1.794837 2.872224 9.294079
v -4.093218 -8.834909 1.877156
v -2.558898 1.093428 9.481714
v -3.664411 -9.225493 0.027901
v -3.224621 -0.727385 9.304967
v -3.126855 -9.276441 -1.739498
v 0.508448 8.148526 5.656285
v -0.782048 7.226475 6.753418
v -2.048290 6.024647 7.597574
v -3.235814 4.591296 8.149757
v -4.298988 2.981503 8.388751
v -5.196955 1.257133 8.305369
v -5.895206 -0.515547 7.902817
v -6.366908 -2.268416 7.196564
v -6.593932 -3.934111 6.213752
v -6.567555 -5.448621 4.992148
v -6.288792 -6.753743 3.578698
v -5.768353 -7.799322 2.027722
v -5.026238 -8.545179 0.398820
v -4.096336 -8.963116 -1.238212
v -5.007548 -8.429770 1.482302
v -5.528445 -7.589160 3.151720
v -4.079374 1.767152 8.825095
v -3.163230 3.478559 8.703139
v -4.294213 -8.946428 -0.244079
v -4.838750 -0.012164 8.607905
v -3.462881 -9.127547 -1.884611
v -5.412175 -1.791012 8.059919
v 1.252796 8.396176 5.175920
v -5.777613 -3.501034 7.202196
v 0.151916 7.575644 6.412872
v -5.921021 -5.076512 6.067697
v -1.006137 6.439701 7.473400
v -5.836888 -6.456903 4.700017
v -2.125526 5.056284 8.246729
v 0.126270 8.387622 5.318122
v -1.400741 7.613536 6.205981
v -2.880908 6.545544 6.860847
v -4.250364 5.226010 7.252053
v -5.456481 3.705643 7.364568
v -6.452906 2.042871 7.194067
v -7.201352 0.301592 6.747100
v -7.673053 -1.451276 6.040847
v -7.849883 -3.148373 5.102448
v -7.725047 -4.724481 3.967964
v -7.303340 -6.119029 2.680994
v -6.600973 -7.278426 1.290995
v -5.644930 -8.158118 -0.148618
v -4.478514 -8.724020 -1.576375
v -0.398292 7.881048 6.022360
v 0.959236 8.559123 4.967565
v -7.249342 -4.339200 5.124918
v -7.187751 -2.718307 6.201346
v -1.804916 6.883080 6.906464
v -7.032345 -5.793340 3.851538
v -3.142179 5.620598 7.525157
v -6.545098 -7.024846 2.430148
v -4.358687 4.142122 7.854660
v -5.806327 -7.986391 0.915367
v -5.407695 2.504464 7.882317
v -4.844422 -8.641024 -0.634591
v -6.248888 0.770562 7.607056
v -3.756440 -8.964602 -2.092965
v -6.849939 -0.992951 7.039462
v -8.629258 -3.980764 2.726029
v -8.095889 -5.467156 1.592428
v -4.777064 -8.478461 -1.986434
v -5.293894 -8.321016 -1.128627
v -3.996252 -8.793864 -2.356555
v -8.334463 -3.566634 3.932209
v -8.008927 -5.098049 2.778128
v -7.375613 -6.433549 1.517287
v 1.374145 8.917370 4.180446
v -8.831012 -2.341394 3.754873
v -7.251400 -6.743447 0.397633
v -6.128243 -7.760593 -0.812445
v -3.408117 -8.853789 -2.979779
v 1.290535 9.017064 3.988858
v -3.491728 -8.754097 -3.171367
v -7.988076 -5.837994 0.448221
v -5.625356 -7.998704 -1.707202
v -4.173101 -8.621897 -2.665248
v -9.134683 -2.788504 2.535405
v -8.729106 -4.397750 1.521039
v 1.249221 9.111704 3.781562
v -3.533042 -8.659456 -3.378663
v 1.251790 9.197655 3.566524
v -3.530473 -8.573506 -3.593700
v 1.298143 9.271612 3.352008
v -3.484120 -8.499550 -3.808216
v 1.386500 9.330735 3.146259
v -3.395764 -8.440427 -4.013966
v 1.513463 9.372749 2.957181
v -3.268800 -8.398412 -4.203043
v 1.674156 9.396043 2.792043
v -3.108108 -8.375118 -4.368181
v 1.862401 9.399719 2.657189
v -2.919862 -8.371442 -4.503034
v 2.070966 9.383638 2.557803
v -2.711298 -8.387523 -4.602420
v 2.291834 9.348417 2.497704
v -2.490430 -8.422744 -4.662519
v 2.516519 9.295409 2.479201
v -2.265746 -8.475752 -4.681022
v 2.736385 9.226651 2.503005
v -2.045880 -8.544510 -4.657218
v 2.942983 9.144787 2.568202
v 3.128374 9.052960 2.672286
v -1.653891 -8.718200 -4.487937
v 3.285433 8.954702 2.811257
v -1.496832 -8.816458 -4.348967
v 3.408125 8.853787 2.979775
v -1.374140 -8.917373 -4.180449
v 3.491735 8.754095 3.171363
v -1.290530 -9.017065 -3.988861
v 3.533049 8.659455 3.378659
v -1.249216 -9.111706 -3.781565
v 3.530480 8.573505 3.593697
v -1.251785 -9.197656 -3.566527
v -1.298139 -9.271612 -3.352012
v 3.395771 8.440426 4.013962
v -1.386495 -9.330734 -3.146263
v 3.268807 8.398410 4.203040
v -1.513458 -9.372750 -2.957186
v 3.108114 8.375116 4.368178
v -1.674151 -9.396044 -2.792048
v 2.919869 8.371440 4.503031
v -1.862396 -9.399720 -2.657194
v 2.711305 8.387521 4.602417
v -2.070960 -9.383639 -2.557808
v 2.490437 8.422743 4.662517
v -2.291828 -9.348417 -2.497709
v 2.265752 8.475750 4.681020
v -2.516512 -9.295410 -2.479206
v 2.045886 8.544508 4.657215
v -2.736378 -9.226652 -2.503010
v 1.839288 8.626373 4.592019
v -2.942976 -9.144788 -2.568207
v 1.653897 8.718199 4.487935
v -3.128366 -9.052962 -2.672291
v 1.496838 8.816458 4.348964
v -3.285425 -8.954703 -2.811261
v -6.492817 3.277030 6.689609
v -5.335272 4.837412 6.781253
v -6.458860 -7.521812 0.198138
v -7.400847 1.590714 6.340885
v -8.024467 -0.156733 5.748486
v 0.719424 8.729860 4.703976
v -8.339710 -1.898156 4.935175
v -0.847765 8.201056 5.528325
v -2.457449 7.347658 6.189236
v -3.972695 6.211895 6.612298
v -7.500159 -6.477104 -0.097268
v -6.706511 4.819625 5.434632
v -6.313087 -7.562683 -1.180190
v -7.809271 3.251611 5.099964
v -4.893236 -8.355850 -2.212542
v -8.611923 1.558640 4.569307
v 1.161379 8.961190 4.156124
v -3.610754 -8.772332 -2.988937
v -9.083624 -0.194228 3.863054
v -0.288561 8.755391 4.681794
v -9.206246 -1.939633 3.008346
v -2.068897 8.208973 5.174409
v -8.975077 -3.610498 2.038028
v -3.780095 7.346866 5.472584
v -8.399001 -5.142616 0.989389
v -5.346026 6.202423 5.560452
v -8.804438 -4.511920 -0.305165
v -5.751460 6.833119 4.265895
v -7.832889 -5.959505 -1.159683
v -7.169068 5.539181 3.957684
v -6.560328 -7.178071 -1.969635
v -8.311172 4.032375 3.497382
v -5.046083 -8.118081 -2.700582
v -9.133884 2.370608 2.902677
v 1.089130 9.073582 3.925432
v -3.683003 -8.659941 -3.219628
v -9.605585 0.617739 2.196424
v -0.441408 8.993160 4.193753
v -9.708149 -1.158869 1.405764
v -2.316139 8.593584 4.384963
v -9.437634 -2.890942 0.561081
v -4.112825 7.864465 4.410168
v 1.066722 9.178024 3.681178
v -3.705412 -8.555498 -3.463881
v -9.767471 1.372287 0.431815
v -0.488813 9.214115 3.677021
v -9.863814 -0.433318 -0.291032
v -2.392822 8.950995 3.549108
v -9.581097 -2.222271 -1.002695
v -4.216022 8.345461 3.285296
v -8.930182 -3.925825 -1.675826
v -5.877204 7.419215 2.895233
v -7.936086 -5.478509 -2.284555
v -7.312529 6.207852 2.393908
v -6.637011 -6.820660 -2.805491
v -8.466839 4.757926 1.800585
v -5.093489 -7.897127 -3.217314
v -9.295772 3.125155 1.138068
v -5.718431 7.938185 1.501142
v -7.805784 -5.052601 -3.428656
v -7.131387 6.799941 0.803401
v -6.540187 -6.504181 -3.655635
v -8.270286 5.400380 0.074784
v -5.033631 -7.701478 -3.742878
v -9.091363 3.793285 -0.656706
v 1.095016 9.270506 3.432749
v -3.677118 -8.463017 -3.712310
v -9.563064 2.040416 -1.362958
v -0.428956 9.409764 3.151456
v -9.667263 0.209136 -2.016833
v -2.295997 9.267474 2.698963
v -9.399952 -1.630182 -2.593203
v -4.085721 8.771369 2.141195
v -8.771409 -3.406854 -3.069917
v -9.000216 2.596453 -3.118924
v -0.264137 9.572589 2.637255
v -9.126044 0.743805 -3.705318
v -2.029389 9.530857 1.867201
v -8.901164 -1.137428 -4.149320
v -3.726925 9.125822 1.021832
v -8.334216 -2.974952 -4.433866
v -5.281239 8.370088 0.137193
v -7.446989 -4.698148 -4.548019
v -6.632596 7.292695 -0.752717
v -6.273579 -6.240799 -4.487397
v -7.729068 5.935049 -1.613701
v -4.868813 -7.538653 -4.257079
v -8.528515 4.349322 -2.412671
v 1.172924 9.347471 3.189692
v -3.599210 -8.386051 -3.955367
v -6.873491 -4.428771 -5.599628
v -5.835331 7.667177 -2.214643
v -5.847432 -6.040634 -5.268813
v -6.863983 6.341385 -3.199983
v -4.605365 -7.414910 -4.740155
v -7.628858 4.771898 -4.062350
v 1.297453 9.405963 2.961347
v -3.474681 -8.327559 -4.183712
v -8.100559 3.019030 -4.768602
v -0.000690 9.696332 2.154178
v -8.260960 1.150141 -5.291600
v -1.603241 9.731022 1.085785
v -8.103898 -0.762946 -5.611246
v -3.153427 9.395198 -0.029777
v -7.635407 -2.646716 -5.715255
v -4.582429 8.698324 -1.144195
v -7.105255 1.412530 -6.714719
v -1.033931 9.860276 0.384745
v -7.038794 -0.521127 -6.922799
v -2.387265 9.569147 -0.973219
v -6.701835 -2.434759 -6.864841
v -3.648857 8.910280 -2.293781
v -6.107329 -4.254823 -6.543070
v -4.770226 7.908996 -3.526196
v -5.278121 -5.911379 -5.969852
v -5.708278 6.603774 -4.623101
v -4.253414 -7.335004 -5.173543
v -6.426963 5.044774 -5.542344
v 1.463817 9.443734 2.756489
v -3.308317 -8.289789 -4.388569
v -6.898664 3.291905 -6.248596
v 0.351262 9.776238 1.720790
v -4.587526 -5.858001 -6.563577
v -4.306364 6.712132 -5.828367
v -3.826483 -7.302005 -5.540587
v -4.969021 5.157462 -6.795777
v 1.665622 9.459332 2.582991
v -3.106512 -8.274191 -4.562067
v -5.440723 3.404594 -7.502030
v 0.778193 9.809237 1.353746
v -5.703341 1.520889 -7.919984
v -0.343336 9.913654 -0.208979
v -5.746782 -0.421263 -8.033579
v -1.457881 9.640982 -1.772236
v -5.569377 -2.347228 -7.838447
v -2.516399 8.997810 -3.267387
v -5.177944 -4.182989 -7.342087
v -3.478215 8.008860 -4.636976
v 0.442004 9.889105 -0.672570
v -4.277514 -0.467194 -8.900896
v -0.400991 9.607943 -2.396125
v -4.281553 -2.387487 -8.598657
v -1.228576 8.957553 -4.027598
v -4.121055 -4.216027 -7.965976
v -2.008947 7.962929 -5.504293
v -3.802186 -5.882551 -7.027167
v -2.712116 6.662295 -6.769462
v -3.340981 -7.317182 -5.827182
v -3.311059 5.105632 -7.774483
v 1.895114 9.452158 2.447521
v -2.877020 -8.281364 -4.697537
v -3.782759 3.352764 -8.480736
v 1.263695 9.794060 1.067151
v -4.109092 1.471051 -8.861078
v -0.986800 6.456178 -7.410219
v -2.815564 -7.379952 -6.022315
v -1.516791 4.891279 -8.440850
v 2.143473 9.422487 2.355283
v -2.628662 -8.311035 -4.789774
v -1.988492 3.138410 -9.147103
v 1.789113 9.731291 0.872019
v -2.383777 1.264934 -9.501837
v 1.291909 9.787569 -0.988213
v -2.687454 -0.657153 -9.491422
v 0.742789 9.471298 -2.820908
v -2.887855 -2.553987 -9.116259
v 0.165123 8.791053 -4.545198
v -2.977274 -4.352671 -8.390759
v -0.418888 7.772971 -6.094819
v -2.952281 -5.984087 -7.342810
v -1.037707 -0.983840 -9.782463
v 1.929504 9.236302 -3.030264
v -1.441838 -2.840331 -9.371357
v 1.611139 8.504709 -4.800298
v -1.790561 -4.587667 -8.600114
v 1.230860 7.446283 -6.385860
v -2.070473 -6.158704 -7.498375
v 0.803280 6.101702 -7.726017
v -2.270424 -7.487902 -6.118485
v 0.344831 4.522635 -8.769268
v 2.401155 9.371461 2.309824
v -2.370980 -8.362062 -4.835233
v -0.126870 2.769767 -9.475521
v 2.334253 9.623341 0.775847
v -0.593697 0.910457 -9.817634
v 2.173718 9.612951 -1.143778
v -1.726511 -7.636884 -6.112000
v 2.202264 4.013871 -8.747118
v 2.658257 9.301039 2.312891
v -2.113878 -8.432484 -4.832168
v 1.730563 2.261003 -9.453371
v 2.878166 9.474359 0.782333
v 1.192356 0.421246 -9.796337
v 3.053543 9.371961 -1.133286
v 0.608328 -1.434700 -9.762835
v 3.113548 8.911984 -3.016144
v 0.000924 -3.235513 -9.354153
v 3.053902 8.109526 -4.783093
v -0.606516 -4.911985 -8.585995
v 2.876896 6.995422 -6.366232
v -1.190649 -6.399694 -7.487883
v 2.589333 5.612490 -7.704719
v 4.249421 8.510807 -2.779092
v 1.384988 -3.724349 -9.065304
v 4.437967 7.620690 -4.494245
v 0.529357 -5.313162 -8.348943
v 4.455965 6.437714 -6.036687
v -0.346619 -6.697796 -7.311738
v 4.302722 5.007340 -7.347143
v -1.204726 -7.821172 -6.003105
v 3.984129 3.384537 -8.375251
v 2.904900 9.213927 2.364364
v -1.867236 -8.519595 -4.780694
v 3.512428 1.631669 -9.081505
v 3.399951 9.290070 0.891227
v 2.905745 -0.183904 -9.438760
v 3.897573 9.073859 -0.957141
v 2.187398 -1.992409 -9.433290
v 5.621951 2.658818 -7.667958
v 3.131604 9.113475 2.462266
v -1.640532 -8.620048 -4.682793
v 5.150249 0.905949 -8.374211
v 3.879556 9.077557 1.098345
v 4.480626 -0.881734 -8.758648
v 4.673372 8.730103 -0.622112
v 3.638816 -2.635533 -8.806495
v 5.293471 8.048188 -2.328219
v 2.657169 -4.288053 -8.515913
v 5.710146 7.056987 -3.944854
v 1.573407 -5.775782 -7.898069
v 5.907382 5.794590 -5.409892
v 0.429180 -7.041553 -6.976708
v 5.877603 4.309510 -6.667030
v -0.725122 -8.033685 -5.795988
v 3.768571 -4.904960 -7.727092
v 6.821549 6.440080 -3.156033
v 2.485512 -6.282064 -7.250701
v 7.175373 5.090765 -4.509933
v 1.106936 -7.417755 -6.495670
v 7.253452 3.545816 -5.690517
v -0.306129 -8.266255 -5.498607
v 7.052786 1.864603 -6.652418
v 3.329657 9.003541 2.602835
v -1.442479 -8.729981 -4.542224
v 6.581085 0.111734 -7.358671
v 4.298549 8.844986 1.395726
v 5.856476 -1.645428 -7.782135
v 5.351127 8.353901 -0.141073
v 4.906807 -3.339358 -7.906536
v 6.205577 7.541905 -1.680851
v -1.280688 -8.845171 -4.364390
v 7.749950 -0.720455 -6.073913
v 4.640828 8.601295 1.771943
v 6.980422 -2.445637 -6.546749
v 5.904793 7.959711 0.467488
v 5.942641 -4.076835 -6.767997
v 6.950685 7.011415 -0.861865
v 4.676488 -5.551363 -6.729155
v 7.729465 5.793676 -2.158095
v 3.230619 -6.812554 -6.431715
v 8.211208 4.353288 -3.371395
v 1.660601 -7.811944 -5.887109
v 8.377398 2.745607 -4.455131
v 0.036151 -8.509946 -5.122391
v 8.221652 1.032413 -5.367661
v 3.491449 8.888351 2.780668
v 3.780097 -7.346865 -5.472586
v 8.975080 3.610499 -2.038031
v 2.068899 -8.208974 -5.174411
v 9.206249 1.939634 -3.008348
v 0.288563 -8.755392 -4.681796
v 9.083627 0.194229 -3.863055
v 3.610762 8.772331 2.988933
v -1.161375 -8.961190 -4.156126
v 8.611926 -1.558639 -4.569307
v 4.893241 8.355849 2.212538
v 7.809273 -3.251610 -5.099965
v 6.313091 7.562682 1.180186
v 6.706514 -4.819624 -5.434634
v 7.500163 6.477104 0.097265
v 5.346028 -6.202424 -5.560452
v 8.399005 5.142616 -0.989393
v 5.046088 8.118080 2.700578
v 8.311174 -4.032373 -3.497383
v 6.560332 7.178071 1.969632
v 7.169069 -5.539180 -3.957685
v 7.832893 5.959506 1.159680
v 5.751461 -6.833119 -4.265896
v 8.804440 4.511920 0.305163
v 4.112827 -7.864464 -4.410170
v 9.437635 2.890944 -0.561082
v 2.316140 -8.593584 -4.384966
v 9.708151 1.158870 -1.405766
v 0.441409 -8.993160 -4.193756
v 9.605587 -0.617738 -2.196424
v 3.683011 8.659941 3.219625
v -1.089126 -9.073582 -3.925435
v 9.133887 -2.370606 -2.902678
v 9.581097 2.222273 1.002693
v 2.392823 -8.950996 -3.549111
v 9.863817 0.433320 0.291029
v 0.488814 -9.214115 -3.677024
v 9.767473 -1.372285 -0.431816
v 3.705419 8.555498 3.463878
v -1.066718 -9.178024 -3.681181
v 9.295773 -3.125153 -1.138069
v 5.093493 7.897126 3.217310
v 8.466839 -4.757924 -1.800587
v 6.637014 6.820659 2.805487
v 7.312532 -6.207850 -2.393909
v 7.936090 5.478510 2.284552
v 5.877206 -7.419214 -2.895235
v 8.930184 3.925825 1.675824
v 4.216024 -8.345459 -3.285299
v 8.270288 -5.400378 -0.074787
v 6.540191 6.504181 3.655631
v 7.131388 -6.799939 -0.803403
v 7.805787 5.052602 3.428653
v 5.718432 -7.938184 -1.501145
v 8.771410 3.406855 3.069915
v 4.085722 -8.771368 -2.141198
v 9.399954 1.630184 2.593199
v 2.295998 -9.267474 -2.698967
v 9.667264 -0.209133 2.016830
v 0.428957 -9.409764 -3.151460
v 9.563066 -2.040414 1.362955
v 3.677125 8.463017 3.712307
v -1.095012 -9.270505 -3.432753
v 9.091365 -3.793283 0.656703
v 5.033636 7.701477 3.742875
v 2.029390 -9.530856 -1.867205
v 9.126046 -0.743802 3.705315
v 0.264138 -9.572588 -2.637259
v 9.000217 -2.596451 3.118921
v 3.599217 8.386051 3.955364
v -1.172920 -9.347470 -3.189696
v 8.528518 -4.349320 2.412668
v 4.868817 7.538652 4.257076
v 7.729069 -5.935046 1.613697
v 6.273582 6.240798 4.487393
v 6.632599 -7.292693 0.752713
v 7.446992 4.698149 4.548016
v 5.281240 -8.370087 -0.137197
v 8.334218 2.974953 4.433862
v 3.726927 -9.125820 -1.021835
v 8.901165 1.137431 4.149317
v 5.847435 6.040634 5.268808
v 5.835333 -7.667174 2.214639
v 6.873494 4.428772 5.599625
v 4.582430 -8.698322 1.144190
v 7.635408 2.646717 5.715250
v 3.153430 -9.395197 0.029773
v 8.103899 0.762949 5.611241
v 1.603243 -9.731021 -1.085790
v 8.260962 -1.150138 5.291595
v 0.000691 -9.696332 -2.154183
v 8.100560 -3.019027 4.768599
v 3.474688 8.327559 4.183709
v -1.297449 -9.405963 -2.961351
v 7.628860 -4.771895 4.062346
v 4.605370 7.414909 4.740152
v 6.863985 -6.341383 3.199979
v 7.105257 -1.412528 6.714715
v -0.351260 -9.776237 -1.720796
v 6.898667 -3.291903 6.248592
v 3.308324 8.289788 4.388566
v -1.463812 -9.443733 -2.756494
v 6.426966 -5.044770 5.542339
v 4.253418 7.335003 5.173540
v 5.708281 -6.603772 4.623097
v 5.278125 5.911379 5.969848
v 4.770228 -7.908994 3.526192
v 6.107332 4.254824 6.543066
v 3.648859 -8.910278 2.293777
v 6.701837 2.434761 6.864836
v 2.387267 -9.569145 0.973214
v 7.038795 0.521130 6.922794
v 1.033933 -9.860276 -0.384751
v 3.478217 -8.008857 4.636970
v 5.177948 4.182990 7.342083
v 2.516401 -8.997808 3.267382
v 5.569379 2.347230 7.838441
v 1.457883 -9.640980 1.772231
v 5.746784 0.421266 8.033573
v 0.343339 -9.913654 0.208973
v 5.703343 -1.520885 7.919979
v -0.778190 -9.809237 -1.353752
v 5.440725 -3.404591 7.502025
v 3.106519 8.274190 4.562064
v -1.665617 -9.459332 -2.582996
v 4.969024 -5.157459 6.795772
v 3.826488 7.302003 5.540583
v 4.306366 -6.712130 5.828362
v 4.587530 5.858001 6.563571
v -1.263692 -9.794060 -1.067158
v 3.782763 -3.352762 8.480729
v 2.877027 8.281363 4.697535
v -1.895108 -9.452158 -2.447526
v 3.311062 -5.105630 7.774477
v 3.340986 7.317181 5.827178
v 2.712119 -6.662292 6.769456
v 3.802191 5.882551 7.027163
v 2.008951 -7.962927 5.504288
v 4.121059 4.216029 7.965971
v 1.228578 -8.957551 4.027592
v 4.281557 2.387488 8.598652
v 0.400994 -9.607941 2.396119
v 4.277517 0.467197 8.900890
v -0.442001 -9.889104 0.672564
v 4.109095 -1.471048 8.861073
v -0.165121 -8.791051 4.545192
v 2.887857 2.553988 9.116251
v -0.742785 -9.471297 2.820903
v 2.687458 0.657155 9.491416
v -1.291906 -9.787568 0.988206
v 2.383780 -1.264931 9.501830
v -1.789109 -9.731290 -0.872025
v 1.988495 -3.138407 9.147096
v 2.628668 8.311034 4.789772
v -2.143467 -9.422487 -2.355289
v 1.516794 -4.891275 8.440843
v 2.815569 7.379951 6.022311
v 0.986805 -6.456175 7.410213
v 2.952286 5.984086 7.342805
v 0.418890 -7.772967 6.094813
v 2.977279 4.352673 8.390755
v 2.370987 8.362062 4.835231
v -2.401149 -9.371460 -2.309830
v -0.344827 -4.522632 8.769261
v 2.270429 7.487901 6.118482
v -0.803276 -6.101699 7.726011
v 2.070477 6.158704 7.498370
v -1.230856 -7.446281 6.385854
v 1.790565 4.587668 8.600109
v -1.611136 -8.504707 4.800292
v 1.441842 2.840332 9.371351
v -1.929500 -9.236300 3.030257
v 1.037711 0.983842 9.782456
v -2.173713 -9.612951 1.143771
v 0.593701 -0.910455 9.817628
v -2.334248 -9.623340 -0.775854
v 0.126875 -2.769763 9.475513
v -0.000920 3.235515 9.354145
v -3.113544 -8.911983 3.016139
v -0.608323 1.434703 9.762828
v -3.053537 -9.371961 1.133278
v -1.192352 -0.421243 9.796330
v -2.878161 -9.474359 -0.782340
v -1.730557 -2.261000 9.453363
v 2.113884 8.432484 4.832165
v -2.658251 -9.301039 -2.312896
v -2.202259 -4.013868 8.747110
v 1.726516 7.636882 6.111996
v -2.589328 -5.612487 7.704714
v 1.190654 6.399694 7.487878
v -2.876890 -6.995420 6.366226
v 0.606521 4.911986 8.585990
v -3.053898 -8.109524 4.783086
v -3.984123 -3.384534 8.375242
v 1.204731 7.821171 6.003101
v -4.302716 -5.007338 7.347136
v 0.346623 6.697796 7.311732
v -4.455960 -6.437711 6.036681
v -0.529352 5.313163 8.348938
v -4.437963 -7.620688 4.494238
v -1.384985 3.724351 9.065298
v -4.249416 -8.510806 2.779086
v -2.187392 1.992412 9.433283
v -3.897567 -9.073859 0.957134
v -2.905739 0.183906 9.438753
v -3.399946 -9.290070 -0.891234
v -3.512421 -1.631666 9.081495
v 1.867242 8.519594 4.780692
v -2.904892 -9.213927 -2.364368
v -5.293465 -8.048186 2.328213
v -3.638810 2.635535 8.806488
v -4.673366 -8.730103 0.622104
v -4.480619 0.881737 8.758640
v -3.879550 -9.077558 -1.098351
v -5.150242 -0.905947 8.374203
v 1.640539 8.620047 4.682790
v -3.131596 -9.113475 -2.462270
v -5.621943 -2.658815 7.667950
v 0.725127 8.033684 5.795984
v -5.877596 -4.309507 6.667023
v -0.429175 7.041552 6.976704
v -5.907377 -5.794588 5.409885
v -1.573401 5.775783 7.898065
v -5.710140 -7.056986 3.944847
v -2.657163 4.288054 8.515907
v 0.306134 8.266254 5.498603
v -7.253447 -3.545814 5.690512
v -1.106930 7.417754 6.495666
v -7.175366 -5.090764 4.509926
v -2.485507 6.282065 7.250697
v -6.821543 -6.440079 3.156027
v -3.768565 4.904960 7.727086
v -6.205570 -7.541904 1.680845
v -4.906800 3.339360 7.906529
v -5.351120 -8.353901 0.141067
v -5.856469 1.645430 7.782128
v -4.298542 -8.844987 -1.395732
v -6.581078 -0.111732 7.358664
v 1.442485 8.729980 4.542221
v -3.329649 -9.003541 -2.602839
v -7.052779 -1.864600 6.652411
v -5.942638 4.076836 6.767995
v -5.904786 -7.959712 -0.467494
v -6.980418 2.445639 6.546745
v -4.640822 -8.601296 -1.771949
v -7.749945 0.720457 6.073909
v 1.280693 8.845171 4.364388
v -3.491441 -8.888351 -2.780673
v -8.221647 -1.032411 5.367657
v -0.036147 8.509945 5.122388
v -8.377393 -2.745605 4.455127
v -1.660597 7.811944 5.887106
v -8.211203 -4.353287 3.371389
v -3.230616 6.812555 6.431712
v -7.729459 -5.793675 2.158090
v -4.676484 5.551364 6.729152
v -6.950678 -7.011415 0.861860
vn 0.0529 0.8849 0.4627
vn -0.1102 0.8401 0.5311
vn -0.2805 0.7612 0.5847
vn -0.4408 0.6527 0.6162
vn -0.5838 0.5196 0.6239
vn -0.7042 0.3669 0.6078
vn -0.7977 0.2006 0.5687
vn -0.8608 0.0269 0.5082
vn -0.8914 -0.1478 0.4283
vn -0.6821 -0.7311 -0.0165
vn 0.0378 0.9030 0.4281
vn -0.1376 0.8728 0.4683
vn -0.3201 0.8084 0.4941
vn -0.4911 0.7127 0.5010
vn -0.6428 0.5899 0.4887
vn -0.7697 0.4450 0.4578
vn -0.8671 0.2834 0.4096
vn -0.9316 0.1113 0.3460
vn -0.9609 -0.0650 0.2692
vn -0.9537 -0.2391 0.1822
vn -0.9103 -0.4044 0.0881
vn -0.8321 -0.5546 -0.0096
vn -0.7216 -0.6839 -0.1072
vn -0.5841 -0.7866 -0.2003
vn -0.4354 -0.8555 -0.2804
vn 0.0303 0.9200 0.3906
vn -0.1511 0.9038 0.4003
vn -0.3396 0.8532 0.3960
vn -0.5159 0.7695 0.3764
vn -0.6719 0.6567 0.3424
vn -0.8020 0.5191 0.2955
vn -0.9014 0.3620 0.2375
vn -0.9666 0.1914 0.1705
vn -0.9952 0.0136 0.0971
vn -0.9861 -0.1650 0.0199
vn -0.9395 -0.3376 -0.0582
vn -0.8569 -0.4977 -0.1342
vn -0.7412 -0.6391 -0.2053
vn -0.5977 -0.7555 -0.2682
vn -0.4428 -0.8384 -0.3179
vn 0.0308 0.9356 0.3518
vn -0.1503 0.9320 0.3298
vn -0.3384 0.8938 0.2942
vn -0.5143 0.8212 0.2471
vn -0.6701 0.7173 0.1907
vn -0.8000 0.5864 0.1272
vn -0.8993 0.4334 0.0589
vn -0.9644 0.2642 -0.0115
vn -0.9930 0.0849 -0.0815
vn -0.9841 -0.0977 -0.1484
vn -0.9377 -0.2769 -0.2099
vn -0.8554 -0.4460 -0.2635
vn -0.7400 -0.5985 -0.3071
vn -0.5968 -0.7274 -0.3387
vn -0.4424 -0.8228 -0.3567
vn 0.0392 0.9489 0.3130
vn -0.1351 0.9562 0.2595
vn -0.3165 0.9288 0.1927
vn -0.4865 0.8657 0.1182
vn -0.6374 0.7695 0.0394
vn -0.7637 0.6443 -0.0408
vn -0.8608 0.4948 -0.1192
vn -0.9252 0.3268 -0.1931
vn -0.9546 0.1463 -0.2596
vn -0.9478 -0.0398 -0.3164
vn -0.9050 -0.2248 -0.3612
vn -0.8275 -0.4016 -0.3924
vn -0.7180 -0.5635 -0.4086
vn -0.5816 -0.7031 -0.4091
vn -0.4340 -0.8095 -0.3954
vn 0.0551 0.9596 0.2759
vn -0.1061 0.9756 0.1921
vn -0.2746 0.9568 0.0953
vn -0.4334 0.9012 -0.0055
vn -0.5751 0.8112 -0.1058
vn -0.6945 0.6906 -0.2019
vn -0.7874 0.5439 -0.2901
vn -0.8504 0.3768 -0.3672
vn -0.8812 0.1954 -0.4305
vn -0.8786 0.0065 -0.4775
vn -0.8426 -0.1830 -0.5064
vn -0.7744 -0.3660 -0.5161
vn -0.6762 -0.5355 -0.5059
vn -0.5526 -0.6837 -0.4765
vn -0.4181 -0.7988 -0.4326
vn 0.0781 0.9672 0.2417
vn -0.0645 0.9894 0.1301
vn -0.2146 0.9767 0.0058
vn -0.3571 0.9265 -0.1191
vn -0.4855 0.8409 -0.2392
vn -0.5951 0.7235 -0.3499
vn -0.6820 0.5788 -0.4471
vn -0.7429 0.4124 -0.5273
vn -0.7757 0.2303 -0.5875
vn -0.7792 0.0394 -0.6255
vn -0.7531 -0.1534 -0.6398
vn -0.6981 -0.3408 -0.6297
vn -0.6161 -0.5156 -0.5954
vn -0.5110 -0.6700 -0.5385
vn -0.3951 -0.7912 -0.4668
vn 0.1071 0.9714 0.2119
vn -0.0118 0.9970 0.0759
vn -0.1385 0.9877 -0.0723
vn -0.2605 0.9405 -0.2184
vn -0.3721 0.8573 -0.3557
vn -0.4693 0.7417 -0.4792
vn -0.5485 0.5981 -0.5842
vn -0.6069 0.4321 -0.6671
vn -0.6423 0.2497 -0.7246
vn -0.6534 0.0576 -0.7548
vn -0.6397 -0.1370 -0.7564
vn -0.6015 -0.3268 -0.7290
vn -0.5401 -0.5046 -0.6736
vn -0.4583 -0.6623 -0.5927
vn -0.3661 -0.7870 -0.4966
vn 0.1411 0.9721 0.1875
vn 0.0499 0.9982 0.0317
vn -0.0494 0.9895 -0.1361
vn -0.1473 0.9427 -0.2995
vn -0.2393 0.8599 -0.4509
vn -0.3219 0.7446 -0.5848
vn -0.3922 0.6012 -0.6962
vn -0.4476 0.4352 -0.7812
vn -0.4860 0.2527 -0.8366
vn -0.5060 0.0605 -0.8604
vn -0.5068 -0.1344 -0.8515
vn -0.4883 -0.3246 -0.8101
vn -0.4510 -0.5028 -0.7374
vn -0.3966 -0.6611 -0.6369
vn -0.3321 -0.7863 -0.5209
vn 0.1788 0.9692 0.1696
vn 0.1183 0.9930 -0.0009
vn 0.0493 0.9818 -0.1832
vn -0.0219 0.9330 -0.3592
vn -0.0921 0.8486 -0.5210
vn -0.1586 0.7320 -0.6626
vn -0.2190 0.5878 -0.7788
vn -0.2710 0.4216 -0.8653
vn -0.3128 0.2394 -0.9192
vn -0.3427 0.0479 -0.9382
vn -0.3597 -0.1457 -0.9216
vn -0.3630 -0.3342 -0.8698
vn -0.3523 -0.5104 -0.7844
vn -0.3282 -0.6664 -0.6695
vn -0.2944 -0.7892 -0.5389
vn 0.2187 0.9628 0.1587
vn 0.1907 0.9814 -0.0206
vn 0.1538 0.9652 -0.2116
vn 0.1108 0.9118 -0.3953
vn 0.0637 0.8237 -0.5634
vn 0.0143 0.7044 -0.7097
vn -0.0356 0.5586 -0.8287
vn -0.0841 0.3918 -0.9162
vn -0.1293 0.2101 -0.9691
vn -0.1698 0.0203 -0.9853
vn -0.2038 -0.1706 -0.9640
vn -0.2302 -0.3554 -0.9059
vn -0.2478 -0.5271 -0.8129
vn -0.2558 -0.6779 -0.6892
vn -0.2545 -0.7956 -0.5497
vn 0.2592 0.9532 0.1554
vn 0.2644 0.9641 -0.0266
vn 0.2601 0.9401 -0.2204
vn 0.2459 0.8800 -0.4065
vn 0.2222 0.7863 -0.5765
vn 0.1902 0.6629 -0.7241
vn 0.1510 0.5146 -0.8440
vn 0.1061 0.3469 -0.9319
vn 0.0572 0.1661 -0.9844
vn 0.0061 -0.0212 -0.9998
vn -0.0453 -0.2080 -0.9771
vn -0.0951 -0.3873 -0.9170
vn -0.1415 -0.5522 -0.8216
vn -0.1822 -0.6953 -0.6952
vn -0.2139 -0.8052 -0.5531
vn 0.2990 0.9408 0.1597
vn 0.3365 0.9415 -0.0188
vn 0.3642 0.9076 -0.2091
vn 0.3780 0.8386 -0.3921
vn 0.3774 0.7378 -0.5597
vn 0.3624 0.6091 -0.7055
vn 0.3336 0.4575 -0.8243
vn 0.2922 0.2887 -0.9117
vn 0.2398 0.1090 -0.9647
vn 0.1783 -0.0750 -0.9811
vn 0.1098 -0.2565 -0.9603
vn 0.0370 -0.4286 -0.9027
vn -0.0374 -0.5847 -0.8104
vn -0.1101 -0.7179 -0.6874
vn -0.1742 -0.8176 -0.5488
vn 0.3363 0.9260 0.1715
vn 0.4042 0.9147 0.0025
vn 0.4619 0.8688 -0.1782
vn 0.5022 0.7894 -0.3530
vn 0.5232 0.6800 -0.5137
vn 0.5241 0.5450 -0.6545
vn 0.5052 0.3895 -0.7701
vn 0.4671 0.2194 -0.8565
vn 0.4114 0.0410 -0.9105
vn 0.3400 -0.1391 -0.9301
vn 0.2556 -0.3142 -0.9143
vn 0.1612 -0.4778 -0.8635
vn 0.0604 -0.6235 -0.7795
vn -0.0423 -0.7447 -0.6661
vn -0.1369 -0.8324 -0.5370
vn -0.2422 -0.8999 -0.3626
vn 0.3698 0.9094 0.1903
vn 0.4650 0.8846 0.0367
vn 0.5497 0.8254 -0.1290
vn 0.6137 0.7342 -0.2904
vn 0.6540 0.6152 -0.4402
vn 0.6693 0.4731 -0.5730
vn 0.6591 0.3132 -0.6837
vn 0.6240 0.1417 -0.7684
vn 0.5654 -0.0352 -0.8241
vn 0.4852 -0.2110 -0.8486
vn 0.3864 -0.3790 -0.8408
vn 0.2726 -0.5330 -0.8010
vn 0.1481 -0.6669 -0.7303
vn 0.0184 -0.7748 -0.6319
vn -0.1034 -0.8490 -0.5182
vn 0.3981 0.8917 0.2154
vn 0.5165 0.8523 0.0822
vn 0.6240 0.7789 -0.0632
vn 0.7081 0.6752 -0.2069
vn 0.7648 0.5459 -0.3422
vn 0.7922 0.3961 -0.4642
vn 0.7896 0.2316 -0.5683
vn 0.7570 0.0585 -0.6508
vn 0.6958 -0.1168 -0.7087
vn 0.6081 -0.2879 -0.7398
vn 0.4972 -0.4484 -0.7428
vn 0.3670 -0.5921 -0.7174
vn 0.2224 -0.7134 -0.6645
vn 0.0699 -0.8070 -0.5864
vn -0.0751 -0.8667 -0.4931
vn 0.4203 0.8735 0.2458
vn 0.5567 0.8193 0.1375
vn 0.6821 0.7311 0.0165
vn 0.7818 0.6145 -0.1056
vn 0.8514 0.4747 -0.2233
vn 0.8883 0.3171 -0.3322
vn 0.8914 0.1478 -0.4283
vn 0.8608 -0.0269 -0.5082
vn 0.7977 -0.2006 -0.5687
vn 0.7042 -0.3669 -0.6078
vn 0.5838 -0.5196 -0.6239
vn 0.4408 -0.6527 -0.6162
vn 0.2805 -0.7612 -0.5847
vn 0.1102 -0.8401 -0.5311
vn -0.0529 -0.8849 -0.4627
vn 0.4354 0.8555 0.2804
vn 0.5841 0.7866 0.2003
vn 0.7216 0.6839 0.1072
vn 0.8321 0.5546 0.0096
vn 0.9103 0.4044 -0.0881
vn 0.9537 0.2391 -0.1822
vn 0.9609 0.0650 -0.2692
vn 0.9316 -0.1113 -0.3460
vn 0.8671 -0.2834 -0.4096
vn 0.7697 -0.4450 -0.4578
vn 0.6428 -0.5899 -0.4887
vn 0.4911 -0.7127 -0.5010
vn 0.3201 -0.8084 -0.4941
vn 0.1376 -0.8728 -0.4683
vn -0.0378 -0.9030 -0.4281
vn 0.4429 0.8384 0.3179
vn 0.5977 0.7556 0.2682
vn 0.7412 0.6391 0.2053
vn 0.8569 0.4977 0.1342
vn 0.9395 0.3376 0.0582
vn 0.9861 0.1650 -0.0199
vn 0.9952 -0.0136 -0.0971
vn 0.9666 -0.1914 -0.1705
vn 0.9014 -0.3620 -0.2375
vn 0.8020 -0.5191 -0.2955
vn 0.6719 -0.6567 -0.3424
vn 0.5159 -0.7695 -0.3764
vn 0.3396 -0.8532 -0.3960
vn 0.1511 -0.9038 -0.4003
vn -0.0303 -0.9200 -0.3906
vn 0.4424 0.8228 0.3567
vn 0.5968 0.7274 0.3387
vn 0.7400 0.5985 0.3071
vn 0.8554 0.4460 0.2635
vn 0.9377 0.2769 0.2099
vn 0.9841 0.0977 0.1484
vn 0.9930 -0.0849 0.0815
vn 0.9644 -0.2642 0.0115
vn 0.8993 -0.4334 -0.0589
vn 0.8000 -0.5864 -0.1272
vn 0.6701 -0.7173 -0.1907
vn 0.5143 -0.8212 -0.2471
vn 0.3384 -0.8938 -0.2942
vn 0.1503 -0.9320 -0.3298
vn -0.0308 -0.9356 -0.3518
vn 0.2422 0.8999 0.3626
vn 0.4340 0.8095 0.3954
vn 0.5816 0.7031 0.4091
vn 0.7180 0.5635 0.4086
vn 0.8275 0.4016 0.3924
vn 0.9050 0.2248 0.3612
vn 0.9478 0.0398 0.3164
vn 0.9546 -0.1463 0.2596
vn 0.9252 -0.3268 0.1931
vn 0.8608 -0.4948 0.1192
vn 0.7637 -0.6443 0.0408
vn 0.6374 -0.7695 -0.0394
vn 0.4865 -0.8657 -0.1182
vn 0.3165 -0.9288 -0.1927
vn 0.1351 -0.9562 -0.2595
vn -0.0392 -0.9489 -0.3130
vn 0.4181 0.7988 0.4326
vn 0.5526 0.6837 0.4765
vn 0.6762 0.5355 0.5059
vn 0.7744 0.3660 0.5161
vn 0.8426 0.1830 0.5064
vn 0.8786 -0.0065 0.4775
vn 0.8812 -0.1954 0.4305
vn 0.8504 -0.3768 0.3672
vn 0.7874 -0.5439 0.2901
vn 0.6945 -0.6906 0.2019
vn 0.5751 -0.8112 0.1058
vn 0.4334 -0.9012 0.0055
vn 0.2746 -0.9568 -0.0953
vn 0.1061 -0.9756 -0.1920
vn -0.0551 -0.9596 -0.2759
vn 0.3951 0.7912 0.4668
vn 0.5110 0.6700 0.5385
vn 0.6161 0.5156 0.5954
vn 0.6981 0.3408 0.6297
vn 0.7531 0.1534 0.6398
vn 0.7792 -0.0394 0.6255
vn 0.7757 -0.2303 0.5875
vn 0.7429 -0.4124 0.5273
vn 0.6820 -0.5788 0.4471
vn 0.5951 -0.7235 0.3499
vn 0.4855 -0.8409 0.2392
vn 0.3571 -0.9265 0.1191
vn 0.2146 -0.9767 -0.0058
vn 0.0645 -0.9894 -0.1301
vn -0.0781 -0.9672 -0.2417
vn 0.3661 0.7870 0.4966
vn 0.4583 0.6623 0.5927
vn 0.5401 0.5046 0.6736
vn 0.6015 0.3268 0.7290
vn 0.6397 0.1370 0.7564
vn 0.6534 -0.0576 0.7548
vn 0.6423 -0.2497 0.7246
vn 0.6069 -0.4321 0.6671
vn 0.5485 -0.5981 0.5842
vn 0.4693 -0.7417 0.4792
vn 0.3721 -0.8573 0.3557
vn 0.2605 -0.9405 0.2184
vn 0.1385 -0.9877 0.0723
vn 0.0118 -0.9970 -0.0759
vn -0.1071 -0.9714 -0.2119
vn 0.3321 0.7863 0.5209
vn 0.3966 0.6611 0.6369
vn 0.4510 0.5028 0.7374
vn 0.4883 0.3246 0.8101
vn 0.5068 0.1344 0.8515
vn 0.5060 -0.0605 0.8604
vn 0.4860 -0.2527 0.8366
vn 0.4476 -0.4352 0.7812
vn 0.3922 -0.6012 0.6962
vn 0.3219 -0.7446 0.5848
vn 0.2393 -0.8599 0.4509
vn 0.1473 -0.9427 0.2995
vn 0.0494 -0.9895 0.1361
vn -0.0499 -0.9982 -0.0317
vn -0.1411 -0.9721 -0.1875
vn 0.2944 0.7892 0.5389
vn 0.3282 0.6664 0.6695
vn 0.3523 0.5104 0.7844
vn 0.3630 0.3342 0.8698
vn 0.3597 0.1457 0.9216
vn 0.3427 -0.0479 0.9382
vn 0.3128 -0.2394 0.9192
vn 0.2710 -0.4216 0.8653
vn 0.2190 -0.5878 0.7788
vn 0.1586 -0.7320 0.6626
vn 0.0921 -0.8486 0.5210
vn 0.0219 -0.9330 0.3592
vn -0.0493 -0.9818 0.1832
vn -0.1183 -0.9930 0.0009
vn -0.1788 -0.9692 -0.1696
vn 0.2545 0.7956 0.5497
vn 0.2558 0.6779 0.6892
vn 0.2478 0.5271 0.8129
vn 0.2302 0.3554 0.9059
vn 0.2038 0.1706 0.9640
vn 0.1698 -0.0203 0.9853
vn 0.1293 -0.2101 0.9691
vn 0.0841 -0.3918 0.9162
vn 0.0356 -0.5586 0.8287
vn -0.0143 -0.7044 0.7097
vn -0.0637 -0.8237 0.5634
vn -0.1108 -0.9118 0.3953
vn -0.1538 -0.9652 0.2116
vn -0.1907 -0.9814 0.0206
vn -0.2187 -0.9628 -0.1587
vn 0.2139 0.8052 0.5531
vn 0.1822 0.6953 0.6952
vn 0.1415 0.5522 0.8216
vn 0.0951 0.3873 0.9170
vn 0.0453 0.2080 0.9771
vn -0.0061 0.0212 0.9998
vn -0.0572 -0.1661 0.9844
vn -0.1061 -0.3469 0.9319
vn -0.1510 -0.5146 0.8440
vn -0.1902 -0.6629 0.7241
vn -0.2222 -0.7863 0.5765
vn -0.2459 -0.8800 0.4065
vn -0.2601 -0.9401 0.2204
vn -0.2644 -0.9641 0.0266
vn -0.2592 -0.9532 -0.1554
vn 0.1742 0.8176 0.5488
vn 0.1101 0.7179 0.6874
vn 0.0374 0.5847 0.8104
vn -0.0370 0.4286 0.9027
vn -0.1098 0.2565 0.9603
vn -0.1783 0.0750 0.9811
vn -0.2398 -0.1090 0.9647
vn -0.2922 -0.2887 0.9117
vn -0.3336 -0.4575 0.8243
vn -0.3624 -0.6091 0.7055
vn -0.3774 -0.7378 0.5597
vn -0.3780 -0.8386 0.3921
vn -0.3642 -0.9076 0.2091
vn -0.3365 -0.9415 0.0188
vn -0.2990 -0.9408 -0.1597
vn 0.1369 0.8324 0.5370
vn 0.0423 0.7447 0.6661
vn -0.0604 0.6235 0.7795
vn -0.1612 0.4778 0.8635
vn -0.2556 0.3142 0.9143
vn -0.3400 0.1391 0.9301
vn -0.4114 -0.0410 0.9105
vn -0.4671 -0.2194 0.8565
vn -0.5052 -0.3895 0.7701
vn -0.5241 -0.5450 0.6545
vn -0.5232 -0.6800 0.5137
vn -0.5022 -0.7894 0.3530
vn -0.4619 -0.8688 0.1782
vn -0.4042 -0.9147 -0.0025
vn -0.3363 -0.9260 -0.1715
vn 0.1034 0.8490 0.5182
vn -0.0184 0.7748 0.6319
vn -0.1481 0.6669 0.7303
vn -0.2726 0.5330 0.8010
vn -0.3864 0.3790 0.8408
vn -0.4852 0.2110 0.8486
vn -0.5654 0.0352 0.8241
vn -0.6240 -0.1417 0.7684
vn -0.6591 -0.3132 0.6837
vn -0.6693 -0.4731 0.5730
vn -0.6540 -0.6152 0.4402
vn -0.6137 -0.7342 0.2904
vn -0.5497 -0.8254 0.1290
vn -0.4650 -0.8846 -0.0367
vn -0.3698 -0.9094 -0.1903
vn 0.0751 0.8667 0.4931
vn -0.0699 0.8070 0.5864
vn -0.2224 0.7134 0.6645
vn -0.3670 0.5921 0.7174
vn -0.4972 0.4484 0.7428
vn -0.6081 0.2879 0.7398
vn -0.6958 0.1168 0.7087
vn -0.7570 -0.0585 0.6508
vn -0.7896 -0.2316 0.5683
vn -0.7922 -0.3961 0.4642
vn -0.7648 -0.5459 0.3422
vn -0.7081 -0.6752 0.2069
vn -0.6240 -0.7789 0.0632
vn -0.5165 -0.8523 -0.0822
vn -0.3981 -0.8917 -0.2154
vn -0.8883 -0.3171 0.3322
vn -0.8514 -0.4747 0.2233
vn -0.7818 -0.6145 0.1056
vn -0.5567 -0.8193 -0.1375
vn -0.4203 -0.8735 -0.2458
vn -0.0274 0.8665 0.4984
vn -0.1957 0.8047 0.5604
vn -0.3624 0.7103 0.6034
vn -0.5148 0.5889 0.6230
vn -0.6471 0.4453 0.6188
vn -0.7545 0.2851 0.5911
vn -0.8332 0.1143 0.5410
vn -0.8803 -0.0607 0.4705
vn -0.0487 0.8918 0.4497
vn -0.2293 0.8448 0.4834
vn -0.4076 0.7642 0.4999
vn -0.5697 0.6544 0.4972
vn -0.7096 0.5199 0.4755
vn -0.8223 0.3659 0.4358
vn -0.9036 0.1983 0.3796
vn -0.9507 0.0233 0.3091
vn -0.9619 -0.1528 0.2268
vn -0.9365 -0.3232 0.1358
vn -0.8754 -0.4817 0.0395
vn -0.7807 -0.6222 -0.0586
vn -0.6556 -0.7391 -0.1548
vn -0.5107 -0.8250 -0.2420
vn -0.7043 -0.7073 -0.0607
vn -0.7409 0.4063 0.5347
vn -0.6169 0.5550 0.5580
vn -0.8366 0.2424 0.4912
vn -0.9006 0.0694 0.4291
vn 0.0400 0.8934 0.4475
vn -0.9304 -0.1061 0.3508
vn -0.1256 0.8566 0.5005
vn -0.3027 0.7850 0.5406
vn -0.4690 0.6829 0.5600
vn -0.0592 0.9159 0.3971
vn -0.2459 0.8829 0.4001
vn -0.4299 0.8152 0.3880
vn -0.5968 0.7165 0.3611
vn -0.7405 0.5907 0.3205
vn -0.8558 0.4426 0.2678
vn -0.9385 0.2780 0.2050
vn -0.9856 0.1030 0.1344
vn -0.9954 -0.0760 0.0588
vn -0.9674 -0.2524 -0.0192
vn -0.9026 -0.4196 -0.0966
vn -0.8030 -0.5711 -0.1705
vn -0.6722 -0.7011 -0.2381
vn -0.5212 -0.8010 -0.2947
vn -0.8477 -0.5256 -0.0710
vn -0.9288 -0.3704 0.0160
vn -0.6612 0.6239 0.4166
vn -0.5067 0.7416 0.4396
vn -0.7340 -0.6611 -0.1555
vn -0.7901 0.4827 0.3778
vn -0.5927 -0.7708 -0.2338
vn -0.8888 0.3234 0.3248
vn -0.4443 -0.8451 -0.2973
vn -0.9537 0.1521 0.2595
vn 0.0284 0.9114 0.4105
vn -0.9825 -0.0250 0.1844
vn -0.1462 0.8886 0.4348
vn -0.9742 -0.2014 0.1022
vn -0.3324 0.8312 0.4457
vn -0.0585 0.9377 0.3424
vn -0.2449 0.9174 0.3136
vn -0.4285 0.8616 0.2720
vn -0.5951 0.7729 0.2200
vn -0.7386 0.6549 0.1597
vn -0.8537 0.5123 0.0935
vn -0.9363 0.3504 0.0238
vn -0.9834 0.1754 -0.0467
vn -0.9933 -0.0064 -0.1155
vn -0.9655 -0.1882 -0.1800
vn -0.9009 -0.3632 -0.2378
vn -0.8016 -0.5247 -0.2866
vn -0.6711 -0.6665 -0.3246
vn -0.5205 -0.7791 -0.3493
vn 0.0248 0.9282 0.3713
vn -0.4479 -0.8284 -0.3364
vn -0.9987 0.0503 0.0082
vn -0.9702 0.2289 0.0799
vn -0.1526 0.9183 0.3652
vn -0.9894 -0.1303 -0.0639
vn -0.3416 0.8741 0.3453
vn -0.9425 -0.3063 -0.1337
vn -0.5184 0.7962 0.3120
vn -0.8595 -0.4711 -0.1986
vn -0.6749 0.6879 0.2669
vn -0.7432 -0.6182 -0.2560
vn -0.8053 0.5537 0.2117
vn -0.5991 -0.7410 -0.3033
vn -0.9049 0.3988 0.1486
vn -0.0468 0.9565 0.2879
vn -0.2263 0.9471 0.2274
vn -0.4035 0.9016 0.1562
vn -0.5647 0.8215 0.0791
vn -0.7040 0.7102 -0.0007
vn -0.8161 0.5722 -0.0804
vn -0.8972 0.4127 -0.1569
vn -0.9443 0.2377 -0.2274
vn -0.9557 0.0536 -0.2894
vn -0.9308 -0.1329 -0.3404
vn -0.8704 -0.3146 -0.3786
vn -0.7765 -0.4848 -0.4024
vn -0.6525 -0.6368 -0.4108
vn -0.5088 -0.7603 -0.4038
vn -0.6576 0.7446 0.1146
vn -0.5037 0.8444 0.1823
vn -0.7316 -0.5802 -0.3581
vn -0.8447 -0.4228 -0.3283
vn -0.7861 0.6166 0.0427
vn -0.5910 -0.7147 -0.3741
vn -0.8845 0.4655 -0.0306
vn -0.4434 -0.8135 -0.3763
vn -0.9494 0.2969 -0.1028
vn 0.0293 0.9430 0.3315
vn -0.9783 0.1170 -0.1710
vn -0.1445 0.9447 0.2945
vn -0.9702 -0.0674 -0.2329
vn -0.3300 0.9121 0.2432
vn -0.9251 -0.2497 -0.2860
vn -0.0243 0.9715 0.2356
vn -0.1908 0.9709 0.1447
vn -0.3558 0.9335 0.0451
vn -0.5067 0.8603 -0.0560
vn -0.6379 0.7545 -0.1546
vn -0.7445 0.6202 -0.2472
vn -0.8228 0.4625 -0.3302
vn -0.8699 0.2875 -0.4008
vn -0.8841 0.1015 -0.4561
vn -0.8648 -0.0886 -0.4943
vn -0.8124 -0.2758 -0.5137
vn -0.7289 -0.4529 -0.5135
vn -0.6170 -0.6130 -0.4935
vn -0.4863 -0.7453 -0.4561
vn -0.9221 0.1726 -0.3464
vn -0.8921 0.3535 -0.2815
vn -0.1223 0.9666 0.2252
vn 0.0418 0.9554 0.2925
vn -0.9172 -0.0151 -0.3982
vn -0.2980 0.9438 0.1432
vn -0.8774 -0.2025 -0.4350
vn -0.4630 0.8846 0.0554
vn -0.8040 -0.3826 -0.4552
vn -0.6098 0.7918 -0.0344
vn -0.6995 -0.5485 -0.4580
vn -0.7331 0.6690 -0.1226
vn -0.5688 -0.6927 -0.4433
vn -0.8283 0.5210 -0.2060
vn -0.4309 -0.8012 -0.4153
vn 0.0080 0.9822 0.1876
vn -0.1397 0.9878 0.0687
vn -0.2872 0.9562 -0.0570
vn -0.4233 0.8879 -0.1801
vn -0.5429 0.7859 -0.2960
vn -0.6416 0.6542 -0.4004
vn -0.7158 0.4979 -0.4895
vn -0.7629 0.3229 -0.5600
vn -0.7812 0.1355 -0.6094
vn -0.7698 -0.0572 -0.6357
vn -0.7291 -0.2482 -0.6378
vn -0.6603 -0.4302 -0.6156
vn -0.5660 -0.5961 -0.5695
vn -0.4540 -0.7346 -0.5042
vn -0.6483 -0.5245 -0.5519
vn -0.7390 -0.3521 -0.5744
vn -0.6484 0.7088 -0.2779
vn -0.5335 0.8276 -0.1743
vn -0.5334 -0.6761 -0.5084
vn -0.7385 0.5632 -0.3707
vn -0.4109 -0.7918 -0.4519
vn -0.8005 0.3965 -0.4494
vn 0.0618 0.9647 0.2559
vn -0.8322 0.2148 -0.5111
vn -0.0868 0.9833 0.1602
vn -0.8325 0.0247 -0.5535
vn -0.2468 0.9678 0.0494
vn -0.8011 -0.1666 -0.5749
vn -0.3979 0.9152 -0.0639
vn 0.0488 0.9881 0.1456
vn -0.0751 0.9972 0.0023
vn -0.2005 0.9687 -0.1461
vn -0.3178 0.9032 -0.2885
vn -0.4228 0.8033 -0.4195
vn -0.5114 0.6731 -0.5343
vn -0.5805 0.5176 -0.6286
vn -0.6276 0.3425 -0.6992
vn -0.6509 0.1544 -0.7433
vn -0.6496 -0.0398 -0.7592
vn -0.6236 -0.2329 -0.7463
vn -0.5736 -0.4176 -0.7047
vn -0.5014 -0.5867 -0.6359
vn -0.4132 -0.7287 -0.5461
vn -0.7193 0.0504 -0.6928
vn -0.7122 0.2420 -0.6589
vn -0.1784 0.9833 -0.0349
vn -0.0394 0.9940 0.1018
vn -0.6991 -0.1435 -0.7005
vn -0.3111 0.9349 -0.1708
vn -0.6521 -0.3323 -0.6814
vn -0.4315 0.8508 -0.2999
vn -0.5799 -0.5089 -0.6361
vn -0.5352 0.7345 -0.4172
vn -0.4860 -0.6653 -0.5667
vn -0.6185 0.5905 -0.5185
vn -0.3842 -0.7858 -0.4847
vn -0.6782 0.4243 -0.6001
vn 0.0885 0.9708 0.2230
vn 0.0966 0.9891 0.1113
vn 0.0006 0.9987 -0.0519
vn -0.0989 0.9707 -0.2189
vn -0.1943 0.9056 -0.3770
vn -0.2820 0.8060 -0.5204
vn -0.3588 0.6761 -0.6436
vn -0.4219 0.5207 -0.7423
vn -0.4690 0.3456 -0.8128
vn -0.4984 0.1574 -0.8526
vn -0.5089 -0.0370 -0.8601
vn -0.5000 -0.2305 -0.8348
vn -0.4720 -0.4156 -0.7775
vn -0.4257 -0.5853 -0.6901
vn -0.3654 -0.7278 -0.5804
vn -0.4285 -0.6609 -0.6162
vn -0.4970 -0.5025 -0.7074
vn -0.4729 0.6017 -0.6437
vn -0.3980 0.7451 -0.5352
vn -0.3519 -0.7833 -0.5125
vn -0.5298 0.4357 -0.7276
vn 0.1208 0.9733 0.1952
vn -0.5666 0.2533 -0.7841
vn 0.0180 0.9985 0.0524
vn -0.5821 0.0610 -0.8109
vn -0.0954 0.9898 -0.1062
vn -0.5754 -0.1339 -0.8068
vn -0.2057 0.9431 -0.2614
vn -0.5467 -0.3242 -0.7720
vn -0.3078 0.8604 -0.4062
vn 0.1496 0.9850 0.0861
vn 0.0844 0.9922 -0.0919
vn 0.0137 0.9620 -0.2726
vn -0.0573 0.8950 -0.4423
vn -0.1260 0.7940 -0.5947
vn -0.1897 0.6630 -0.7241
vn -0.2462 0.5071 -0.8260
vn -0.2933 0.3321 -0.8965
vn -0.3293 0.1444 -0.9331
vn -0.3529 -0.0491 -0.9344
vn -0.3631 -0.2411 -0.9000
vn -0.3594 -0.4243 -0.8311
vn -0.3418 -0.5917 -0.7301
vn -0.3124 -0.7318 -0.6057
vn -0.0011 0.9868 -0.1619
vn 0.0834 0.9964 0.0138
vn -0.4347 -0.1383 -0.8899
vn -0.4260 0.0561 -0.9030
vn -0.0859 0.9393 -0.3322
vn -0.4269 -0.3279 -0.8428
vn -0.1672 0.8560 -0.4893
vn -0.4026 -0.5055 -0.7631
vn -0.2419 0.7402 -0.6274
vn -0.3631 -0.6629 -0.6547
vn -0.3073 0.5966 -0.7414
vn -0.3151 -0.7844 -0.5343
vn -0.3610 0.4305 -0.8273
vn 0.1576 0.9721 0.1735
vn -0.4011 0.2481 -0.8818
vn 0.2058 0.9760 0.0708
vn 0.1732 0.9780 -0.1161
vn 0.1329 0.9430 -0.3050
vn 0.0877 0.8719 -0.4817
vn 0.0392 0.7677 -0.6396
vn -0.0107 0.6345 -0.7729
vn -0.0601 0.4774 -0.8766
vn -0.1072 0.3024 -0.9471
vn -0.1503 0.1158 -0.9818
vn -0.1877 -0.0754 -0.9793
vn -0.2181 -0.2642 -0.9395
vn -0.2401 -0.4433 -0.8636
vn -0.2530 -0.6059 -0.7542
vn -0.2562 -0.7408 -0.6209
vn -0.1281 0.5751 -0.8080
vn -0.0730 0.7200 -0.6901
vn -0.2752 -0.7892 -0.5491
vn -0.2924 -0.6714 -0.6810
vn -0.1784 0.4086 -0.8951
vn 0.1974 0.9674 0.1587
vn -0.2219 0.2267 -0.9484
vn 0.1542 0.9880 -0.0124
vn -0.2570 0.0360 -0.9657
vn 0.1011 0.9746 -0.1998
vn -0.2825 -0.1565 -0.9464
vn 0.0438 0.9238 -0.3803
vn -0.2972 -0.3434 -0.8909
vn -0.0149 0.8378 -0.5458
vn -0.3005 -0.5177 -0.8011
vn 0.2629 0.9626 0.0661
vn 0.2635 0.9567 -0.1235
vn 0.2542 0.9144 -0.3150
vn 0.2352 0.8371 -0.4939
vn 0.2072 0.7280 -0.6535
vn 0.1714 0.5915 -0.7879
vn 0.1292 0.4328 -0.8922
vn 0.0821 0.2577 -0.9627
vn 0.0318 0.0729 -0.9968
vn -0.0197 -0.1151 -0.9932
vn -0.0705 -0.2990 -0.9516
vn -0.1189 -0.4720 -0.8736
vn -0.1627 -0.6272 -0.7617
vn -0.1991 -0.7543 -0.6256
vn -0.1245 -0.1878 -0.9743
vn -0.0818 0.0012 -0.9966
vn 0.1784 0.8972 -0.4041
vn 0.2070 0.9536 -0.2185
vn -0.1626 -0.3701 -0.9147
vn 0.1430 0.8065 -0.5737
vn -0.1946 -0.5387 -0.8198
vn 0.1023 0.6853 -0.7210
vn -0.2190 -0.6859 -0.6940
vn 0.0578 0.5383 -0.8407
vn -0.2339 -0.7973 -0.5563
vn 0.0111 0.3711 -0.9285
vn 0.2388 0.9592 0.1514
vn -0.0360 0.1899 -0.9811
vn 0.2276 0.9734 -0.0254
vn 0.3187 0.9451 0.0721
vn 0.3519 0.9291 -0.1139
vn 0.3729 0.8773 -0.3021
vn 0.3795 0.7920 -0.4783
vn 0.3716 0.6766 -0.6357
vn 0.3496 0.5358 -0.7686
vn 0.3144 0.3749 -0.8721
vn 0.2673 0.1998 -0.9427
vn 0.2101 0.0171 -0.9775
vn 0.1448 -0.1665 -0.9754
vn 0.0738 -0.3441 -0.9360
vn -0.0002 -0.5091 -0.8607
vn -0.0743 -0.6548 -0.7521
vn -0.1433 -0.7717 -0.6196
vn -0.1927 -0.8086 -0.5559
vn -0.1457 -0.7060 -0.6931
vn 0.2002 0.3193 -0.9263
vn 0.2432 0.4875 -0.8385
vn 0.2800 0.9479 0.1519
vn 0.1495 0.1391 -0.9789
vn 0.3008 0.9534 -0.0245
vn 0.0931 -0.0467 -0.9946
vn 0.3127 0.9247 -0.2172
vn 0.0331 -0.2309 -0.9724
vn 0.3126 0.8604 -0.4025
vn -0.0284 -0.4068 -0.9131
vn 0.3006 0.7633 -0.5718
vn -0.0889 -0.5676 -0.8185
vn 0.2772 0.6374 -0.7189
vn 0.3712 0.9243 0.0887
vn 0.4350 0.8962 -0.0877
vn 0.4844 0.8331 -0.2669
vn 0.5152 0.7382 -0.4355
vn 0.5261 0.6154 -0.5869
vn 0.5171 0.4694 -0.7157
vn 0.4885 0.3059 -0.8172
vn 0.4414 0.1308 -0.8877
vn 0.3775 -0.0492 -0.9247
vn 0.2993 -0.2277 -0.9266
vn 0.2094 -0.3979 -0.8932
vn 0.1114 -0.5533 -0.8255
vn 0.0087 -0.6878 -0.7259
vn -0.0908 -0.7925 -0.6030
vn -0.1889 -0.8701 -0.4553
vn 0.4414 0.8149 -0.3756
vn 0.4141 0.8889 -0.1961
vn 0.1004 -0.4523 -0.8862
vn 0.1842 -0.2843 -0.9409
vn 0.4518 0.7099 -0.5403
vn 0.0125 -0.6034 -0.7973
vn 0.4449 0.5782 -0.6839
vn -0.0755 -0.7308 -0.6784
vn 0.4212 0.4247 -0.8014
vn -0.1532 -0.8226 -0.5476
vn 0.3815 0.2553 -0.8884
vn 0.3195 0.9339 0.1601
vn 0.3274 0.0762 -0.9418
vn 0.3711 0.9286 -0.0099
vn 0.2608 -0.1059 -0.9596
vn 0.4184 0.9010 0.1152
vn 0.5095 0.8592 -0.0459
vn 0.5845 0.7835 -0.2108
vn 0.6369 0.6779 -0.3671
vn 0.6648 0.5467 -0.5091
vn 0.6674 0.3950 -0.6314
vn 0.6446 0.2285 -0.7295
vn 0.5975 0.0535 -0.8001
vn 0.5278 -0.1237 -0.8403
vn 0.4379 -0.2964 -0.8488
vn 0.3311 -0.4582 -0.8249
vn 0.2114 -0.6028 -0.7693
vn 0.0833 -0.7247 -0.6840
vn -0.0437 -0.8159 -0.5766
vn 0.5482 0.1814 -0.8164
vn 0.5847 0.3522 -0.7308
vn 0.3559 0.9178 0.1758
vn -0.1168 -0.8387 -0.5319
vn 0.4910 0.0038 -0.8712
vn 0.4356 0.8999 0.0180
vn 0.4150 -0.1742 -0.8930
vn 0.5073 0.8476 -0.1558
vn 0.3232 -0.3459 -0.8808
vn 0.5598 0.7624 -0.3245
vn 0.2188 -0.5048 -0.8351
vn 0.5908 0.6484 -0.4802
vn 0.1057 -0.6447 -0.7571
vn 0.5991 0.5098 -0.6173
vn -0.0109 -0.7594 -0.6505
vn 0.4583 0.8760 0.1505
vn 0.5726 0.8197 0.0100
vn 0.6693 0.7305 -0.1357
vn 0.7400 0.6134 -0.2759
vn 0.7822 0.4732 -0.4051
vn 0.7947 0.3154 -0.5187
vn 0.7770 0.1458 -0.6125
vn 0.7298 -0.0293 -0.6830
vn 0.6551 -0.2033 -0.7277
vn 0.5554 -0.3699 -0.7448
vn 0.4343 -0.5227 -0.7336
vn 0.2962 -0.6559 -0.6943
vn 0.1464 -0.7642 -0.6282
vn -0.0037 -0.8409 -0.5413
vn 0.3222 -0.5622 -0.7617
vn 0.4446 -0.4133 -0.7947
vn 0.7122 0.5810 -0.3941
vn 0.6632 0.7050 -0.2511
vn 0.1871 -0.6899 -0.6993
vn 0.7338 0.4351 -0.5217
vn 0.0455 -0.7907 -0.6105
vn 0.7276 0.2729 -0.6294
vn -0.0850 -0.8563 -0.5094
vn 0.6939 0.1006 -0.7131
vn 0.3877 0.9002 0.1984
vn 0.6338 -0.0756 -0.7698
vn 0.4920 0.8686 0.0581
vn 0.5497 -0.2490 -0.7974
vn 0.5887 0.8024 -0.0980
vn 0.4894 0.8503 0.1933
vn 0.6220 0.7792 0.0777
vn 0.7355 0.6760 -0.0448
vn 0.8205 0.5472 -0.1653
vn 0.8740 0.3978 -0.2791
vn 0.8941 0.2336 -0.3821
vn 0.8803 0.0607 -0.4705
vn 0.8332 -0.1143 -0.5410
vn 0.7545 -0.2851 -0.5911
vn 0.6471 -0.4453 -0.6188
vn 0.5148 -0.5889 -0.6230
vn 0.3624 -0.7103 -0.6034
vn 0.1957 -0.8047 -0.5604
vn 0.0274 -0.8665 -0.4984
vn -0.0591 -0.8748 -0.4808
vn 0.7506 -0.1587 -0.6415
vn 0.8128 0.0159 -0.5823
vn 0.5381 0.8358 0.1087
vn 0.4136 0.8817 0.2269
vn 0.6598 -0.3273 -0.6764
vn 0.6552 0.7550 -0.0249
vn 0.5438 -0.4839 -0.6857
vn 0.7477 0.6449 -0.1582
vn 0.4067 -0.6223 -0.6688
vn 0.8113 0.5104 -0.2851
vn 0.2537 -0.7373 -0.6262
vn 0.8439 0.3567 -0.4008
vn 0.0916 -0.8235 -0.5598
vn 0.8443 0.1898 -0.5011
vn 0.5107 0.8250 0.2420
vn 0.6556 0.7391 0.1548
vn 0.7807 0.6222 0.0586
vn 0.8754 0.4817 -0.0395
vn 0.9365 0.3232 -0.1358
vn 0.9619 0.1528 -0.2268
vn 0.9507 -0.0233 -0.3091
vn 0.9036 -0.1983 -0.3796
vn 0.8223 -0.3659 -0.4358
vn 0.7096 -0.5199 -0.4755
vn 0.5697 -0.6544 -0.4972
vn 0.4076 -0.7642 -0.4999
vn 0.2293 -0.8448 -0.4834
vn 0.0487 -0.8918 -0.4497
vn 0.3027 -0.7850 -0.5406
vn 0.4690 -0.6829 -0.5600
vn 0.9250 0.2778 -0.2591
vn 0.8845 0.4393 -0.1574
vn 0.1256 -0.8566 -0.5005
vn 0.9304 0.1061 -0.3508
vn -0.0400 -0.8934 -0.4475
vn 0.9006 -0.0694 -0.4291
vn 0.4327 0.8631 0.2603
vn 0.8366 -0.2424 -0.4912
vn 0.5721 0.8028 0.1680
vn 0.7409 -0.4063 -0.5347
vn 0.7043 0.7073 0.0607
vn 0.6169 -0.5550 -0.5580
vn 0.8100 0.5843 -0.0495
vn 0.5212 0.8010 0.2947
vn 0.6722 0.7011 0.2381
vn 0.8030 0.5711 0.1705
vn 0.9026 0.4196 0.0966
vn 0.9674 0.2524 0.0192
vn 0.9954 0.0760 -0.0588
vn 0.9856 -0.1030 -0.1344
vn 0.9385 -0.2780 -0.2050
vn 0.8558 -0.4426 -0.2678
vn 0.7405 -0.5907 -0.3205
vn 0.5968 -0.7165 -0.3611
vn 0.4299 -0.8152 -0.3880
vn 0.2459 -0.8829 -0.4001
vn 0.0592 -0.9159 -0.3971
vn 0.5927 0.7708 0.2338
vn 0.4443 0.8451 0.2973
vn 0.7901 -0.4827 -0.3778
vn 0.8888 -0.3234 -0.3248
vn 0.7340 0.6611 0.1555
vn 0.6612 -0.6239 -0.4166
vn 0.8477 0.5256 0.0710
vn 0.5067 -0.7416 -0.4396
vn 0.9288 0.3704 -0.0160
vn 0.3324 -0.8312 -0.4457
vn 0.9742 0.2014 -0.1022
vn 0.1462 -0.8886 -0.4348
vn 0.9825 0.0250 -0.1844
vn -0.0284 -0.9114 -0.4105
vn 0.9537 -0.1521 -0.2595
vn 0.5205 0.7791 0.3493
vn 0.6712 0.6665 0.3246
vn 0.8016 0.5247 0.2866
vn 0.9009 0.3632 0.2378
vn 0.9655 0.1882 0.1800
vn 0.9933 0.0064 0.1155
vn 0.9834 -0.1754 0.0467
vn 0.9363 -0.3504 -0.0238
vn 0.8537 -0.5123 -0.0935
vn 0.7386 -0.6549 -0.1597
vn 0.5951 -0.7729 -0.2200
vn 0.4285 -0.8616 -0.2720
vn 0.2449 -0.9174 -0.3136
vn 0.0585 -0.9377 -0.3424
vn 0.9894 0.1303 0.0639
vn 0.9425 0.3063 0.1337
vn 0.1526 -0.9183 -0.3652
vn 0.3416 -0.8741 -0.3453
vn 0.9987 -0.0503 -0.0082
vn -0.0248 -0.9282 -0.3713
vn 0.9702 -0.2289 -0.0799
vn 0.4479 0.8284 0.3364
vn 0.9049 -0.3988 -0.1486
vn 0.5991 0.7410 0.3033
vn 0.8053 -0.5537 -0.2117
vn 0.7432 0.6182 0.2560
vn 0.6749 -0.6879 -0.2669
vn 0.8595 0.4711 0.1986
vn 0.5184 -0.7962 -0.3120
vn 0.3433 0.8582 0.3818
vn 0.5088 0.7603 0.4038
vn 0.6525 0.6368 0.4108
vn 0.7765 0.4848 0.4024
vn 0.8704 0.3146 0.3786
vn 0.9308 0.1329 0.3404
vn 0.9557 -0.0536 0.2894
vn 0.9443 -0.2377 0.2274
vn 0.8972 -0.4127 0.1569
vn 0.8161 -0.5722 0.0804
vn 0.7040 -0.7102 0.0007
vn 0.5647 -0.8215 -0.0791
vn 0.4035 -0.9016 -0.1562
vn 0.2263 -0.9471 -0.2274
vn 0.0468 -0.9565 -0.2879
vn 0.7861 -0.6166 -0.0427
vn 0.8845 -0.4655 0.0306
vn 0.7316 0.5802 0.3581
vn 0.5910 0.7147 0.3741
vn 0.6576 -0.7446 -0.1146
vn 0.8447 0.4228 0.3283
vn 0.5037 -0.8444 -0.1823
vn 0.9251 0.2497 0.2860
vn 0.3300 -0.9121 -0.2432
vn 0.9702 0.0674 0.2329
vn 0.1445 -0.9447 -0.2945
vn 0.9783 -0.1170 0.1710
vn -0.0293 -0.9430 -0.3315
vn 0.9494 -0.2969 0.1028
vn 0.4434 0.8135 0.3763
vn 0.4863 0.7453 0.4561
vn 0.6170 0.6130 0.4935
vn 0.7288 0.4529 0.5135
vn 0.8124 0.2758 0.5137
vn 0.8648 0.0886 0.4943
vn 0.8841 -0.1015 0.4561
vn 0.8699 -0.2875 0.4008
vn 0.8228 -0.4625 0.3302
vn 0.7445 -0.6202 0.2472
vn 0.6379 -0.7545 0.1546
vn 0.5067 -0.8603 0.0560
vn 0.3558 -0.9335 -0.0451
vn 0.1908 -0.9709 -0.1447
vn 0.0243 -0.9715 -0.2356
vn 0.1223 -0.9666 -0.2252
vn 0.2980 -0.9438 -0.1432
vn 0.9221 -0.1726 0.3464
vn 0.9172 0.0151 0.3982
vn -0.0418 -0.9554 -0.2925
vn 0.8921 -0.3535 0.2815
vn 0.4309 0.8012 0.4153
vn 0.8283 -0.5210 0.2060
vn 0.5688 0.6927 0.4433
vn 0.7331 -0.6690 0.1226
vn 0.6995 0.5485 0.4580
vn 0.6098 -0.7918 0.0344
vn 0.8040 0.3826 0.4552
vn 0.4630 -0.8846 -0.0554
vn 0.8774 0.2025 0.4350
vn 0.4540 0.7346 0.5042
vn 0.5660 0.5961 0.5695
vn 0.6603 0.4302 0.6156
vn 0.7291 0.2482 0.6378
vn 0.7698 0.0572 0.6357
vn 0.7812 -0.1355 0.6094
vn 0.7629 -0.3229 0.5600
vn 0.7158 -0.4979 0.4895
vn 0.6416 -0.6542 0.4004
vn 0.5429 -0.7859 0.2960
vn 0.4233 -0.8879 0.1801
vn 0.2872 -0.9562 0.0570
vn 0.1397 -0.9878 -0.0687
vn -0.0080 -0.9822 -0.1876
vn 0.6483 0.5245 0.5519
vn 0.5334 0.6761 0.5084
vn 0.5335 -0.8276 0.1743
vn 0.6484 -0.7088 0.2779
vn 0.7390 0.3521 0.5744
vn 0.3979 -0.9152 0.0639
vn 0.8011 0.1666 0.5749
vn 0.2468 -0.9678 -0.0494
vn 0.8325 -0.0247 0.5535
vn 0.0868 -0.9833 -0.1602
vn 0.8322 -0.2148 0.5111
vn -0.0618 -0.9647 -0.2559
vn 0.8005 -0.3965 0.4494
vn 0.4109 0.7918 0.4519
vn 0.7385 -0.5632 0.3707
vn 0.4132 0.7287 0.5461
vn 0.5014 0.5867 0.6359
vn 0.5736 0.4176 0.7047
vn 0.6236 0.2329 0.7463
vn 0.6496 0.0398 0.7592
vn 0.6509 -0.1544 0.7433
vn 0.6276 -0.3425 0.6992
vn 0.5805 -0.5176 0.6286
vn 0.5114 -0.6731 0.5343
vn 0.4228 -0.8033 0.4195
vn 0.3178 -0.9032 0.2885
vn 0.2005 -0.9687 0.1461
vn 0.0751 -0.9972 -0.0023
vn -0.0488 -0.9881 -0.1456
vn 0.7122 -0.2420 0.6589
vn 0.7193 -0.0504 0.6928
vn -0.0885 -0.9708 -0.2230
vn 0.0394 -0.9940 -0.1018
vn 0.6782 -0.4243 0.6001
vn 0.3842 0.7858 0.4847
vn 0.6185 -0.5905 0.5185
vn 0.4860 0.6653 0.5667
vn 0.5352 -0.7345 0.4172
vn 0.5799 0.5089 0.6361
vn 0.4315 -0.8508 0.2999
vn 0.6521 0.3323 0.6814
vn 0.3111 -0.9349 0.1708
vn 0.6991 0.1435 0.7005
vn 0.1784 -0.9833 0.0349
vn 0.3654 0.7278 0.5804
vn 0.4257 0.5853 0.6901
vn 0.4720 0.4156 0.7775
vn 0.5000 0.2305 0.8348
vn 0.5089 0.0370 0.8601
vn 0.4984 -0.1574 0.8526
vn 0.4690 -0.3456 0.8128
vn 0.4219 -0.5207 0.7423
vn 0.3588 -0.6761 0.6436
vn 0.2820 -0.8060 0.5204
vn 0.1943 -0.9056 0.3770
vn 0.0989 -0.9707 0.2189
vn -0.0006 -0.9987 0.0519
vn -0.0966 -0.9891 -0.1113
vn 0.3078 -0.8604 0.4062
vn 0.3980 -0.7451 0.5352
vn 0.5467 0.3242 0.7720
vn 0.4970 0.5025 0.7074
vn 0.2057 -0.9431 0.2614
vn 0.5754 0.1339 0.8068
vn 0.0954 -0.9898 0.1062
vn 0.5821 -0.0610 0.8109
vn -0.0180 -0.9985 -0.0524
vn 0.5666 -0.2533 0.7841
vn -0.1208 -0.9733 -0.1952
vn 0.5298 -0.4357 0.7276
vn 0.3519 0.7833 0.5125
vn 0.4729 -0.6017 0.6437
vn 0.4285 0.6609 0.6162
vn 0.3124 0.7318 0.6057
vn 0.3418 0.5917 0.7301
vn 0.3594 0.4243 0.8311
vn 0.3631 0.2411 0.9000
vn 0.3529 0.0491 0.9344
vn 0.3293 -0.1444 0.9331
vn 0.2933 -0.3321 0.8965
vn 0.2462 -0.5071 0.8260
vn 0.1897 -0.6630 0.7241
vn 0.1260 -0.7940 0.5947
vn 0.0573 -0.8950 0.4423
vn -0.0137 -0.9620 0.2726
vn -0.0844 -0.9922 0.0919
vn -0.1496 -0.9850 -0.0861
vn -0.1576 -0.9721 -0.1735
vn -0.0834 -0.9964 -0.0138
vn 0.3610 -0.4305 0.8273
vn 0.4011 -0.2481 0.8818
vn 0.3151 0.7844 0.5343
vn 0.3073 -0.5966 0.7414
vn 0.3631 0.6629 0.6547
vn 0.2419 -0.7402 0.6274
vn 0.4026 0.5055 0.7631
vn 0.1672 -0.8560 0.4893
vn 0.4269 0.3279 0.8428
vn 0.0859 -0.9393 0.3322
vn 0.4347 0.1383 0.8899
vn 0.0011 -0.9868 0.1619
vn 0.4260 -0.0561 0.9030
vn 0.2562 0.7408 0.6209
vn 0.2530 0.6059 0.7542
vn 0.2401 0.4433 0.8636
vn 0.2181 0.2642 0.9395
vn 0.1877 0.0754 0.9793
vn 0.1503 -0.1158 0.9818
vn 0.1072 -0.3024 0.9471
vn 0.0601 -0.4774 0.8766
vn 0.0107 -0.6345 0.7729
vn -0.0392 -0.7677 0.6396
vn -0.0877 -0.8719 0.4817
vn -0.1329 -0.9430 0.3050
vn -0.1732 -0.9780 0.1161
vn -0.2058 -0.9760 -0.0708
vn -0.0438 -0.9238 0.3803
vn 0.0149 -0.8378 0.5458
vn 0.2825 0.1565 0.9464
vn 0.2972 0.3434 0.8909
vn -0.1011 -0.9746 0.1998
vn 0.2570 -0.0360 0.9657
vn -0.1542 -0.9880 0.0124
vn 0.2219 -0.2267 0.9484
vn -0.1974 -0.9674 -0.1587
vn 0.1784 -0.4086 0.8951
vn 0.2752 0.7892 0.5491
vn 0.1281 -0.5751 0.8080
vn 0.2924 0.6714 0.6810
vn 0.0730 -0.7200 0.6901
vn 0.3005 0.5177 0.8011
vn 0.1991 0.7543 0.6256
vn 0.1627 0.6272 0.7617
vn 0.1189 0.4720 0.8736
vn 0.0705 0.2990 0.9516
vn 0.0197 0.1151 0.9932
vn -0.0318 -0.0729 0.9968
vn -0.0821 -0.2577 0.9627
vn -0.1292 -0.4328 0.8922
vn -0.1714 -0.5915 0.7879
vn -0.2072 -0.7280 0.6535
vn -0.2352 -0.8371 0.4939
vn -0.2542 -0.9144 0.3150
vn -0.2635 -0.9567 0.1235
vn -0.2629 -0.9626 -0.0661
vn 0.2339 0.7973 0.5563
vn -0.2388 -0.9592 -0.1514
vn -0.0578 -0.5383 0.8407
vn -0.0111 -0.3711 0.9285
vn 0.2190 0.6859 0.6940
vn -0.1023 -0.6853 0.7210
vn 0.1946 0.5387 0.8197
vn -0.1430 -0.8065 0.5737
vn 0.1626 0.3701 0.9147
vn -0.1784 -0.8972 0.4041
vn 0.1245 0.1878 0.9743
vn -0.2070 -0.9536 0.2185
vn 0.0818 -0.0012 0.9966
vn -0.2276 -0.9734 0.0254
vn 0.0360 -0.1899 0.9811
vn 0.1433 0.7717 0.6196
vn 0.0743 0.6548 0.7521
vn 0.0002 0.5091 0.8607
vn -0.0738 0.3441 0.9360
vn -0.1448 0.1665 0.9754
vn -0.2101 -0.0171 0.9775
vn -0.2673 -0.1998 0.9427
vn -0.3144 -0.3749 0.8721
vn -0.3496 -0.5358 0.7686
vn -0.3716 -0.6766 0.6357
vn -0.3795 -0.7920 0.4783
vn -0.3729 -0.8773 0.3021
vn -0.3519 -0.9291 0.1139
vn -0.3187 -0.9451 -0.0721
vn -0.0331 0.2309 0.9724
vn 0.0284 0.4068 0.9131
vn -0.3127 -0.9247 0.2172
vn -0.3126 -0.8604 0.4025
vn -0.0931 0.0467 0.9946
vn -0.3008 -0.9534 0.0245
vn -0.1495 -0.1391 0.9789
vn -0.2800 -0.9479 -0.1519
vn -0.2001 -0.3193 0.9263
vn 0.1927 0.8086 0.5559
vn -0.2432 -0.4875 0.8385
vn 0.1457 0.7060 0.6931
vn -0.2772 -0.6374 0.7189
vn 0.0889 0.5676 0.8185
vn -0.3006 -0.7633 0.5718
vn 0.0908 0.7925 0.6030
vn -0.0087 0.6878 0.7259
vn -0.1114 0.5533 0.8255
vn -0.2094 0.3979 0.8932
vn -0.2993 0.2277 0.9266
vn -0.3775 0.0492 0.9247
vn -0.4414 -0.1308 0.8877
vn -0.4885 -0.3059 0.8172
vn -0.5171 -0.4694 0.7157
vn -0.5261 -0.6154 0.5869
vn -0.5152 -0.7382 0.4355
vn -0.4844 -0.8331 0.2669
vn -0.4350 -0.8962 0.0877
vn -0.3712 -0.9243 -0.0887
vn -0.4212 -0.4247 0.8014
vn -0.3815 -0.2553 0.8884
vn 0.0755 0.7308 0.6784
vn 0.1531 0.8226 0.5476
vn -0.4449 -0.5782 0.6839
vn -0.0125 0.6034 0.7973
vn -0.4518 -0.7099 0.5403
vn -0.1004 0.4523 0.8862
vn -0.4414 -0.8149 0.3756
vn -0.1842 0.2843 0.9409
vn -0.4141 -0.8889 0.1961
vn -0.2608 0.1059 0.9596
vn -0.3711 -0.9286 0.0099
vn -0.3274 -0.0762 0.9418
vn -0.3195 -0.9339 -0.1601
vn 0.0437 0.8159 0.5766
vn -0.0833 0.7247 0.6840
vn -0.2114 0.6028 0.7693
vn -0.3311 0.4582 0.8249
vn -0.4379 0.2964 0.8488
vn -0.5278 0.1237 0.8403
vn -0.5975 -0.0535 0.8001
vn -0.6446 -0.2285 0.7295
vn -0.6674 -0.3950 0.6314
vn -0.6648 -0.5467 0.5091
vn -0.6369 -0.6779 0.3671
vn -0.5845 -0.7835 0.2108
vn -0.5095 -0.8592 0.0459
vn -0.4184 -0.9010 -0.1152
vn -0.5073 -0.8476 0.1558
vn -0.5598 -0.7624 0.3245
vn -0.4150 0.1742 0.8930
vn -0.3232 0.3459 0.8808
vn -0.4356 -0.8999 -0.0180
vn -0.4910 -0.0038 0.8712
vn -0.3559 -0.9178 -0.1758
vn -0.5482 -0.1814 0.8164
vn 0.1168 0.8387 0.5319
vn -0.5847 -0.3522 0.7308
vn 0.0109 0.7594 0.6505
vn -0.5991 -0.5098 0.6173
vn -0.1057 0.6447 0.7571
vn -0.5908 -0.6484 0.4802
vn -0.2188 0.5048 0.8351
vn 0.0037 0.8409 0.5413
vn -0.1464 0.7642 0.6282
vn -0.2962 0.6559 0.6943
vn -0.4343 0.5227 0.7336
vn -0.5554 0.3699 0.7448
vn -0.6551 0.2033 0.7277
vn -0.7298 0.0293 0.6830
vn -0.7769 -0.1458 0.6125
vn -0.7947 -0.3154 0.5187
vn -0.7822 -0.4732 0.4051
vn -0.7400 -0.6134 0.2759
vn -0.6693 -0.7305 0.1357
vn -0.5726 -0.8197 -0.0100
vn -0.4583 -0.8760 -0.1505
vn -0.0455 0.7907 0.6105
vn 0.0850 0.8563 0.5094
vn -0.7338 -0.4351 0.5217
vn -0.7276 -0.2729 0.6294
vn -0.1871 0.6899 0.6993
vn -0.7122 -0.5810 0.3941
vn -0.3222 0.5622 0.7617
vn -0.6632 -0.7050 0.2511
vn -0.4446 0.4133 0.7947
vn -0.5887 -0.8024 0.0980
vn -0.5497 0.2490 0.7974
vn -0.4920 -0.8686 -0.0581
vn -0.6338 0.0756 0.7698
vn -0.3877 -0.9002 -0.1984
vn -0.6939 -0.1006 0.7131
vn -0.8740 -0.3978 0.2791
vn -0.8205 -0.5472 0.1653
vn -0.4894 -0.8503 -0.1933
vn -0.5381 -0.8358 -0.1087
vn -0.4136 -0.8817 -0.2269
vn -0.8439 -0.3567 0.4008
vn -0.8113 -0.5104 0.2851
vn -0.7477 -0.6449 0.1582
vn 0.1452 0.8974 0.4167
vn -0.8941 -0.2336 0.3821
vn -0.7355 -0.6760 0.0448
vn -0.6220 -0.7792 -0.0777
vn -0.3361 -0.8914 -0.3040
vn 0.1374 0.9067 0.3987
vn -0.3440 -0.8820 -0.3220
vn -0.8100 -0.5843 0.0495
vn -0.5721 -0.8028 -0.1680
vn -0.4327 -0.8631 -0.2603
vn -0.9250 -0.2778 0.2591
vn -0.8845 -0.4393 0.1574
vn 0.1335 0.9156 0.3793
vn -0.3478 -0.8732 -0.3415
vn 0.1338 0.9237 0.3591
vn -0.3476 -0.8651 -0.3616
vn 0.1381 0.9306 0.3390
vn -0.3433 -0.8582 -0.3818
vn 0.1464 0.9362 0.3196
vn -0.3350 -0.8526 -0.4011
vn 0.1583 0.9401 0.3019
vn -0.3230 -0.8487 -0.4188
vn 0.1734 0.9423 0.2864
vn -0.3080 -0.8465 -0.4343
vn 0.1911 0.9426 0.2737
vn -0.2903 -0.8461 -0.4470
vn 0.2106 0.9411 0.2644
vn -0.2707 -0.8476 -0.4563
vn 0.2314 0.9378 0.2588
vn -0.2500 -0.8509 -0.4619
vn 0.2524 0.9328 0.2570
vn -0.2289 -0.8559 -0.4637
vn 0.2731 0.9264 0.2593
vn -0.2083 -0.8624 -0.4614
vn 0.2925 0.9187 0.2654
vn 0.3099 0.9101 0.2752
vn -0.1715 -0.8787 -0.4456
vn 0.3246 0.9009 0.2882
vn -0.1568 -0.8879 -0.4325
vn 0.3361 0.8914 0.3040
vn -0.1452 -0.8974 -0.4167
vn 0.3440 0.8820 0.3220
vn -0.1374 -0.9067 -0.3987
vn 0.3478 0.8732 0.3415
vn -0.1335 -0.9156 -0.3793
vn 0.3476 0.8651 0.3616
vn -0.1338 -0.9237 -0.3591
vn -0.1381 -0.9306 -0.3390
vn 0.3350 0.8526 0.4011
vn -0.1464 -0.9362 -0.3196
vn 0.3230 0.8487 0.4188
vn -0.1583 -0.9401 -0.3019
vn 0.3080 0.8465 0.4343
vn -0.1734 -0.9423 -0.2864
vn 0.2903 0.8461 0.4470
vn -0.1911 -0.9426 -0.2737
vn 0.2707 0.8476 0.4563
vn -0.2106 -0.9411 -0.2644
vn 0.2500 0.8509 0.4619
vn -0.2314 -0.9378 -0.2588
vn 0.2289 0.8559 0.4637
vn -0.2524 -0.9328 -0.2570
vn 0.2083 0.8624 0.4614
vn -0.2731 -0.9264 -0.2593
vn 0.1889 0.8701 0.4553
vn -0.2925 -0.9187 -0.2654
vn 0.1715 0.8787 0.4456
vn -0.3099 -0.9101 -0.2752
vn 0.1568 0.8879 0.4325
vn -0.3246 -0.9009 -0.2882
vn -0.6598 0.3273 0.6764
vn -0.5438 0.4839 0.6857
vn -0.6552 -0.7550 0.0249
vn -0.7506 0.1587 0.6415
vn -0.8128 -0.0159 0.5823
vn 0.0591 0.8748 0.4808
vn -0.8443 -0.1898 0.5011
vn -0.0916 0.8235 0.5598
vn -0.2537 0.7373 0.6262
vn -0.4067 0.6223 0.6688
vn -0.7609 -0.6489 -0.0056
vn -0.6822 0.4829 0.5490
vn -0.6408 -0.7590 -0.1153
vn -0.7926 0.3258 0.5154
vn -0.5018 -0.8374 -0.2167
vn -0.8727 0.1566 0.4624
vn 0.1030 0.9001 0.4234
vn -0.3758 -0.8790 -0.2934
vn -0.9198 -0.0184 0.3918
vn -0.0399 0.8791 0.4749
vn -0.9321 -0.1928 0.3064
vn -0.2146 0.8249 0.5229
vn -0.9091 -0.3602 0.2093
vn -0.3878 0.7375 0.5530
vn -0.8513 -0.5142 0.1040
vn -0.5456 0.6219 0.5617
vn -0.8926 -0.4501 -0.0276
vn -0.5868 0.6860 0.4301
vn -0.7947 -0.5962 -0.1138
vn -0.7292 0.5559 0.3991
vn -0.6661 -0.7197 -0.1958
vn -0.8434 0.4050 0.3530
vn -0.5178 -0.8125 -0.2678
vn -0.9256 0.2389 0.2935
vn 0.0949 0.9126 0.3977
vn -0.3838 -0.8665 -0.3191
vn -0.9727 0.0638 0.2230
vn -0.0559 0.9040 0.4239
vn -0.9830 -0.1137 0.1440
vn -0.2398 0.8642 0.4423
vn -0.9560 -0.2872 0.0594
vn -0.4217 0.7902 0.4448
vn 0.0925 0.9242 0.3705
vn -0.3863 -0.8549 -0.3463
vn -0.9891 0.1403 0.0443
vn -0.0608 0.9271 0.3698
vn -0.9988 -0.0402 -0.0280
vn -0.2476 0.9007 0.3570
vn -0.9706 -0.2193 -0.0993
vn -0.4322 0.8391 0.3302
vn -0.9053 -0.3905 -0.1669
vn -0.5996 0.7456 0.2908
vn -0.8052 -0.5472 -0.2283
vn -0.7437 0.6238 0.2404
vn -0.6739 -0.6833 -0.2811
vn -0.8592 0.4785 0.1810
vn -0.5228 -0.7894 -0.3218
vn -0.9420 0.3153 0.1148
vn -0.5835 0.7983 0.1492
vn -0.7920 -0.5039 -0.3448
vn -0.7253 0.6839 0.0790
vn -0.6640 -0.6510 -0.3679
vn -0.8393 0.5436 0.0061
vn -0.5165 -0.7690 -0.3767
vn -0.9213 0.3830 -0.0670
vn 0.0956 0.9345 0.3428
vn -0.3832 -0.8446 -0.3740
vn -0.9684 0.2080 -0.1376
vn -0.0546 0.9476 0.3149
vn -0.9789 0.0250 -0.2029
vn -0.2378 0.9330 0.2703
vn -0.9522 -0.1592 -0.2607
vn -0.4189 0.8825 0.2137
vn -0.8892 -0.3378 -0.3086
vn -0.9114 0.2643 -0.3154
vn -0.0374 0.9646 0.2611
vn -0.9240 0.0792 -0.3741
vn -0.2106 0.9598 0.1854
vn -0.9016 -0.1092 -0.4186
vn -0.3824 0.9186 0.0998
vn -0.8448 -0.2939 -0.4472
vn -0.5390 0.8422 0.0105
vn -0.7554 -0.4678 -0.4588
vn -0.6747 0.7339 -0.0789
vn -0.6368 -0.6241 -0.4528
vn -0.7844 0.5978 -0.1651
vn -0.4993 -0.7519 -0.4305
vn -0.8643 0.4393 -0.2449
vn 0.1043 0.9431 0.3158
vn -0.3745 -0.8360 -0.4010
vn -0.6970 -0.4403 -0.5659
vn -0.5938 0.7719 -0.2272
vn -0.5933 -0.6036 -0.5325
vn -0.6968 0.6390 -0.3259
vn -0.4717 -0.7390 -0.4810
vn -0.7732 0.4821 -0.4120
vn 0.1181 0.9496 0.2903
vn -0.3606 -0.8295 -0.4265
vn -0.8203 0.3071 -0.4826
vn -0.0098 0.9775 0.2106
vn -0.8363 0.1203 -0.5348
vn -0.1671 0.9803 0.1056
vn -0.8207 -0.0712 -0.5669
vn -0.3240 0.9460 -0.0073
vn -0.7737 -0.2605 -0.5775
vn -0.4680 0.8756 -0.1197
vn -0.7192 0.1469 -0.6791
vn -0.1090 0.9935 0.0341
vn -0.7126 -0.0467 -0.7000
vn -0.2459 0.9638 -0.1034
vn -0.6789 -0.2390 -0.6943
vn -0.3731 0.8971 -0.2365
vn -0.6190 -0.4226 -0.6620
vn -0.4857 0.7964 -0.3603
vn -0.5352 -0.5905 -0.6041
vn -0.5796 0.6656 -0.4701
vn -0.4349 -0.7307 -0.5263
vn -0.6514 0.5098 -0.5620
vn 0.1367 0.9538 0.2675
vn -0.3421 -0.8253 -0.4493
vn -0.6985 0.3347 -0.6325
vn 0.0270 0.9859 0.1653
vn -0.4647 -0.5850 -0.6647
vn -0.4375 0.6766 -0.5923
vn -0.3903 -0.7272 -0.5647
vn -0.5037 0.5212 -0.6889
vn 0.1591 0.9555 0.2482
vn -0.3196 -0.8236 -0.4686
vn -0.5508 0.3462 -0.7595
vn 0.0716 0.9893 0.1269
vn -0.5771 0.1579 -0.8013
vn -0.0385 0.9989 -0.0265
vn -0.5815 -0.0366 -0.8127
vn -0.1513 0.9711 -0.1847
vn -0.5638 -0.2301 -0.7932
vn -0.2580 0.9060 -0.3355
vn -0.5244 -0.4153 -0.7433
vn -0.3546 0.8065 -0.4730
vn 0.0417 0.9964 -0.0738
vn -0.4324 -0.0412 -0.9007
vn -0.0437 0.9677 -0.2483
vn -0.4329 -0.2342 -0.8705
vn -0.1271 0.9019 -0.4128
vn -0.4168 -0.4187 -0.8069
vn -0.2055 0.8019 -0.5610
vn -0.3846 -0.5875 -0.7120
vn -0.2759 0.6715 -0.6877
vn -0.3395 -0.7288 -0.5946
vn -0.3358 0.5159 -0.7881
vn 0.1847 0.9547 0.2331
vn -0.2941 -0.8244 -0.4837
vn -0.3829 0.3409 -0.8586
vn 0.1224 0.9877 0.0970
vn -0.4155 0.1529 -0.8967
vn -0.1010 0.6506 -0.7526
vn -0.2846 -0.7354 -0.6150
vn -0.1540 0.4942 -0.8556
vn 0.2124 0.9514 0.2229
vn -0.2664 -0.8277 -0.4940
vn -0.2011 0.3192 -0.9261
vn 0.1773 0.9812 0.0766
vn -0.2406 0.1320 -0.9616
vn 0.1284 0.9860 -0.1060
vn -0.2711 -0.0605 -0.9607
vn 0.0728 0.9538 -0.2915
vn -0.2912 -0.2511 -0.9231
vn 0.0145 0.8850 -0.4654
vn -0.3003 -0.4326 -0.8501
vn -0.0442 0.7826 -0.6210
vn -0.2978 -0.5979 -0.7442
vn -0.1036 -0.0937 -0.9902
vn 0.1936 0.9299 -0.3128
vn -0.1443 -0.2802 -0.9490
vn 0.1615 0.8559 -0.4913
vn -0.1795 -0.4565 -0.8714
vn 0.1232 0.7494 -0.6505
vn -0.2078 -0.6157 -0.7601
vn 0.0804 0.6147 -0.7846
vn -0.2276 -0.7466 -0.6251
vn 0.0346 0.4569 -0.8889
vn 0.2411 0.9458 0.2178
vn -0.2377 -0.8333 -0.4990
vn -0.0125 0.2818 -0.9594
vn 0.2343 0.9699 0.0665
vn -0.0592 0.0960 -0.9936
vn 0.2184 0.9682 -0.1219
vn -0.1708 -0.7622 -0.6244
vn 0.2228 0.4053 -0.8866
vn 0.2697 0.9379 0.2181
vn -0.2091 -0.8412 -0.4987
vn 0.1756 0.2303 -0.9571
vn 0.2912 0.9543 0.0672
vn 0.1219 0.0465 -0.9915
vn 0.3082 0.9436 -0.1208
vn 0.0634 -0.1394 -0.9882
vn 0.3142 0.8968 -0.3114
vn 0.0024 -0.3204 -0.9473
vn 0.3081 0.8157 -0.4895
vn -0.0589 -0.4895 -0.8700
vn 0.2903 0.7037 -0.6485
vn -0.1181 -0.6403 -0.7590
vn 0.2614 0.5651 -0.7825
vn 0.4298 0.8560 -0.2873
vn 0.1430 -0.3701 -0.9179
vn 0.4488 0.7661 -0.4602
vn 0.0568 -0.5304 -0.8459
vn 0.4505 0.6471 -0.6151
vn -0.0319 -0.6707 -0.7410
vn 0.4351 0.5038 -0.7462
vn -0.1162 -0.7815 -0.6130
vn 0.4033 0.3416 -0.8489
vn 0.2972 0.9282 0.2239
vn -0.1816 -0.8509 -0.4930
vn 0.3562 0.1666 -0.9195
vn 0.3457 0.9350 0.0786
vn 0.2955 -0.0149 -0.9552
vn 0.3943 0.9132 -0.1028
vn 0.2236 -0.1960 -0.9548
vn 0.5692 0.2681 -0.7773
vn 0.3224 0.9170 0.2348
vn -0.1564 -0.8621 -0.4821
vn 0.5221 0.0930 -0.8478
vn 0.3958 0.9128 0.1002
vn 0.4552 -0.0856 -0.8863
vn 0.4735 0.8781 -0.0687
vn 0.3709 -0.2613 -0.8912
vn 0.5362 0.8089 -0.2414
vn 0.2723 -0.4273 -0.8621
vn 0.5781 0.7088 -0.4043
vn 0.1631 -0.5775 -0.7999
vn 0.5978 0.5818 -0.5515
vn 0.0473 -0.7058 -0.7068
vn 0.5948 0.4331 -0.6773
vn -0.0661 -0.8037 -0.5914
vn 0.3853 -0.4900 -0.7819
vn 0.6910 0.6461 -0.3242
vn 0.2560 -0.6290 -0.7340
vn 0.7265 0.5104 -0.4601
vn 0.1164 -0.7442 -0.6577
vn 0.7342 0.3556 -0.5783
vn -0.0223 -0.8280 -0.5603
vn 0.7141 0.1876 -0.6744
vn 0.3445 0.9048 0.2504
vn -0.1343 -0.8743 -0.4664
vn 0.6670 0.0126 -0.7449
vn 0.4397 0.8885 0.1313
vn 0.5946 -0.1630 -0.7873
vn 0.5427 0.8397 -0.0196
vn 0.4996 -0.3327 -0.7998
vn 0.6290 0.7573 -0.1754
vn -0.1163 -0.8871 -0.4466
vn 0.7854 -0.0717 -0.6148
vn 0.4754 0.8630 0.1707
vn 0.7086 -0.2441 -0.6621
vn 0.5992 0.7995 0.0425
vn 0.6047 -0.4075 -0.6843
vn 0.7049 0.7033 -0.0920
vn 0.4776 -0.5557 -0.6805
vn 0.7833 0.5804 -0.2227
vn 0.3318 -0.6831 -0.6506
vn 0.8316 0.4356 -0.3446
vn 0.1729 -0.7844 -0.5956
vn 0.8481 0.2745 -0.4531
vn 0.0135 -0.8535 -0.5209
vn 0.8325 0.1033 -0.5443
vn 0.3625 0.8920 0.2702
vn 0.3878 -0.7375 -0.5530
vn 0.9091 0.3602 -0.2093
vn 0.2146 -0.8249 -0.5229
vn 0.9321 0.1928 -0.3064
vn 0.0399 -0.8791 -0.4749
vn 0.9198 0.0184 -0.3918
vn 0.3758 0.8790 0.2934
vn -0.1030 -0.9001 -0.4234
vn 0.8727 -0.1566 -0.4624
vn 0.5018 0.8374 0.2167
vn 0.7926 -0.3258 -0.5154
vn 0.6408 0.7590 0.1153
vn 0.6822 -0.4829 -0.5490
vn 0.7609 0.6489 0.0056
vn 0.5456 -0.6219 -0.5617
vn 0.8513 0.5142 -0.1040
vn 0.5178 0.8125 0.2678
vn 0.8434 -0.4050 -0.3530
vn 0.6661 0.7197 0.1958
vn 0.7292 -0.5559 -0.3991
vn 0.7947 0.5962 0.1138
vn 0.5868 -0.6860 -0.4301
vn 0.8926 0.4501 0.0276
vn 0.4217 -0.7902 -0.4448
vn 0.9560 0.2872 -0.0594
vn 0.2398 -0.8642 -0.4423
vn 0.9830 0.1137 -0.1440
vn 0.0559 -0.9040 -0.4239
vn 0.9727 -0.0638 -0.2230
vn 0.3838 0.8665 0.3191
vn -0.0949 -0.9126 -0.3977
vn 0.9256 -0.2389 -0.2935
vn 0.9706 0.2193 0.0993
vn 0.2477 -0.9007 -0.3570
vn 0.9988 0.0402 0.0280
vn 0.0608 -0.9271 -0.3698
vn 0.9891 -0.1403 -0.0443
vn 0.3863 0.8549 0.3463
vn -0.0925 -0.9242 -0.3705
vn 0.9420 -0.3153 -0.1148
vn 0.5228 0.7894 0.3218
vn 0.8592 -0.4785 -0.1810
vn 0.6739 0.6833 0.2811
vn 0.7437 -0.6238 -0.2404
vn 0.8052 0.5472 0.2283
vn 0.5996 -0.7456 -0.2908
vn 0.9053 0.3905 0.1669
vn 0.4322 -0.8392 -0.3302
vn 0.8393 -0.5436 -0.0061
vn 0.6640 0.6510 0.3679
vn 0.7253 -0.6839 -0.0790
vn 0.7920 0.5038 0.3448
vn 0.5835 -0.7983 -0.1492
vn 0.8892 0.3378 0.3086
vn 0.4189 -0.8825 -0.2137
vn 0.9522 0.1592 0.2607
vn 0.2378 -0.9330 -0.2703
vn 0.9789 -0.0250 0.2029
vn 0.0546 -0.9476 -0.3149
vn 0.9684 -0.2080 0.1376
vn 0.3832 0.8446 0.3740
vn -0.0956 -0.9345 -0.3428
vn 0.9213 -0.3830 0.0670
vn 0.5165 0.7690 0.3767
vn 0.2106 -0.9598 -0.1854
vn 0.9240 -0.0792 0.3741
vn 0.0374 -0.9646 -0.2611
vn 0.9114 -0.2643 0.3154
vn 0.3745 0.8360 0.4010
vn -0.1043 -0.9431 -0.3158
vn 0.8643 -0.4393 0.2449
vn 0.4993 0.7519 0.4305
vn 0.7844 -0.5978 0.1651
vn 0.6368 0.6241 0.4528
vn 0.6747 -0.7339 0.0789
vn 0.7554 0.4678 0.4588
vn 0.5390 -0.8422 -0.0105
vn 0.8448 0.2939 0.4472
vn 0.3824 -0.9186 -0.0998
vn 0.9016 0.1092 0.4186
vn 0.5933 0.6036 0.5325
vn 0.5938 -0.7719 0.2272
vn 0.6970 0.4403 0.5659
vn 0.4680 -0.8756 0.1197
vn 0.7737 0.2605 0.5775
vn 0.3240 -0.9460 0.0073
vn 0.8207 0.0712 0.5669
vn 0.1671 -0.9803 -0.1056
vn 0.8363 -0.1203 0.5348
vn 0.0098 -0.9775 -0.2106
vn 0.8203 -0.3071 0.4826
vn 0.3606 0.8295 0.4265
vn -0.1181 -0.9496 -0.2903
vn 0.7732 -0.4821 0.4120
vn 0.4717 0.7390 0.4810
vn 0.6968 -0.6390 0.3259
vn 0.7192 -0.1469 0.6791
vn -0.0270 -0.9859 -0.1653
vn 0.6985 -0.3347 0.6325
vn 0.3421 0.8253 0.4493
vn -0.1367 -0.9538 -0.2675
vn 0.6514 -0.5098 0.5620
vn 0.4349 0.7307 0.5263
vn 0.5796 -0.6656 0.4701
vn 0.5352 0.5905 0.6041
vn 0.4857 -0.7964 0.3603
vn 0.6190 0.4226 0.6620
vn 0.3731 -0.8971 0.2365
vn 0.6789 0.2390 0.6943
vn 0.2459 -0.9638 0.1034
vn 0.7126 0.0467 0.7000
vn 0.1090 -0.9935 -0.0341
vn 0.3546 -0.8065 0.4730
vn 0.5244 0.4153 0.7433
vn 0.2580 -0.9060 0.3355
vn 0.5638 0.2301 0.7932
vn 0.1513 -0.9711 0.1847
vn 0.5815 0.0366 0.8127
vn 0.0385 -0.9989 0.0265
vn 0.5771 -0.1579 0.8013
vn -0.0716 -0.9893 -0.1269
vn 0.5508 -0.3462 0.7595
vn 0.3196 0.8236 0.4686
vn -0.1591 -0.9555 -0.2482
vn 0.5037 -0.5212 0.6889
vn 0.3903 0.7272 0.5647
vn 0.4375 -0.6766 0.5923
vn 0.4647 0.5850 0.6647
vn -0.1224 -0.9877 -0.0970
vn 0.3829 -0.3409 0.8586
vn 0.2941 0.8244 0.4837
vn -0.1847 -0.9547 -0.2331
vn 0.3358 -0.5159 0.7881
vn 0.3395 0.7288 0.5946
vn 0.2759 -0.6715 0.6877
vn 0.3846 0.5875 0.7120
vn 0.2055 -0.8019 0.5610
vn 0.4168 0.4187 0.8069
vn 0.1271 -0.9019 0.4128
vn 0.4329 0.2342 0.8705
vn 0.0437 -0.9677 0.2483
vn 0.4324 0.0412 0.9007
vn -0.0417 -0.9964 0.0738
vn 0.4155 -0.1529 0.8967
vn -0.0145 -0.8850 0.4654
vn 0.2912 0.2511 0.9231
vn -0.0728 -0.9538 0.2915
vn 0.2710 0.0605 0.9607
vn -0.1284 -0.9860 0.1060
vn 0.2406 -0.1320 0.9616
vn -0.1773 -0.9812 -0.0766
vn 0.2011 -0.3192 0.9261
vn 0.2664 0.8277 0.4940
vn -0.2124 -0.9514 -0.2229
vn 0.1540 -0.4942 0.8556
vn 0.2846 0.7354 0.6150
vn 0.1010 -0.6506 0.7526
vn 0.2978 0.5979 0.7442
vn 0.0442 -0.7826 0.6210
vn 0.3003 0.4326 0.8501
vn 0.2377 0.8333 0.4990
vn -0.2411 -0.9458 -0.2178
vn -0.0346 -0.4569 0.8889
vn 0.2276 0.7466 0.6251
vn -0.0804 -0.6147 0.7846
vn 0.2078 0.6157 0.7601
vn -0.1232 -0.7494 0.6505
vn 0.1795 0.4565 0.8714
vn -0.1615 -0.8559 0.4913
vn 0.1443 0.2802 0.9490
vn -0.1936 -0.9299 0.3128
vn 0.1036 0.0937 0.9902
vn -0.2184 -0.9682 0.1219
vn 0.0592 -0.0960 0.9936
vn -0.2343 -0.9699 -0.0665
vn 0.0125 -0.2818 0.9594
vn -0.0024 0.3204 0.9473
vn -0.3142 -0.8968 0.3114
vn -0.0634 0.1394 0.9882
vn -0.3082 -0.9436 0.1208
vn -0.1219 -0.0465 0.9915
vn -0.2912 -0.9543 -0.0672
vn -0.1756 -0.2303 0.9571
vn 0.2091 0.8412 0.4987
vn -0.2697 -0.9379 -0.2181
vn -0.2228 -0.4053 0.8866
vn 0.1708 0.7622 0.6244
vn -0.2614 -0.5651 0.7825
vn 0.1181 0.6403 0.7590
vn -0.2903 -0.7037 0.6485
vn 0.0589 0.4895 0.8700
vn -0.3081 -0.8157 0.4895
vn -0.4033 -0.3416 0.8489
vn 0.1162 0.7815 0.6130
vn -0.4351 -0.5038 0.7462
vn 0.0319 0.6707 0.7410
vn -0.4505 -0.6471 0.6151
vn -0.0568 0.5304 0.8459
vn -0.4488 -0.7661 0.4602
vn -0.1430 0.3701 0.9179
vn -0.4298 -0.8560 0.2873
vn -0.2236 0.1960 0.9548
vn -0.3943 -0.9132 0.1028
vn -0.2955 0.0149 0.9552
vn -0.3457 -0.9350 -0.0786
vn -0.3562 -0.1666 0.9195
vn 0.1816 0.8509 0.4930
vn -0.2972 -0.9282 -0.2239
vn -0.5362 -0.8089 0.2414
vn -0.3709 0.2613 0.8912
vn -0.4735 -0.8781 0.0687
vn -0.4552 0.0856 0.8863
vn -0.3958 -0.9128 -0.1002
vn -0.5221 -0.0930 0.8478
vn 0.1564 0.8621 0.4821
vn -0.3224 -0.9170 -0.2348
vn -0.5692 -0.2681 0.7773
vn 0.0661 0.8037 0.5914
vn -0.5948 -0.4331 0.6773
vn -0.0473 0.7058 0.7068
vn -0.5978 -0.5818 0.5515
vn -0.1631 0.5775 0.7999
vn -0.5781 -0.7088 0.4043
vn -0.2723 0.4273 0.8621
vn 0.0223 0.8280 0.5603
vn -0.7342 -0.3556 0.5783
vn -0.1164 0.7442 0.6577
vn -0.7265 -0.5104 0.4601
vn -0.2560 0.6290 0.7340
vn -0.6910 -0.6461 0.3242
vn -0.3853 0.4900 0.7819
vn -0.6290 -0.7573 0.1754
vn -0.4996 0.3327 0.7998
vn -0.5427 -0.8397 0.0196
vn -0.5946 0.1630 0.7873
vn -0.4397 -0.8885 -0.1313
vn -0.6670 -0.0126 0.7449
vn 0.1343 0.8743 0.4664
vn -0.3445 -0.9048 -0.2504
vn -0.7141 -0.1876 0.6744
vn -0.6047 0.4075 0.6843
vn -0.5992 -0.7995 -0.0425
vn -0.7086 0.2441 0.6621
vn -0.4754 -0.8630 -0.1707
vn -0.7854 0.0717 0.6148
vn 0.1163 0.8871 0.4466
vn -0.3625 -0.8920 -0.2702
vn -0.8325 -0.1033 0.5443
vn -0.0135 0.8535 0.5209
vn -0.8481 -0.2745 0.4531
vn -0.1729 0.7844 0.5956
vn -0.8316 -0.4356 0.3446
vn -0.3318 0.6831 0.6506
vn -0.7833 -0.5804 0.2227
vn -0.4776 0.5557 0.6805
vn -0.7049 -0.7033 0.0920
vt 0.750000 0.187500
vt 0.734375 0.218750
vt 0.734375 0.187500
vt 0.750000 0.218750
vt 0.734375 0.250000
vt 0.718750 0.218750
vt 0.718750 0.187500
vt 0.750000 0.656250
vt 0.734375 0.625000
vt 0.750000 0.625000
vt 0.750000 0.687500
vt 0.734375 0.656250
vt 0.718750 0.687500
vt 0.718750 0.656250
vt 0.718750 0.625000
vt 0.750000 0.125000
vt 0.734375 0.156250
vt 0.734375 0.125000
vt 0.750000 0.156250
vt 0.718750 0.156250
vt 0.718750 0.125000
vt 0.750000 0.593750
vt 0.734375 0.562500
vt 0.750000 0.562500
vt 0.734375 0.593750
vt 0.718750 0.593750
vt 0.718750 0.562500
vt 0.750000 0.092158
vt 0.734375 0.061343
vt 0.750000 0.041667
vt 0.734375 0.093171
vt 0.718750 0.125000
vt 0.718750 0.092159
vt 0.718750 0.041667
vt 0.750000 0.531250
vt 0.734375 0.500000
vt 0.750000 0.500000
vt 0.734375 0.531250
vt 0.718750 0.531250
vt 0.718750 0.500000
vt 0.750000 0.958333
vt 0.734375 0.959201
vt 0.734375 0.938658
vt 0.726562 0.971354
vt 0.742188 0.971354
vt 0.734375 1.000000
vt 0.718750 0.958333
vt 0.726563 0.971354
vt 0.742188 0.028646
vt 0.726562 0.028646
vt 0.734375 0.000000
vt 0.734375 0.040799
vt 0.734375 0.061343
vt 0.750000 0.437500
vt 0.734375 0.468750
vt 0.734375 0.437500
vt 0.750000 0.468750
vt 0.718750 0.468750
vt 0.718750 0.437500
vt 0.750000 0.875000
vt 0.734375 0.906829
vt 0.734375 0.875000
vt 0.750000 0.907842
vt 0.718750 0.907842
vt 0.718750 0.875000
vt 0.750000 0.375000
vt 0.734375 0.406250
vt 0.734375 0.375000
vt 0.750000 0.406250
vt 0.718750 0.406250
vt 0.718750 0.375000
vt 0.750000 0.843750
vt 0.734375 0.812500
vt 0.750000 0.812500
vt 0.750000 0.875000
vt 0.734375 0.843750
vt 0.718750 0.875000
vt 0.718750 0.843750
vt 0.718750 0.812500
vt 0.750000 0.312500
vt 0.734375 0.343750
vt 0.734375 0.312500
vt 0.750000 0.343750
vt 0.718750 0.343750
vt 0.718750 0.312500
vt 0.750000 0.781250
vt 0.734375 0.750000
vt 0.750000 0.750000
vt 0.734375 0.781250
vt 0.718750 0.781250
vt 0.718750 0.750000
vt 0.750000 0.250000
vt 0.734375 0.281250
vt 0.750000 0.281250
vt 0.718750 0.281250
vt 0.718750 0.250000
vt 0.750000 0.718750
vt 0.734375 0.687500
vt 0.734375 0.718750
vt 0.718750 0.718750
vt 0.703125 0.281250
vt 0.703125 0.250000
vt 0.703125 0.312500
vt 0.687500 0.281250
vt 0.687500 0.250000
vt 0.703125 0.687500
vt 0.703125 0.718750
vt 0.687500 0.750000
vt 0.687500 0.718750
vt 0.687500 0.687500
vt 0.703125 0.218750
vt 0.703125 0.187500
vt 0.687500 0.218750
vt 0.687500 0.187500
vt 0.703125 0.625000
vt 0.703125 0.656250
vt 0.687500 0.656250
vt 0.687500 0.625000
vt 0.703125 0.156250
vt 0.703125 0.125000
vt 0.687500 0.156250
vt 0.687500 0.125000
vt 0.703125 0.562500
vt 0.703125 0.593750
vt 0.687500 0.593750
vt 0.687500 0.562500
vt 0.703125 0.061343
vt 0.703125 0.093171
vt 0.687500 0.125000
vt 0.687500 0.092159
vt 0.687500 0.041667
vt 0.703125 0.500000
vt 0.703125 0.531250
vt 0.687500 0.531250
vt 0.687500 0.500000
vt 0.703125 0.959201
vt 0.703125 0.938658
vt 0.695312 0.971354
vt 0.710938 0.971354
vt 0.703125 1.000000
vt 0.687500 0.958333
vt 0.695312 0.971354
vt 0.710938 0.028646
vt 0.695312 0.028646
vt 0.703125 0.000000
vt 0.703125 0.040799
vt 0.703125 0.061343
vt 0.703125 0.468750
vt 0.703125 0.437500
vt 0.687500 0.468750
vt 0.687500 0.437500
vt 0.703125 0.906829
vt 0.703125 0.875000
vt 0.687500 0.907842
vt 0.687500 0.875000
vt 0.703125 0.406250
vt 0.703125 0.375000
vt 0.687500 0.406250
vt 0.687500 0.375000
vt 0.703125 0.812500
vt 0.703125 0.843750
vt 0.687500 0.843750
vt 0.687500 0.812500
vt 0.703125 0.343750
vt 0.687500 0.343750
vt 0.687500 0.312500
vt 0.703125 0.750000
vt 0.703125 0.781250
vt 0.687500 0.781250
vt 0.671875 0.959201
vt 0.671875 0.938658
vt 0.664062 0.971354
vt 0.679687 0.971354
vt 0.671875 1.000000
vt 0.656250 0.958333
vt 0.664062 0.971354
vt 0.679687 0.028646
vt 0.664062 0.028646
vt 0.671875 0.000000
vt 0.671875 0.040799
vt 0.679687 0.028646
vt 0.656250 0.041667
vt 0.671875 0.061343
vt 0.671875 0.468750
vt 0.671875 0.437500
vt 0.671875 0.500000
vt 0.656250 0.468750
vt 0.656250 0.437500
vt 0.671875 0.906829
vt 0.671875 0.875000
vt 0.656250 0.907842
vt 0.656250 0.875000
vt 0.671875 0.406250
vt 0.671875 0.375000
vt 0.656250 0.406250
vt 0.656250 0.375000
vt 0.671875 0.812500
vt 0.671875 0.843750
vt 0.656250 0.875000
vt 0.656250 0.843750
vt 0.656250 0.812500
vt 0.671875 0.343750
vt 0.671875 0.312500
vt 0.656250 0.343750
vt 0.656250 0.312500
vt 0.671875 0.750000
vt 0.671875 0.781250
vt 0.656250 0.781250
vt 0.656250 0.750000
vt 0.671875 0.281250
vt 0.671875 0.250000
vt 0.656250 0.281250
vt 0.656250 0.250000
vt 0.671875 0.687500
vt 0.671875 0.718750
vt 0.656250 0.718750
vt 0.656250 0.687500
vt 0.671875 0.218750
vt 0.671875 0.187500
vt 0.656250 0.218750
vt 0.656250 0.187500
vt 0.671875 0.625000
vt 0.671875 0.656250
vt 0.656250 0.656250
vt 0.656250 0.625000
vt 0.671875 0.156250
vt 0.671875 0.125000
vt 0.656250 0.156250
vt 0.656250 0.125000
vt 0.671875 0.562500
vt 0.671875 0.593750
vt 0.656250 0.593750
vt 0.656250 0.562500
vt 0.671875 0.061343
vt 0.671875 0.093171
vt 0.656250 0.125000
vt 0.656250 0.092159
vt 0.671875 0.531250
vt 0.656250 0.531250
vt 0.656250 0.500000
vt 0.640625 0.687500
vt 0.640625 0.718750
vt 0.625000 0.750000
vt 0.625000 0.718750
vt 0.625000 0.687500
vt 0.640625 0.218750
vt 0.640625 0.187500
vt 0.640625 0.250000
vt 0.625000 0.218750
vt 0.625000 0.187500
vt 0.640625 0.625000
vt 0.640625 0.656250
vt 0.625000 0.656250
vt 0.625000 0.625000
vt 0.640625 0.156250
vt 0.640625 0.125000
vt 0.625000 0.156250
vt 0.625000 0.125000
vt 0.640625 0.562500
vt 0.640625 0.593750
vt 0.625000 0.593750
vt 0.625000 0.562500
vt 0.640625 0.061343
vt 0.640625 0.093171
vt 0.625000 0.125000
vt 0.625000 0.092159
vt 0.625000 0.041667
vt 0.640625 0.500000
vt 0.640625 0.531250
vt 0.625000 0.531250
vt 0.625000 0.500000
vt 0.640625 0.959201
vt 0.640625 0.938658
vt 0.632812 0.971354
vt 0.648437 0.971354
vt 0.640625 1.000000
vt 0.625000 0.958333
vt 0.648437 0.028646
vt 0.632812 0.028646
vt 0.640625 0.000000
vt 0.640625 0.040799
vt 0.640625 0.061343
vt 0.640625 0.468750
vt 0.640625 0.437500
vt 0.625000 0.468750
vt 0.625000 0.437500
vt 0.640625 0.906829
vt 0.640625 0.875000
vt 0.625000 0.907842
vt 0.625000 0.875000
vt 0.640625 0.406250
vt 0.640625 0.375000
vt 0.625000 0.406250
vt 0.625000 0.375000
vt 0.640625 0.812500
vt 0.640625 0.843750
vt 0.625000 0.875000
vt 0.625000 0.843750
vt 0.625000 0.812500
vt 0.640625 0.343750
vt 0.640625 0.312500
vt 0.625000 0.343750
vt 0.625000 0.312500
vt 0.640625 0.750000
vt 0.640625 0.781250
vt 0.625000 0.781250
vt 0.640625 0.281250
vt 0.625000 0.281250
vt 0.625000 0.250000
vt 0.609375 0.468750
vt 0.609375 0.437500
vt 0.609375 0.500000
vt 0.593750 0.468750
vt 0.593750 0.437500
vt 0.609375 0.906829
vt 0.609375 0.875000
vt 0.609375 0.938658
vt 0.593750 0.907842
vt 0.593750 0.875000
vt 0.609375 0.406250
vt 0.609375 0.375000
vt 0.593750 0.406250
vt 0.593750 0.375000
vt 0.609375 0.812500
vt 0.609375 0.843750
vt 0.593750 0.843750
vt 0.593750 0.812500
vt 0.609375 0.343750
vt 0.609375 0.312500
vt 0.593750 0.343750
vt 0.593750 0.312500
vt 0.609375 0.750000
vt 0.609375 0.781250
vt 0.593750 0.781250
vt 0.593750 0.750000
vt 0.609375 0.281250
vt 0.609375 0.250000
vt 0.593750 0.281250
vt 0.593750 0.250000
vt 0.609375 0.687500
vt 0.609375 0.718750
vt 0.593750 0.718750
vt 0.593750 0.687500
vt 0.609375 0.218750
vt 0.609375 0.187500
vt 0.593750 0.218750
vt 0.593750 0.187500
vt 0.609375 0.625000
vt 0.609375 0.656250
vt 0.593750 0.656250
vt 0.593750 0.625000
vt 0.609375 0.156250
vt 0.609375 0.125000
vt 0.593750 0.156250
vt 0.593750 0.125000
vt 0.609375 0.562500
vt 0.609375 0.593750
vt 0.593750 0.593750
vt 0.593750 0.562500
vt 0.609375 0.061343
vt 0.609375 0.093171
vt 0.593750 0.125000
vt 0.593750 0.092159
vt 0.593750 0.041667
vt 0.609375 0.531250
vt 0.593750 0.531250
vt 0.593750 0.500000
vt 0.609375 0.959201
vt 0.601562 0.971354
vt 0.617187 0.971354
vt 0.609375 1.000000
vt 0.593750 0.958333
vt 0.617187 0.028646
vt 0.601562 0.028646
vt 0.609375 0.000000
vt 0.609375 0.040799
vt 0.609375 0.061343
vt 0.578125 0.218750
vt 0.578125 0.187500
vt 0.578125 0.250000
vt 0.562500 0.218750
vt 0.562500 0.187500
vt 0.578125 0.625000
vt 0.578125 0.656250
vt 0.562500 0.687500
vt 0.562500 0.656250
vt 0.562500 0.625000
vt 0.578125 0.156250
vt 0.578125 0.125000
vt 0.562500 0.156250
vt 0.562500 0.125000
vt 0.578125 0.562500
vt 0.578125 0.593750
vt 0.562500 0.593750
vt 0.562500 0.562500
vt 0.578125 0.061343
vt 0.578125 0.093171
vt 0.562500 0.125000
vt 0.562500 0.092159
vt 0.562500 0.041667
vt 0.578125 0.500000
vt 0.578125 0.531250
vt 0.562500 0.531250
vt 0.562500 0.500000
vt 0.578125 0.959201
vt 0.578125 0.938657
vt 0.570312 0.971354
vt 0.585937 0.971354
vt 0.578125 1.000000
vt 0.562500 0.958333
vt 0.585937 0.028646
vt 0.570312 0.028646
vt 0.578125 0.000000
vt 0.578125 0.040799
vt 0.578125 0.061343
vt 0.578125 0.468750
vt 0.578125 0.437500
vt 0.562500 0.468750
vt 0.562500 0.437500
vt 0.578125 0.906829
vt 0.578125 0.875000
vt 0.562500 0.907842
vt 0.562500 0.875000
vt 0.578125 0.406250
vt 0.578125 0.375000
vt 0.562500 0.406250
vt 0.562500 0.375000
vt 0.578125 0.812500
vt 0.578125 0.843750
vt 0.562500 0.875000
vt 0.562500 0.843750
vt 0.562500 0.812500
vt 0.578125 0.343750
vt 0.578125 0.312500
vt 0.562500 0.343750
vt 0.562500 0.312500
vt 0.578125 0.750000
vt 0.578125 0.781250
vt 0.562500 0.781250
vt 0.562500 0.750000
vt 0.578125 0.281250
vt 0.562500 0.281250
vt 0.562500 0.250000
vt 0.578125 0.687500
vt 0.578125 0.718750
vt 0.562500 0.718750
vt 0.546875 0.406250
vt 0.546875 0.375000
vt 0.546875 0.437500
vt 0.531250 0.406250
vt 0.531250 0.375000
vt 0.546875 0.812500
vt 0.546875 0.843750
vt 0.531250 0.875000
vt 0.531250 0.843750
vt 0.531250 0.812500
vt 0.546875 0.343750
vt 0.546875 0.312500
vt 0.531250 0.343750
vt 0.531250 0.312500
vt 0.546875 0.750000
vt 0.546875 0.781250
vt 0.531250 0.781250
vt 0.531250 0.750000
vt 0.546875 0.281250
vt 0.546875 0.250000
vt 0.531250 0.281250
vt 0.531250 0.250000
vt 0.546875 0.687500
vt 0.546875 0.718750
vt 0.531250 0.718750
vt 0.531250 0.687500
vt 0.546875 0.218750
vt 0.546875 0.187500
vt 0.531250 0.218750
vt 0.531250 0.187500
vt 0.546875 0.625000
vt 0.546875 0.656250
vt 0.531250 0.656250
vt 0.531250 0.625000
vt 0.546875 0.156250
vt 0.546875 0.125000
vt 0.531250 0.156250
vt 0.531250 0.125000
vt 0.546875 0.562500
vt 0.546875 0.593750
vt 0.531250 0.593750
vt 0.531250 0.562500
vt 0.546875 0.061343
vt 0.546875 0.093171
vt 0.531250 0.092159
vt 0.531250 0.041667
vt 0.546875 0.500000
vt 0.546875 0.531250
vt 0.531250 0.531250
vt 0.531250 0.500000
vt 0.546875 0.959201
vt 0.546875 0.938657
vt 0.539062 0.971354
vt 0.554687 0.971354
vt 0.546875 1.000000
vt 0.531250 0.958333
vt 0.539062 0.971354
vt 0.554687 0.028646
vt 0.539062 0.028646
vt 0.546875 0.000000
vt 0.546875 0.040799
vt 0.546875 0.468750
vt 0.531250 0.468750
vt 0.531250 0.437500
vt 0.546875 0.906829
vt 0.546875 0.875000
vt 0.531250 0.907842
vt 0.531250 0.875000
vt 0.515625 0.156250
vt 0.515625 0.125000
vt 0.515625 0.187500
vt 0.500000 0.156250
vt 0.500000 0.125000
vt 0.515625 0.562500
vt 0.515625 0.593750
vt 0.500000 0.625000
vt 0.500000 0.593750
vt 0.500000 0.562500
vt 0.515625 0.061343
vt 0.515625 0.093171
vt 0.500000 0.092159
vt 0.500000 0.041667
vt 0.515625 0.500000
vt 0.515625 0.531250
vt 0.500000 0.531250
vt 0.500000 0.500000
vt 0.515625 0.959201
vt 0.515625 0.938657
vt 0.507812 0.971354
vt 0.523437 0.971354
vt 0.515625 1.000000
vt 0.500000 0.958333
vt 0.523437 0.028646
vt 0.507812 0.028646
vt 0.515625 0.000000
vt 0.515625 0.040799
vt 0.515625 0.061343
vt 0.515625 0.468750
vt 0.515625 0.437500
vt 0.500000 0.468750
vt 0.500000 0.437500
vt 0.515625 0.906829
vt 0.515625 0.875000
vt 0.500000 0.907842
vt 0.500000 0.875000
vt 0.515625 0.406250
vt 0.515625 0.375000
vt 0.500000 0.406250
vt 0.500000 0.375000
vt 0.515625 0.812500
vt 0.515625 0.843750
vt 0.500000 0.875000
vt 0.500000 0.843750
vt 0.500000 0.812500
vt 0.515625 0.343750
vt 0.515625 0.312500
vt 0.500000 0.343750
vt 0.500000 0.312500
vt 0.515625 0.750000
vt 0.515625 0.781250
vt 0.500000 0.781250
vt 0.500000 0.750000
vt 0.515625 0.281250
vt 0.515625 0.250000
vt 0.500000 0.281250
vt 0.500000 0.250000
vt 0.515625 0.687500
vt 0.515625 0.718750
vt 0.500000 0.718750
vt 0.500000 0.687500
vt 0.515625 0.218750
vt 0.500000 0.218750
vt 0.500000 0.187500
vt 0.515625 0.625000
vt 0.515625 0.656250
vt 0.500000 0.656250
vt 0.484375 0.812500
vt 0.484375 0.843750
vt 0.468750 0.875000
vt 0.468750 0.843750
vt 0.468750 0.812500
vt 0.484375 0.343750
vt 0.484375 0.312500
vt 0.484375 0.375000
vt 0.468750 0.343750
vt 0.468750 0.312500
vt 0.484375 0.750000
vt 0.484375 0.781250
vt 0.468750 0.781250
vt 0.468750 0.750000
vt 0.484375 0.281250
vt 0.484375 0.250000
vt 0.468750 0.281250
vt 0.468750 0.250000
vt 0.484375 0.687500
vt 0.484375 0.718750
vt 0.468750 0.718750
vt 0.468750 0.687500
vt 0.484375 0.218750
vt 0.484375 0.187500
vt 0.468750 0.218750
vt 0.468750 0.187500
vt 0.484375 0.625000
vt 0.484375 0.656250
vt 0.468750 0.656250
vt 0.468750 0.625000
vt 0.484375 0.156250
vt 0.484375 0.125000
vt 0.468750 0.156250
vt 0.468750 0.125000
vt 0.484375 0.562500
vt 0.484375 0.593750
vt 0.468750 0.593750
vt 0.468750 0.562500
vt 0.484375 0.061343
vt 0.484375 0.093171
vt 0.468750 0.125000
vt 0.468750 0.092159
vt 0.468750 0.041667
vt 0.484375 0.500000
vt 0.484375 0.531250
vt 0.468750 0.531250
vt 0.468750 0.500000
vt 0.484375 0.959201
vt 0.484375 0.938657
vt 0.476562 0.971354
vt 0.492187 0.971354
vt 0.484375 1.000000
vt 0.468750 0.958333
vt 0.492187 0.028646
vt 0.476562 0.028646
vt 0.484375 0.000000
vt 0.484375 0.040799
vt 0.484375 0.061343
vt 0.484375 0.468750
vt 0.484375 0.437500
vt 0.468750 0.468750
vt 0.468750 0.437500
vt 0.484375 0.906829
vt 0.484375 0.875000
vt 0.468750 0.907842
vt 0.468750 0.875000
vt 0.484375 0.406250
vt 0.468750 0.406250
vt 0.468750 0.375000
vt 0.453125 0.562500
vt 0.453125 0.593750
vt 0.437500 0.625000
vt 0.437500 0.593750
vt 0.437500 0.562500
vt 0.453125 0.061343
vt 0.453125 0.093171
vt 0.437500 0.125000
vt 0.437500 0.092159
vt 0.437500 0.041667
vt 0.453125 0.500000
vt 0.453125 0.531250
vt 0.437500 0.531250
vt 0.437500 0.500000
vt 0.453125 0.959201
vt 0.453125 0.938657
vt 0.445312 0.971354
vt 0.460937 0.971354
vt 0.453125 1.000000
vt 0.437500 0.958333
vt 0.460937 0.028646
vt 0.445312 0.028646
vt 0.453125 0.000000
vt 0.453125 0.040799
vt 0.453125 0.061343
vt 0.453125 0.468750
vt 0.453125 0.437500
vt 0.437500 0.468750
vt 0.437500 0.437500
vt 0.453125 0.906829
vt 0.453125 0.875000
vt 0.437500 0.907842
vt 0.437500 0.875000
vt 0.453125 0.406250
vt 0.453125 0.375000
vt 0.437500 0.406250
vt 0.437500 0.375000
vt 0.453125 0.812500
vt 0.453125 0.843750
vt 0.437500 0.875000
vt 0.437500 0.843750
vt 0.437500 0.812500
vt 0.453125 0.343750
vt 0.453125 0.312500
vt 0.437500 0.343750
vt 0.437500 0.312500
vt 0.453125 0.750000
vt 0.453125 0.781250
vt 0.437500 0.781250
vt 0.437500 0.750000
vt 0.453125 0.281250
vt 0.453125 0.250000
vt 0.437500 0.281250
vt 0.437500 0.250000
vt 0.453125 0.687500
vt 0.453125 0.718750
vt 0.437500 0.718750
vt 0.437500 0.687500
vt 0.453125 0.218750
vt 0.453125 0.187500
vt 0.437500 0.218750
vt 0.437500 0.187500
vt 0.453125 0.625000
vt 0.453125 0.656250
vt 0.437500 0.656250
vt 0.453125 0.156250
vt 0.453125 0.125000
vt 0.437500 0.156250
vt 0.437500 0.125000
vt 0.421875 0.343750
vt 0.421875 0.312500
vt 0.421875 0.375000
vt 0.406250 0.343750
vt 0.406250 0.312500
vt 0.421875 0.750000
vt 0.421875 0.781250
vt 0.406250 0.812500
vt 0.406250 0.781250
vt 0.406250 0.750000
vt 0.421875 0.281250
vt 0.421875 0.250000
vt 0.406250 0.281250
vt 0.406250 0.250000
vt 0.421875 0.687500
vt 0.421875 0.718750
vt 0.406250 0.718750
vt 0.406250 0.687500
vt 0.421875 0.218750
vt 0.421875 0.187500
vt 0.406250 0.218750
vt 0.406250 0.187500
vt 0.421875 0.625000
vt 0.421875 0.656250
vt 0.406250 0.656250
vt 0.406250 0.625000
vt 0.421875 0.156250
vt 0.421875 0.125000
vt 0.406250 0.156250
vt 0.406250 0.125000
vt 0.421875 0.562500
vt 0.421875 0.593750
vt 0.406250 0.593750
vt 0.406250 0.562500
vt 0.421875 0.061343
vt 0.421875 0.093171
vt 0.406250 0.125000
vt 0.406250 0.092159
vt 0.406250 0.041667
vt 0.421875 0.500000
vt 0.421875 0.531250
vt 0.406250 0.531250
vt 0.406250 0.500000
vt 0.421875 0.959201
vt 0.421875 0.938657
vt 0.414062 0.971354
vt 0.429687 0.971354
vt 0.421875 1.000000
vt 0.406250 0.958333
vt 0.429687 0.028646
vt 0.414062 0.028646
vt 0.421875 0.000000
vt 0.421875 0.040799
vt 0.429687 0.028646
vt 0.421875 0.061343
vt 0.421875 0.468750
vt 0.421875 0.437500
vt 0.406250 0.468750
vt 0.406250 0.437500
vt 0.421875 0.906829
vt 0.421875 0.875000
vt 0.406250 0.907842
vt 0.406250 0.875000
vt 0.421875 0.406250
vt 0.406250 0.406250
vt 0.406250 0.375000
vt 0.421875 0.812500
vt 0.421875 0.843750
vt 0.406250 0.875000
vt 0.406250 0.843750
vt 0.390625 0.061343
vt 0.390625 0.093171
vt 0.375000 0.125000
vt 0.375000 0.092159
vt 0.375000 0.041667
vt 0.390625 0.500000
vt 0.390625 0.531250
vt 0.375000 0.562500
vt 0.375000 0.531250
vt 0.375000 0.500000
vt 0.390625 0.959201
vt 0.390625 0.938657
vt 0.382812 0.971354
vt 0.398437 0.971354
vt 0.390625 1.000000
vt 0.375000 0.958333
vt 0.398437 0.028646
vt 0.382812 0.028646
vt 0.390625 0.000000
vt 0.390625 0.040799
vt 0.390625 0.061343
vt 0.390625 0.468750
vt 0.390625 0.437500
vt 0.375000 0.468750
vt 0.375000 0.437500
vt 0.390625 0.906829
vt 0.390625 0.875000
vt 0.375000 0.907842
vt 0.375000 0.875000
vt 0.390625 0.406250
vt 0.390625 0.375000
vt 0.375000 0.406250
vt 0.375000 0.375000
vt 0.390625 0.812500
vt 0.390625 0.843750
vt 0.375000 0.875000
vt 0.375000 0.843750
vt 0.375000 0.812500
vt 0.390625 0.343750
vt 0.390625 0.312500
vt 0.375000 0.343750
vt 0.375000 0.312500
vt 0.390625 0.750000
vt 0.390625 0.781250
vt 0.375000 0.781250
vt 0.375000 0.750000
vt 0.390625 0.281250
vt 0.390625 0.250000
vt 0.375000 0.281250
vt 0.375000 0.250000
vt 0.390625 0.687500
vt 0.390625 0.718750
vt 0.375000 0.718750
vt 0.375000 0.687500
vt 0.390625 0.218750
vt 0.390625 0.187500
vt 0.375000 0.218750
vt 0.375000 0.187500
vt 0.390625 0.625000
vt 0.390625 0.656250
vt 0.375000 0.656250
vt 0.375000 0.625000
vt 0.390625 0.156250
vt 0.390625 0.125000
vt 0.375000 0.156250
vt 0.375000 0.125000
vt 0.390625 0.562500
vt 0.390625 0.593750
vt 0.375000 0.593750
vt 0.359375 0.750000
vt 0.359375 0.781250
vt 0.343750 0.812500
vt 0.343750 0.781250
vt 0.343750 0.750000
vt 0.359375 0.281250
vt 0.359375 0.250000
vt 0.359375 0.312500
vt 0.343750 0.281250
vt 0.343750 0.250000
vt 0.359375 0.687500
vt 0.359375 0.718750
vt 0.343750 0.718750
vt 0.343750 0.687500
vt 0.359375 0.218750
vt 0.359375 0.187500
vt 0.343750 0.218750
vt 0.343750 0.187500
vt 0.359375 0.625000
vt 0.359375 0.656250
vt 0.343750 0.656250
vt 0.343750 0.625000
vt 0.359375 0.156250
vt 0.359375 0.125000
vt 0.343750 0.156250
vt 0.343750 0.125000
vt 0.359375 0.562500
vt 0.359375 0.593750
vt 0.343750 0.593750
vt 0.343750 0.562500
vt 0.359375 0.061343
vt 0.359375 0.093171
vt 0.343750 0.125000
vt 0.343750 0.092159
vt 0.343750 0.041667
vt 0.359375 0.500000
vt 0.359375 0.531250
vt 0.343750 0.531250
vt 0.343750 0.500000
vt 0.359375 0.959201
vt 0.359375 0.938657
vt 0.351562 0.971354
vt 0.367187 0.971354
vt 0.359375 1.000000
vt 0.343750 0.958333
vt 0.351562 0.971354
vt 0.367187 0.028646
vt 0.351562 0.028646
vt 0.359375 0.000000
vt 0.359375 0.040799
vt 0.359375 0.468750
vt 0.359375 0.437500
vt 0.343750 0.468750
vt 0.343750 0.437500
vt 0.359375 0.906829
vt 0.359375 0.875000
vt 0.343750 0.907842
vt 0.343750 0.875000
vt 0.359375 0.406250
vt 0.359375 0.375000
vt 0.343750 0.406250
vt 0.343750 0.375000
vt 0.359375 0.812500
vt 0.359375 0.843750
vt 0.343750 0.875000
vt 0.343750 0.843750
vt 0.359375 0.343750
vt 0.343750 0.343750
vt 0.343750 0.312500
vt 0.328125 0.500000
vt 0.328125 0.531250
vt 0.312500 0.562500
vt 0.312500 0.531250
vt 0.312500 0.500000
vt 0.328125 0.959201
vt 0.328125 0.938657
vt 0.320312 0.971354
vt 0.335937 0.971354
vt 0.328125 1.000000
vt 0.312500 0.958333
vt 0.335937 0.028646
vt 0.320312 0.028646
vt 0.328125 0.000000
vt 0.328125 0.040799
vt 0.335937 0.028646
vt 0.312500 0.041667
vt 0.328125 0.061343
vt 0.328125 0.468750
vt 0.328125 0.437500
vt 0.312500 0.468750
vt 0.312500 0.437500
vt 0.328125 0.906829
vt 0.328125 0.875000
vt 0.312500 0.907842
vt 0.312500 0.875000
vt 0.328125 0.406250
vt 0.328125 0.375000
vt 0.312500 0.406250
vt 0.312500 0.375000
vt 0.328125 0.812500
vt 0.328125 0.843750
vt 0.312500 0.875000
vt 0.312500 0.843750
vt 0.312500 0.812500
vt 0.328125 0.343750
vt 0.328125 0.312500
vt 0.312500 0.343750
vt 0.312500 0.312500
vt 0.328125 0.750000
vt 0.328125 0.781250
vt 0.312500 0.781250
vt 0.312500 0.750000
vt 0.328125 0.281250
vt 0.328125 0.250000
vt 0.312500 0.281250
vt 0.312500 0.250000
vt 0.328125 0.687500
vt 0.328125 0.718750
vt 0.312500 0.718750
vt 0.312500 0.687500
vt 0.328125 0.218750
vt 0.328125 0.187500
vt 0.312500 0.218750
vt 0.312500 0.187500
vt 0.328125 0.625000
vt 0.328125 0.656250
vt 0.312500 0.656250
vt 0.312500 0.625000
vt 0.328125 0.156250
vt 0.328125 0.125000
vt 0.312500 0.156250
vt 0.312500 0.125000
vt 0.328125 0.562500
vt 0.328125 0.593750
vt 0.312500 0.593750
vt 0.328125 0.061343
vt 0.328125 0.093171
vt 0.312500 0.092159
vt 0.296875 0.281250
vt 0.296875 0.250000
vt 0.296875 0.312500
vt 0.281250 0.281250
vt 0.281250 0.250000
vt 0.296875 0.687500
vt 0.296875 0.718750
vt 0.281250 0.750000
vt 0.281250 0.718750
vt 0.281250 0.687500
vt 0.296875 0.218750
vt 0.296875 0.187500
vt 0.281250 0.218750
vt 0.281250 0.187500
vt 0.296875 0.625000
vt 0.296875 0.656250
vt 0.281250 0.656250
vt 0.281250 0.625000
vt 0.296875 0.156250
vt 0.296875 0.125000
vt 0.281250 0.156250
vt 0.281250 0.125000
vt 0.296875 0.562500
vt 0.296875 0.593750
vt 0.281250 0.593750
vt 0.281250 0.562500
vt 0.296875 0.061343
vt 0.296875 0.093171
vt 0.281250 0.092159
vt 0.281250 0.041667
vt 0.296875 0.500000
vt 0.296875 0.531250
vt 0.281250 0.531250
vt 0.281250 0.500000
vt 0.296875 0.959201
vt 0.296875 0.938657
vt 0.289062 0.971354
vt 0.304687 0.971354
vt 0.296875 1.000000
vt 0.281250 0.958333
vt 0.304687 0.028646
vt 0.289062 0.028646
vt 0.296875 0.000000
vt 0.296875 0.040799
vt 0.296875 0.061343
vt 0.296875 0.468750
vt 0.296875 0.437500
vt 0.281250 0.468750
vt 0.281250 0.437500
vt 0.296875 0.906829
vt 0.296875 0.875000
vt 0.281250 0.907842
vt 0.281250 0.875000
vt 0.296875 0.406250
vt 0.296875 0.375000
vt 0.281250 0.406250
vt 0.281250 0.375000
vt 0.296875 0.812500
vt 0.296875 0.843750
vt 0.281250 0.875000
vt 0.281250 0.843750
vt 0.281250 0.812500
vt 0.296875 0.343750
vt 0.281250 0.343750
vt 0.281250 0.312500
vt 0.296875 0.750000
vt 0.296875 0.781250
vt 0.281250 0.781250
vt 0.273437 0.028646
vt 0.257812 0.028646
vt 0.265625 0.000000
vt 0.265625 0.040799
vt 0.250000 0.041667
vt 0.265625 0.061343
vt 0.265625 0.468750
vt 0.265625 0.437500
vt 0.265625 0.500000
vt 0.250000 0.468750
vt 0.250000 0.437500
vt 0.265625 0.906829
vt 0.265625 0.875000
vt 0.265625 0.938658
vt 0.250000 0.907842
vt 0.250000 0.875000
vt 0.265625 0.406250
vt 0.265625 0.375000
vt 0.250000 0.406250
vt 0.250000 0.375000
vt 0.265625 0.812500
vt 0.265625 0.843750
vt 0.250000 0.875000
vt 0.250000 0.843750
vt 0.250000 0.812500
vt 0.265625 0.343750
vt 0.265625 0.312500
vt 0.250000 0.343750
vt 0.250000 0.312500
vt 0.265625 0.750000
vt 0.265625 0.781250
vt 0.250000 0.781250
vt 0.250000 0.750000
vt 0.265625 0.281250
vt 0.265625 0.250000
vt 0.250000 0.281250
vt 0.250000 0.250000
vt 0.265625 0.687500
vt 0.265625 0.718750
vt 0.250000 0.718750
vt 0.250000 0.687500
vt 0.265625 0.218750
vt 0.265625 0.187500
vt 0.250000 0.218750
vt 0.250000 0.187500
vt 0.265625 0.625000
vt 0.265625 0.656250
vt 0.250000 0.656250
vt 0.250000 0.625000
vt 0.265625 0.156250
vt 0.265625 0.125000
vt 0.250000 0.156250
vt 0.250000 0.125000
vt 0.265625 0.562500
vt 0.265625 0.593750
vt 0.250000 0.593750
vt 0.250000 0.562500
vt 0.265625 0.093171
vt 0.250000 0.092159
vt 0.265625 0.531250
vt 0.250000 0.531250
vt 0.250000 0.500000
vt 0.265625 0.959201
vt 0.257812 0.971354
vt 0.273437 0.971354
vt 0.265625 1.000000
vt 0.250000 0.958333
vt 0.234375 0.218750
vt 0.234375 0.187500
vt 0.234375 0.250000
vt 0.218750 0.218750
vt 0.218750 0.187500
vt 0.234375 0.625000
vt 0.234375 0.656250
vt 0.218750 0.687500
vt 0.218750 0.656250
vt 0.218750 0.625000
vt 0.234375 0.156250
vt 0.234375 0.125000
vt 0.218750 0.156250
vt 0.218750 0.125000
vt 0.234375 0.562500
vt 0.234375 0.593750
vt 0.218750 0.593750
vt 0.218750 0.562500
vt 0.234375 0.061343
vt 0.234375 0.093171
vt 0.218750 0.092159
vt 0.218750 0.041667
vt 0.234375 0.500000
vt 0.234375 0.531250
vt 0.218750 0.531250
vt 0.218750 0.500000
vt 0.234375 0.959201
vt 0.234375 0.938657
vt 0.226562 0.971354
vt 0.242187 0.971354
vt 0.234375 1.000000
vt 0.218750 0.958333
vt 0.242188 0.028646
vt 0.226563 0.028646
vt 0.234375 0.000000
vt 0.234375 0.040799
vt 0.234375 0.061343
vt 0.234375 0.468750
vt 0.234375 0.437500
vt 0.218750 0.468750
vt 0.218750 0.437500
vt 0.234375 0.906829
vt 0.234375 0.875000
vt 0.218750 0.907842
vt 0.218750 0.875000
vt 0.234375 0.406250
vt 0.234375 0.375000
vt 0.218750 0.406250
vt 0.218750 0.375000
vt 0.234375 0.812500
vt 0.234375 0.843750
vt 0.218750 0.875000
vt 0.218750 0.843750
vt 0.218750 0.812500
vt 0.234375 0.343750
vt 0.234375 0.312500
vt 0.218750 0.343750
vt 0.218750 0.312500
vt 0.234375 0.750000
vt 0.234375 0.781250
vt 0.218750 0.781250
vt 0.218750 0.750000
vt 0.234375 0.281250
vt 0.218750 0.281250
vt 0.218750 0.250000
vt 0.234375 0.687500
vt 0.234375 0.718750
vt 0.218750 0.718750
vt 0.203125 0.906829
vt 0.203125 0.875000
vt 0.203125 0.938658
vt 0.187500 0.907842
vt 0.187500 0.875000
vt 0.203125 0.406250
vt 0.203125 0.375000
vt 0.203125 0.437500
vt 0.187500 0.406250
vt 0.187500 0.375000
vt 0.203125 0.812500
vt 0.203125 0.843750
vt 0.187500 0.875000
vt 0.187500 0.843750
vt 0.187500 0.812500
vt 0.203125 0.343750
vt 0.203125 0.312500
vt 0.187500 0.343750
vt 0.187500 0.312500
vt 0.203125 0.750000
vt 0.203125 0.781250
vt 0.187500 0.781250
vt 0.187500 0.750000
vt 0.203125 0.281250
vt 0.203125 0.250000
vt 0.187500 0.281250
vt 0.187500 0.250000
vt 0.203125 0.687500
vt 0.203125 0.718750
vt 0.187500 0.718750
vt 0.187500 0.687500
vt 0.203125 0.218750
vt 0.203125 0.187500
vt 0.187500 0.218750
vt 0.187500 0.187500
vt 0.203125 0.625000
vt 0.203125 0.656250
vt 0.187500 0.656250
vt 0.187500 0.625000
vt 0.203125 0.156250
vt 0.203125 0.125000
vt 0.187500 0.156250
vt 0.187500 0.125000
vt 0.203125 0.562500
vt 0.203125 0.593750
vt 0.187500 0.593750
vt 0.187500 0.562500
vt 0.203125 0.061343
vt 0.203125 0.093171
vt 0.187500 0.092159
vt 0.187500 0.041667
vt 0.203125 0.500000
vt 0.203125 0.531250
vt 0.187500 0.531250
vt 0.187500 0.500000
vt 0.203125 0.959201
vt 0.195313 0.971354
vt 0.210938 0.971354
vt 0.203125 1.000000
vt 0.187500 0.958333
vt 0.195313 0.971354
vt 0.210938 0.028646
vt 0.195313 0.028646
vt 0.203125 0.000000
vt 0.203125 0.040799
vt 0.203125 0.061343
vt 0.203125 0.468750
vt 0.187500 0.468750
vt 0.187500 0.437500
vt 0.171875 0.625000
vt 0.171875 0.656250
vt 0.156250 0.687500
vt 0.156250 0.656250
vt 0.156250 0.625000
vt 0.171875 0.156250
vt 0.171875 0.125000
vt 0.171875 0.187500
vt 0.156250 0.156250
vt 0.156250 0.125000
vt 0.171875 0.562500
vt 0.171875 0.593750
vt 0.156250 0.593750
vt 0.156250 0.562500
vt 0.171875 0.061343
vt 0.171875 0.093171
vt 0.156250 0.092159
vt 0.156250 0.041667
vt 0.171875 0.500000
vt 0.171875 0.531250
vt 0.156250 0.531250
vt 0.156250 0.500000
vt 0.171875 0.959201
vt 0.171875 0.938657
vt 0.164063 0.971354
vt 0.179688 0.971354
vt 0.171875 1.000000
vt 0.156250 0.958333
vt 0.179688 0.028646
vt 0.164063 0.028646
vt 0.171875 0.000000
vt 0.171875 0.040799
vt 0.171875 0.061343
vt 0.171875 0.468750
vt 0.171875 0.437500
vt 0.156250 0.468750
vt 0.156250 0.437500
vt 0.171875 0.906829
vt 0.171875 0.875000
vt 0.156250 0.907842
vt 0.156250 0.875000
vt 0.171875 0.406250
vt 0.171875 0.375000
vt 0.156250 0.406250
vt 0.156250 0.375000
vt 0.171875 0.812500
vt 0.171875 0.843750
vt 0.156250 0.875000
vt 0.156250 0.843750
vt 0.156250 0.812500
vt 0.171875 0.343750
vt 0.171875 0.312500
vt 0.156250 0.343750
vt 0.156250 0.312500
vt 0.171875 0.750000
vt 0.171875 0.781250
vt 0.156250 0.781250
vt 0.156250 0.750000
vt 0.171875 0.281250
vt 0.171875 0.250000
vt 0.156250 0.281250
vt 0.156250 0.250000
vt 0.171875 0.687500
vt 0.171875 0.718750
vt 0.156250 0.718750
vt 0.171875 0.218750
vt 0.156250 0.218750
vt 0.156250 0.187500
vt 0.140625 0.406250
vt 0.140625 0.375000
vt 0.140625 0.437500
vt 0.125000 0.406250
vt 0.125000 0.375000
vt 0.140625 0.812500
vt 0.140625 0.843750
vt 0.125000 0.875000
vt 0.125000 0.843750
vt 0.125000 0.812500
vt 0.140625 0.343750
vt 0.140625 0.312500
vt 0.125000 0.343750
vt 0.125000 0.312500
vt 0.140625 0.750000
vt 0.140625 0.781250
vt 0.125000 0.781250
vt 0.125000 0.750000
vt 0.140625 0.281250
vt 0.140625 0.250000
vt 0.125000 0.281250
vt 0.125000 0.250000
vt 0.140625 0.687500
vt 0.140625 0.718750
vt 0.125000 0.718750
vt 0.125000 0.687500
vt 0.140625 0.218750
vt 0.140625 0.187500
vt 0.125000 0.218750
vt 0.125000 0.187500
vt 0.140625 0.625000
vt 0.140625 0.656250
vt 0.125000 0.656250
vt 0.125000 0.625000
vt 0.140625 0.156250
vt 0.140625 0.125000
vt 0.125000 0.156250
vt 0.125000 0.125000
vt 0.140625 0.562500
vt 0.140625 0.593750
vt 0.125000 0.593750
vt 0.125000 0.562500
vt 0.140625 0.061343
vt 0.140625 0.093171
vt 0.125000 0.125000
vt 0.125000 0.092159
vt 0.125000 0.041667
vt 0.140625 0.500000
vt 0.140625 0.531250
vt 0.125000 0.531250
vt 0.125000 0.500000
vt 0.140625 0.959201
vt 0.140625 0.938657
vt 0.132813 0.971354
vt 0.148438 0.971354
vt 0.140625 1.000000
vt 0.125000 0.958333
vt 0.148438 0.028646
vt 0.132813 0.028646
vt 0.140625 0.000000
vt 0.140625 0.040799
vt 0.140625 0.468750
vt 0.125000 0.468750
vt 0.125000 0.437500
vt 0.140625 0.906829
vt 0.140625 0.875000
vt 0.125000 0.907842
vt 0.125000 0.875000
vt 0.109375 0.156250
vt 0.109375 0.125000
vt 0.109375 0.187500
vt 0.093750 0.156250
vt 0.093750 0.125000
vt 0.109375 0.562500
vt 0.109375 0.593750
vt 0.093750 0.625000
vt 0.093750 0.593750
vt 0.093750 0.562500
vt 0.109375 0.061343
vt 0.109375 0.093171
vt 0.093750 0.092159
vt 0.093750 0.041667
vt 0.109375 0.500000
vt 0.109375 0.531250
vt 0.093750 0.531250
vt 0.093750 0.500000
vt 0.109375 0.959201
vt 0.109375 0.938657
vt 0.101563 0.971354
vt 0.117188 0.971354
vt 0.109375 1.000000
vt 0.093750 0.958333
vt 0.101563 0.971354
vt 0.117188 0.028646
vt 0.101563 0.028646
vt 0.109375 0.000000
vt 0.109375 0.040799
vt 0.109375 0.468750
vt 0.109375 0.437500
vt 0.093750 0.468750
vt 0.093750 0.437500
vt 0.109375 0.906829
vt 0.109375 0.875000
vt 0.093750 0.907842
vt 0.093750 0.875000
vt 0.109375 0.406250
vt 0.109375 0.375000
vt 0.093750 0.406250
vt 0.093750 0.375000
vt 0.109375 0.812500
vt 0.109375 0.843750
vt 0.093750 0.875000
vt 0.093750 0.843750
vt 0.093750 0.812500
vt 0.109375 0.343750
vt 0.109375 0.312500
vt 0.093750 0.343750
vt 0.093750 0.312500
vt 0.109375 0.750000
vt 0.109375 0.781250
vt 0.093750 0.781250
vt 0.093750 0.750000
vt 0.109375 0.281250
vt 0.109375 0.250000
vt 0.093750 0.281250
vt 0.093750 0.250000
vt 0.109375 0.687500
vt 0.109375 0.718750
vt 0.093750 0.718750
vt 0.093750 0.687500
vt 0.109375 0.218750
vt 0.093750 0.218750
vt 0.093750 0.187500
vt 0.109375 0.625000
vt 0.109375 0.656250
vt 0.093750 0.656250
vt 0.078125 0.812500
vt 0.078125 0.843750
vt 0.062500 0.875000
vt 0.062500 0.843750
vt 0.062500 0.812500
vt 0.078125 0.343750
vt 0.078125 0.312500
vt 0.078125 0.375000
vt 0.062500 0.343750
vt 0.062500 0.312500
vt 0.078125 0.750000
vt 0.078125 0.781250
vt 0.062500 0.781250
vt 0.062500 0.750000
vt 0.078125 0.281250
vt 0.078125 0.250000
vt 0.062500 0.281250
vt 0.062500 0.250000
vt 0.078125 0.687500
vt 0.078125 0.718750
vt 0.062500 0.718750
vt 0.062500 0.687500
vt 0.078125 0.218750
vt 0.078125 0.187500
vt 0.062500 0.218750
vt 0.062500 0.187500
vt 0.078125 0.625000
vt 0.078125 0.656250
vt 0.062500 0.656250
vt 0.062500 0.625000
vt 0.078125 0.156250
vt 0.078125 0.125000
vt 0.062500 0.156250
vt 0.062500 0.125000
vt 0.078125 0.562500
vt 0.078125 0.593750
vt 0.062500 0.593750
vt 0.062500 0.562500
vt 0.078125 0.061343
vt 0.078125 0.093171
vt 0.062500 0.125000
vt 0.062500 0.092159
vt 0.062500 0.041667
vt 0.078125 0.500000
vt 0.078125 0.531250
vt 0.062500 0.531250
vt 0.062500 0.500000
vt 0.078125 0.959201
vt 0.078125 0.938657
vt 0.070313 0.971354
vt 0.085938 0.971354
vt 0.078125 1.000000
vt 0.062500 0.958333
vt 0.085938 0.028646
vt 0.070313 0.028646
vt 0.078125 0.000000
vt 0.078125 0.040799
vt 0.085938 0.028646
vt 0.078125 0.061343
vt 0.078125 0.468750
vt 0.078125 0.437500
vt 0.062500 0.468750
vt 0.062500 0.437500
vt 0.078125 0.906829
vt 0.078125 0.875000
vt 0.062500 0.907842
vt 0.078125 0.406250
vt 0.062500 0.406250
vt 0.062500 0.375000
vt 0.046875 0.562500
vt 0.046875 0.593750
vt 0.031250 0.625000
vt 0.031250 0.593750
vt 0.031250 0.562500
vt 0.046875 0.061343
vt 0.046875 0.093171
vt 0.031250 0.125000
vt 0.031250 0.092159
vt 0.031250 0.041667
vt 0.046875 0.500000
vt 0.046875 0.531250
vt 0.031250 0.531250
vt 0.031250 0.500000
vt 0.046875 0.959201
vt 0.046875 0.938657
vt 0.039063 0.971354
vt 0.054688 0.971354
vt 0.046875 1.000000
vt 0.031250 0.958333
vt 0.054688 0.028646
vt 0.039063 0.028646
vt 0.046875 0.000000
vt 0.046875 0.040799
vt 0.046875 0.061343
vt 0.046875 0.468750
vt 0.046875 0.437500
vt 0.031250 0.468750
vt 0.031250 0.437500
vt 0.046875 0.906829
vt 0.046875 0.875000
vt 0.031250 0.907842
vt 0.031250 0.875000
vt 0.046875 0.406250
vt 0.046875 0.375000
vt 0.031250 0.406250
vt 0.031250 0.375000
vt 0.046875 0.812500
vt 0.046875 0.843750
vt 0.031250 0.843750
vt 0.031250 0.812500
vt 0.046875 0.343750
vt 0.046875 0.312500
vt 0.031250 0.343750
vt 0.031250 0.312500
vt 0.046875 0.750000
vt 0.046875 0.781250
vt 0.031250 0.781250
vt 0.031250 0.750000
vt 0.046875 0.281250
vt 0.046875 0.250000
vt 0.031250 0.281250
vt 0.031250 0.250000
vt 0.046875 0.687500
vt 0.046875 0.718750
vt 0.031250 0.718750
vt 0.031250 0.687500
vt 0.046875 0.218750
vt 0.046875 0.187500
vt 0.031250 0.218750
vt 0.031250 0.187500
vt 0.046875 0.625000
vt 0.046875 0.656250
vt 0.031250 0.656250
vt 0.046875 0.156250
vt 0.046875 0.125000
vt 0.031250 0.156250
vt 0.031250 0.125000
vt 0.015625 0.343750
vt 0.015625 0.312500
vt 0.015625 0.375000
vt 0.000000 0.343750
vt 0.000000 0.312500
vt 0.015625 0.750000
vt 0.015625 0.781250
vt 0.000000 0.812500
vt 0.000000 0.781250
vt 0.000000 0.750000
vt 0.015625 0.281250
vt 0.015625 0.250000
vt 0.000000 0.281250
vt 0.000000 0.250000
vt 0.015625 0.687500
vt 0.015625 0.718750
vt 0.000000 0.718750
vt 0.000000 0.687500
vt 0.015625 0.218750
vt 0.015625 0.187500
vt 0.000000 0.218750
vt 0.000000 0.187500
vt 0.015625 0.625000
vt 0.015625 0.656250
vt 0.000000 0.656250
vt 0.000000 0.625000
vt 0.015625 0.156250
vt 0.015625 0.125000
vt 0.000000 0.156250
vt 0.000000 0.125000
vt 0.015625 0.562500
vt 0.015625 0.593750
vt 0.000000 0.593750
vt 0.000000 0.562500
vt 0.015842 0.063079
vt 0.015679 0.093605
vt 0.000326 0.093750
vt 0.002604 0.062500
vt 0.015625 0.500000
vt 0.015625 0.531250
vt 0.000000 0.531250
vt 0.000000 0.500000
vt 0.015707 0.958550
vt 0.015842 0.936921
vt 0.008138 0.968750
vt 0.023438 0.971354
vt 0.015625 1.000000
vt 0.002604 0.937500
vt 0.023438 0.028646
vt 0.008138 0.031250
vt 0.015625 0.000000
vt 0.015707 0.041450
vt 0.002604 0.062500
vt 0.015842 0.063079
vt 0.015625 0.468750
vt 0.015625 0.437500
vt 0.000000 0.468750
vt 0.000000 0.437500
vt 0.015679 0.906395
vt 0.015625 0.875000
vt 0.000326 0.906250
vt 0.000000 0.875000
vt 0.015625 0.406250
vt 0.000000 0.406250
vt 0.000000 0.375000
vt 0.015625 0.812500
vt 0.015625 0.843750
vt 0.000000 0.843750
vt 0.999675 0.093750
vt 0.984158 0.063079
vt 0.997396 0.062500
vt 1.000000 0.125000
vt 0.984321 0.093605
vt 0.968750 0.125000
vt 0.968750 0.092158
vt 0.968750 0.041667
vt 1.000000 0.531250
vt 0.984375 0.500000
vt 1.000000 0.500000
vt 1.000000 0.562500
vt 0.984375 0.531250
vt 0.968750 0.562500
vt 0.968750 0.531250
vt 0.968750 0.500000
vt 0.997396 0.937500
vt 0.984294 0.958550
vt 0.984158 0.936921
vt 0.976563 0.971354
vt 0.991862 0.968750
vt 0.984376 1.000000
vt 0.968750 0.958333
vt 0.991862 0.031250
vt 0.976563 0.028646
vt 0.984375 0.000000
vt 0.997396 0.062500
vt 0.984294 0.041450
vt 0.984158 0.063079
vt 1.000000 0.437500
vt 0.984375 0.468750
vt 0.984375 0.437500
vt 1.000000 0.468750
vt 0.968750 0.468750
vt 0.968750 0.437500
vt 1.000000 0.875000
vt 0.984321 0.906395
vt 0.984375 0.875000
vt 0.999675 0.906250
vt 0.968750 0.907842
vt 0.968750 0.875000
vt 1.000000 0.375000
vt 0.984375 0.406250
vt 0.984375 0.375000
vt 1.000000 0.406250
vt 0.968750 0.406250
vt 0.968750 0.375000
vt 1.000000 0.843750
vt 0.984375 0.812500
vt 1.000000 0.812500
vt 1.000000 0.875000
vt 0.984375 0.843750
vt 0.968750 0.875000
vt 0.968750 0.843750
vt 0.968750 0.812500
vt 1.000000 0.312500
vt 0.984375 0.343750
vt 0.984375 0.312500
vt 1.000000 0.343750
vt 0.968750 0.343750
vt 0.968750 0.312500
vt 1.000000 0.781250
vt 0.984375 0.750000
vt 1.000000 0.750000
vt 0.984375 0.781250
vt 0.968750 0.781250
vt 0.968750 0.750000
vt 1.000000 0.250000
vt 0.984375 0.281250
vt 0.984375 0.250000
vt 1.000000 0.281250
vt 0.968750 0.281250
vt 0.968750 0.250000
vt 1.000000 0.718750
vt 0.984375 0.687500
vt 1.000000 0.687500
vt 0.984375 0.718750
vt 0.968750 0.718750
vt 0.968750 0.687500
vt 1.000000 0.187500
vt 0.984375 0.218750
vt 0.984375 0.187500
vt 1.000000 0.218750
vt 0.968750 0.218750
vt 0.968750 0.187500
vt 1.000000 0.656250
vt 0.984375 0.625000
vt 1.000000 0.625000
vt 0.984375 0.656250
vt 0.968750 0.656250
vt 0.968750 0.625000
vt 1.000000 0.125000
vt 0.984375 0.156250
vt 0.984375 0.125000
vt 1.000000 0.156250
vt 0.968750 0.156250
vt 0.968750 0.125000
vt 1.000000 0.593750
vt 0.984375 0.562500
vt 0.984375 0.593750
vt 0.968750 0.593750
vt 0.953125 0.281250
vt 0.953125 0.250000
vt 0.953125 0.312500
vt 0.937500 0.281250
vt 0.937500 0.250000
vt 0.953125 0.687500
vt 0.953125 0.718750
vt 0.937500 0.750000
vt 0.937500 0.718750
vt 0.937500 0.687500
vt 0.953125 0.218750
vt 0.953125 0.187500
vt 0.937500 0.218750
vt 0.937500 0.187500
vt 0.953125 0.625000
vt 0.953125 0.656250
vt 0.937500 0.656250
vt 0.937500 0.625000
vt 0.953125 0.156250
vt 0.953125 0.125000
vt 0.937500 0.156250
vt 0.937500 0.125000
vt 0.953125 0.562500
vt 0.953125 0.593750
vt 0.937500 0.593750
vt 0.937500 0.562500
vt 0.953125 0.061343
vt 0.953125 0.093171
vt 0.937500 0.125000
vt 0.937500 0.092158
vt 0.937500 0.041667
vt 0.953125 0.500000
vt 0.953125 0.531250
vt 0.937500 0.531250
vt 0.937500 0.500000
vt 0.953125 0.959201
vt 0.953125 0.938658
vt 0.945313 0.971354
vt 0.960938 0.971354
vt 0.953126 1.000000
vt 0.937500 0.958333
vt 0.960938 0.028646
vt 0.945313 0.028646
vt 0.953125 0.000000
vt 0.953125 0.040799
vt 0.953125 0.061343
vt 0.953125 0.468750
vt 0.953125 0.437500
vt 0.937500 0.468750
vt 0.937500 0.437500
vt 0.953125 0.906829
vt 0.953125 0.875000
vt 0.937500 0.907842
vt 0.937500 0.875000
vt 0.953125 0.406250
vt 0.953125 0.375000
vt 0.937500 0.406250
vt 0.937500 0.375000
vt 0.953125 0.812500
vt 0.953125 0.843750
vt 0.937500 0.875000
vt 0.937500 0.843750
vt 0.937500 0.812500
vt 0.953125 0.343750
vt 0.937500 0.343750
vt 0.937500 0.312500
vt 0.953125 0.750000
vt 0.953125 0.781250
vt 0.937500 0.781250
vt 0.921875 0.959201
vt 0.921875 0.938658
vt 0.914063 0.971354
vt 0.929688 0.971354
vt 0.921876 1.000000
vt 0.906250 0.958333
vt 0.929688 0.028646
vt 0.914063 0.028646
vt 0.921875 0.000000
vt 0.921875 0.040799
vt 0.906250 0.041667
vt 0.921875 0.061343
vt 0.921875 0.468750
vt 0.921875 0.437500
vt 0.921875 0.500000
vt 0.906250 0.468750
vt 0.906250 0.437500
vt 0.921875 0.906829
vt 0.921875 0.875000
vt 0.906250 0.907842
vt 0.906250 0.875000
vt 0.921875 0.406250
vt 0.921875 0.375000
vt 0.906250 0.406250
vt 0.906250 0.375000
vt 0.921875 0.812500
vt 0.921875 0.843750
vt 0.906250 0.875000
vt 0.906250 0.843750
vt 0.906250 0.812500
vt 0.921875 0.343750
vt 0.921875 0.312500
vt 0.906250 0.343750
vt 0.906250 0.312500
vt 0.921875 0.750000
vt 0.921875 0.781250
vt 0.906250 0.781250
vt 0.906250 0.750000
vt 0.921875 0.281250
vt 0.921875 0.250000
vt 0.906250 0.281250
vt 0.906250 0.250000
vt 0.921875 0.687500
vt 0.921875 0.718750
vt 0.906250 0.718750
vt 0.906250 0.687500
vt 0.921875 0.218750
vt 0.921875 0.187500
vt 0.906250 0.218750
vt 0.906250 0.187500
vt 0.921875 0.625000
vt 0.921875 0.656250
vt 0.906250 0.656250
vt 0.906250 0.625000
vt 0.921875 0.156250
vt 0.921875 0.125000
vt 0.906250 0.156250
vt 0.906250 0.125000
vt 0.921875 0.562500
vt 0.921875 0.593750
vt 0.906250 0.593750
vt 0.906250 0.562500
vt 0.921875 0.061343
vt 0.921875 0.093171
vt 0.906250 0.092158
vt 0.921875 0.531250
vt 0.906250 0.531250
vt 0.906250 0.500000
vt 0.890625 0.687500
vt 0.890625 0.718750
vt 0.875000 0.750000
vt 0.875000 0.718750
vt 0.875000 0.687500
vt 0.890625 0.218750
vt 0.890625 0.187500
vt 0.890625 0.250000
vt 0.875000 0.218750
vt 0.875000 0.187500
vt 0.890625 0.625000
vt 0.890625 0.656250
vt 0.875000 0.656250
vt 0.875000 0.625000
vt 0.890625 0.156250
vt 0.890625 0.125000
vt 0.875000 0.156250
vt 0.875000 0.125000
vt 0.890625 0.562500
vt 0.890625 0.593750
vt 0.875000 0.593750
vt 0.875000 0.562500
vt 0.890625 0.061342
vt 0.890625 0.093171
vt 0.875000 0.125000
vt 0.875000 0.092158
vt 0.875000 0.041667
vt 0.890625 0.500000
vt 0.890625 0.531250
vt 0.875000 0.531250
vt 0.875000 0.500000
vt 0.890625 0.959201
vt 0.890625 0.938658
vt 0.882813 0.971354
vt 0.898438 0.971354
vt 0.890625 1.000000
vt 0.875000 0.958333
vt 0.898438 0.028646
vt 0.882813 0.028646
vt 0.890625 0.000000
vt 0.890625 0.040799
vt 0.890625 0.061342
vt 0.890625 0.468750
vt 0.890625 0.437500
vt 0.875000 0.468750
vt 0.875000 0.437500
vt 0.890625 0.906829
vt 0.890625 0.875000
vt 0.875000 0.907842
vt 0.875000 0.875000
vt 0.890625 0.406250
vt 0.890625 0.375000
vt 0.875000 0.406250
vt 0.875000 0.375000
vt 0.890625 0.812500
vt 0.890625 0.843750
vt 0.875000 0.875000
vt 0.875000 0.843750
vt 0.875000 0.812500
vt 0.890625 0.343750
vt 0.890625 0.312500
vt 0.875000 0.343750
vt 0.875000 0.312500
vt 0.890625 0.750000
vt 0.890625 0.781250
vt 0.875000 0.781250
vt 0.890625 0.281250
vt 0.875000 0.281250
vt 0.875000 0.250000
vt 0.859375 0.468750
vt 0.859375 0.437500
vt 0.859375 0.500000
vt 0.843750 0.468750
vt 0.843750 0.437500
vt 0.859375 0.906829
vt 0.859375 0.875000
vt 0.859375 0.938658
vt 0.843750 0.907842
vt 0.843750 0.875000
vt 0.859375 0.406250
vt 0.859375 0.375000
vt 0.843750 0.406250
vt 0.843750 0.375000
vt 0.859375 0.812500
vt 0.859375 0.843750
vt 0.843750 0.875000
vt 0.843750 0.843750
vt 0.843750 0.812500
vt 0.859375 0.343750
vt 0.859375 0.312500
vt 0.843750 0.343750
vt 0.843750 0.312500
vt 0.859375 0.750000
vt 0.859375 0.781250
vt 0.843750 0.781250
vt 0.843750 0.750000
vt 0.859375 0.281250
vt 0.859375 0.250000
vt 0.843750 0.281250
vt 0.843750 0.250000
vt 0.859375 0.687500
vt 0.859375 0.718750
vt 0.843750 0.718750
vt 0.843750 0.687500
vt 0.859375 0.218750
vt 0.859375 0.187500
vt 0.843750 0.218750
vt 0.843750 0.187500
vt 0.859375 0.625000
vt 0.859375 0.656250
vt 0.843750 0.656250
vt 0.843750 0.625000
vt 0.859375 0.156250
vt 0.859375 0.125000
vt 0.843750 0.156250
vt 0.843750 0.125000
vt 0.859375 0.562500
vt 0.859375 0.593750
vt 0.843750 0.593750
vt 0.843750 0.562500
vt 0.859375 0.061342
vt 0.859375 0.093171
vt 0.843750 0.125000
vt 0.843750 0.092158
vt 0.843750 0.041667
vt 0.859375 0.531250
vt 0.843750 0.531250
vt 0.843750 0.500000
vt 0.859375 0.959201
vt 0.851563 0.971354
vt 0.867188 0.971354
vt 0.859375 1.000000
vt 0.843750 0.958333
vt 0.851563 0.971354
vt 0.867188 0.028646
vt 0.851563 0.028646
vt 0.859375 0.000000
vt 0.859375 0.040799
vt 0.859375 0.061342
vt 0.828125 0.218750
vt 0.828125 0.187500
vt 0.828125 0.250000
vt 0.812500 0.218750
vt 0.812500 0.187500
vt 0.828125 0.625000
vt 0.828125 0.656250
vt 0.812500 0.687500
vt 0.812500 0.656250
vt 0.812500 0.625000
vt 0.828125 0.156250
vt 0.828125 0.125000
vt 0.812500 0.156250
vt 0.812500 0.125000
vt 0.828125 0.562500
vt 0.828125 0.593750
vt 0.812500 0.593750
vt 0.812500 0.562500
vt 0.828125 0.061342
vt 0.828125 0.093171
vt 0.812500 0.092158
vt 0.812500 0.041667
vt 0.828125 0.500000
vt 0.828125 0.531250
vt 0.812500 0.531250
vt 0.812500 0.500000
vt 0.828125 0.959201
vt 0.828125 0.938658
vt 0.820313 0.971354
vt 0.835938 0.971354
vt 0.828125 1.000000
vt 0.812500 0.958333
vt 0.835938 0.028646
vt 0.820313 0.028646
vt 0.828125 0.000000
vt 0.828125 0.040799
vt 0.828125 0.468750
vt 0.828125 0.437500
vt 0.812500 0.468750
vt 0.812500 0.437500
vt 0.828125 0.906829
vt 0.828125 0.875000
vt 0.812500 0.907842
vt 0.812500 0.875000
vt 0.828125 0.406250
vt 0.828125 0.375000
vt 0.812500 0.406250
vt 0.812500 0.375000
vt 0.828125 0.812500
vt 0.828125 0.843750
vt 0.812500 0.843750
vt 0.812500 0.812500
vt 0.828125 0.343750
vt 0.828125 0.312500
vt 0.812500 0.343750
vt 0.812500 0.312500
vt 0.828125 0.750000
vt 0.828125 0.781250
vt 0.812500 0.781250
vt 0.812500 0.750000
vt 0.828125 0.281250
vt 0.812500 0.281250
vt 0.812500 0.250000
vt 0.828125 0.687500
vt 0.828125 0.718750
vt 0.812500 0.718750
vt 0.796875 0.906829
vt 0.796875 0.875000
vt 0.796875 0.938658
vt 0.781250 0.907842
vt 0.781250 0.875000
vt 0.796875 0.406250
vt 0.796875 0.375000
vt 0.796875 0.437500
vt 0.781250 0.406250
vt 0.781250 0.375000
vt 0.796875 0.812500
vt 0.796875 0.843750
vt 0.781250 0.875000
vt 0.781250 0.843750
vt 0.781250 0.812500
vt 0.796875 0.343750
vt 0.796875 0.312500
vt 0.781250 0.343750
vt 0.781250 0.312500
vt 0.796875 0.750000
vt 0.796875 0.781250
vt 0.781250 0.781250
vt 0.781250 0.750000
vt 0.796875 0.281250
vt 0.796875 0.250000
vt 0.781250 0.281250
vt 0.781250 0.250000
vt 0.796875 0.687500
vt 0.796875 0.718750
vt 0.781250 0.718750
vt 0.781250 0.687500
vt 0.796875 0.218750
vt 0.796875 0.187500
vt 0.781250 0.218750
vt 0.781250 0.187500
vt 0.796875 0.625000
vt 0.796875 0.656250
vt 0.781250 0.656250
vt 0.781250 0.625000
vt 0.796875 0.156250
vt 0.796875 0.125000
vt 0.781250 0.156250
vt 0.781250 0.125000
vt 0.796875 0.562500
vt 0.796875 0.593750
vt 0.781250 0.593750
vt 0.781250 0.562500
vt 0.796875 0.061342
vt 0.796875 0.093171
vt 0.781250 0.125000
vt 0.781250 0.092158
vt 0.781250 0.041667
vt 0.796875 0.500000
vt 0.796875 0.531250
vt 0.781250 0.531250
vt 0.781250 0.500000
vt 0.796875 0.959201
vt 0.789063 0.971354
vt 0.804688 0.971354
vt 0.796875 1.000000
vt 0.781250 0.958333
vt 0.804688 0.028646
vt 0.789063 0.028646
vt 0.796875 0.000000
vt 0.796875 0.040799
vt 0.804688 0.028646
vt 0.796875 0.468750
vt 0.781250 0.468750
vt 0.781250 0.437500
vt 0.765625 0.625000
vt 0.765625 0.656250
vt 0.765625 0.156250
vt 0.765625 0.125000
vt 0.765625 0.187500
vt 0.765625 0.562500
vt 0.765625 0.593750
vt 0.765625 0.061342
vt 0.765625 0.093171
vt 0.765625 0.500000
vt 0.765625 0.531250
vt 0.765625 0.959202
vt 0.765625 0.938658
vt 0.757813 0.971354
vt 0.773438 0.971354
vt 0.765625 1.000000
vt 0.757813 0.971354
vt 0.773438 0.028646
vt 0.757813 0.028646
vt 0.765625 0.000000
vt 0.765625 0.040799
vt 0.773438 0.028646
vt 0.765625 0.061342
vt 0.765625 0.468750
vt 0.765625 0.437500
vt 0.765625 0.906829
vt 0.765625 0.875000
vt 0.765625 0.406250
vt 0.765625 0.375000
vt 0.765625 0.812500
vt 0.765625 0.843750
vt 0.765625 0.343750
vt 0.765625 0.312500
vt 0.765625 0.750000
vt 0.765625 0.781250
vt 0.765625 0.281250
vt 0.765625 0.250000
vt 0.765625 0.687500
vt 0.765625 0.718750
vt 0.765625 0.218750
vt 0.734375 0.125000
vt 0.742188 0.971354
vt 0.734375 0.938658
vt 0.726562 0.028646
vt 0.734375 0.875000
vt 0.703125 0.125000
vt 0.703125 0.938658
vt 0.703125 0.061343
vt 0.695312 0.028646
vt 0.703125 0.875000
vt 0.679687 0.971354
vt 0.671875 0.938658
vt 0.671875 0.875000
vt 0.671875 0.125000
vt 0.648437 0.971354
vt 0.640625 0.938658
vt 0.640625 0.061343
vt 0.640625 0.875000
vt 0.609375 0.875000
vt 0.609375 0.125000
vt 0.609375 0.938657
vt 0.609375 0.061343
vt 0.578125 0.125000
vt 0.585937 0.971354
vt 0.578125 0.938657
vt 0.578125 0.061343
vt 0.578125 0.875000
vt 0.546875 0.875000
vt 0.546875 0.125000
vt 0.546875 0.938657
vt 0.546875 0.061343
vt 0.515625 0.125000
vt 0.515625 0.938657
vt 0.515625 0.061343
vt 0.515625 0.875000
vt 0.484375 0.875000
vt 0.484375 0.125000
vt 0.484375 0.938657
vt 0.484375 0.061343
vt 0.453125 0.125000
vt 0.453125 0.938657
vt 0.453125 0.061343
vt 0.453125 0.875000
vt 0.421875 0.125000
vt 0.421875 0.938657
vt 0.421875 0.061343
vt 0.414062 0.028646
vt 0.421875 0.875000
vt 0.390625 0.125000
vt 0.398437 0.971354
vt 0.390625 0.938657
vt 0.390625 0.061343
vt 0.390625 0.875000
vt 0.359375 0.125000
vt 0.359375 0.938657
vt 0.359375 0.061343
vt 0.351562 0.028646
vt 0.359375 0.875000
vt 0.328125 0.938657
vt 0.328125 0.061343
vt 0.328125 0.875000
vt 0.328125 0.125000
vt 0.296875 0.125000
vt 0.304687 0.971354
vt 0.296875 0.938657
vt 0.296875 0.061343
vt 0.296875 0.875000
vt 0.265625 0.061343
vt 0.265625 0.875000
vt 0.265625 0.125000
vt 0.265625 0.938657
vt 0.234375 0.125000
vt 0.234375 0.938657
vt 0.234375 0.061343
vt 0.234375 0.875000
vt 0.203125 0.875000
vt 0.203125 0.125000
vt 0.203125 0.938657
vt 0.203125 0.061343
vt 0.171875 0.125000
vt 0.171875 0.938657
vt 0.171875 0.061343
vt 0.164063 0.028646
vt 0.171875 0.875000
vt 0.140625 0.875000
vt 0.140625 0.125000
vt 0.140625 0.938657
vt 0.140625 0.061343
vt 0.109375 0.125000
vt 0.117188 0.971354
vt 0.109375 0.938657
vt 0.109375 0.061343
vt 0.109375 0.875000
vt 0.078125 0.875000
vt 0.078125 0.125000
vt 0.078125 0.938657
vt 0.078125 0.061343
vt 0.046875 0.938657
vt 0.046875 0.061343
vt 0.039063 0.028646
vt 0.046875 0.875000
vt 0.015842 0.936921
vt 0.015842 0.063079
vt 0.002604 0.937500
vt 0.015625 0.875000
vt 0.984375 0.125000
vt 0.976563 0.028646
vt 0.997396 0.937500
vt 0.984375 0.875000
vt 0.953125 0.125000
vt 0.953125 0.938658
vt 0.953125 0.875000
vt 0.921875 0.938658
vt 0.921875 0.875000
vt 0.921875 0.125000
vt 0.890625 0.125000
vt 0.890625 0.938658
vt 0.890625 0.061342
vt 0.890625 0.875000
vt 0.859375 0.875000
vt 0.859375 0.125000
vt 0.859375 0.938658
vt 0.859375 0.061342
vt 0.828125 0.125000
vt 0.828125 0.938658
vt 0.828125 0.061342
vt 0.828125 0.875000
vt 0.796875 0.875000
vt 0.796875 0.125000
vt 0.796875 0.938658
vt 0.796875 0.061342
vt 0.765625 0.125000
vt 0.765625 0.938658
vt 0.765625 0.061342
vt 0.765625 0.875000
s 1
usemtl earth
f 10/1/10 1475/2/1475 505/3/505
f 1397/4/1397 1402/5/1402 1475/2/1475
f 1402/5/1402 502/6/502 1475/2/1475
f 1475/2/1475 23/7/23 505/3/505
f 487/8/487 506/9/506 6/10/6
f 5/11/5 1476/12/1476 487/8/487
f 1476/12/1476 15/13/15 495/14/495
f 506/9/506 495/14/495 16/15/16
f 481/16/481 1477/17/1477 1403/18/1403
f 1398/19/1398 505/3/505 1477/17/1477
f 505/3/505 503/20/503 1477/17/1477
f 1477/17/1477 24/21/24 1403/18/1403
f 488/22/488 508/23/508 7/24/7
f 6/10/6 1478/25/1478 488/22/488
f 1478/25/1478 16/15/16 496/26/496
f 508/23/508 496/26/496 17/27/17
f 1389/28/1389 1404/29/1404 482/30/482
f 481/16/481 1479/31/1479 1389/28/1389
f 1479/31/1479 24/32/24 504/33/504
f 1404/29/1404 504/33/504 25/34/25
f 489/35/489 509/36/509 8/37/8
f 7/24/7 1480/38/1480 489/35/489
f 1480/38/1480 17/27/17 497/39/497
f 509/36/509 497/39/497 18/40/18
f 1/41/1 1481/42/1481 510/43/510
f 1400/44/1400 1395/45/1395 297/46/297
f 11/47/11 1481/42/1481 1400/48/1400
f 1399/49/1399 1401/50/1401 206/51/206
f 482/30/482 1482/52/1482 1399/49/1399
f 25/34/25 1482/52/1482 1404/53/1404
f 9/54/9 1483/55/1483 511/56/511
f 490/57/490 509/36/509 1483/55/1483
f 509/36/509 498/58/498 1483/55/1483
f 1483/55/1483 19/59/19 511/56/511
f 2/60/2 1484/61/1484 512/62/512
f 483/63/483 510/43/510 1484/61/1484
f 510/43/510 491/64/491 1484/61/1484
f 1484/61/1484 12/65/12 512/62/512
f 478/66/478 1485/67/1485 1405/68/1405
f 1396/69/1396 511/56/511 1485/67/1485
f 511/56/511 499/70/499 1485/67/1485
f 1485/67/1485 20/71/20 1405/68/1405
f 484/72/484 513/73/513 3/74/3
f 2/75/2 1486/76/1486 484/72/484
f 1486/76/1486 12/77/12 492/78/492
f 513/73/513 492/78/492 13/79/13
f 479/80/479 1487/81/1487 1406/82/1406
f 1387/83/1387 1405/68/1405 1487/81/1487
f 1405/68/1405 500/84/500 1487/81/1487
f 1487/81/1487 21/85/21 1406/82/1406
f 485/86/485 514/87/514 4/88/4
f 3/74/3 1488/89/1488 485/86/485
f 1488/89/1488 13/79/13 493/90/493
f 514/87/514 493/90/493 14/91/14
f 480/92/480 1489/93/1489 1402/5/1402
f 1388/94/1388 1406/82/1406 1489/93/1489
f 1406/82/1406 501/95/501 1489/93/1489
f 1489/93/1489 22/96/22 1402/5/1402
f 486/97/486 507/98/507 5/11/5
f 4/88/4 1490/99/1490 486/97/486
f 1490/99/1490 14/91/14 494/100/494
f 507/98/507 494/100/494 15/13/15
f 22/96/22 1491/101/1491 529/102/529
f 501/95/501 530/103/530 1491/101/1491
f 530/103/530 525/104/525 1491/101/1491
f 1491/101/1491 37/105/37 529/102/529
f 494/100/494 531/106/531 15/13/15
f 14/91/14 1492/107/1492 494/100/494
f 1492/107/1492 29/108/29 518/109/518
f 531/106/531 518/109/518 30/110/30
f 23/7/23 1493/111/1493 533/112/533
f 502/6/502 529/102/529 1493/111/1493
f 529/102/529 526/113/526 1493/111/1493
f 1493/111/1493 38/114/38 533/112/533
f 495/14/495 534/115/534 16/15/16
f 15/13/15 1494/116/1494 495/14/495
f 1494/116/1494 30/110/30 519/117/519
f 534/115/534 519/117/519 31/118/31
f 24/21/24 1495/119/1495 535/120/535
f 503/20/503 533/112/533 1495/119/1495
f 533/112/533 527/121/527 1495/119/1495
f 1495/119/1495 39/122/39 535/120/535
f 496/26/496 536/123/536 17/27/17
f 16/15/16 1496/124/1496 496/26/496
f 1496/124/1496 31/118/31 520/125/520
f 536/123/536 520/125/520 32/126/32
f 504/33/504 537/127/537 25/34/25
f 24/32/24 1497/128/1497 504/33/504
f 1497/128/1497 39/129/39 528/130/528
f 537/127/537 528/130/528 40/131/40
f 497/39/497 538/132/538 18/40/18
f 17/27/17 1498/133/1498 497/39/497
f 1498/133/1498 32/126/32 521/134/521
f 538/132/538 521/134/521 33/135/33
f 11/47/11 1499/136/1499 539/137/539
f 1407/138/1407 1400/139/1400 297/140/297
f 26/141/26 1499/136/1499 1407/142/1407
f 1401/143/1401 1408/144/1408 206/145/206
f 25/34/25 1500/146/1500 1401/143/1401
f 40/131/40 1500/146/1500 537/147/537
f 19/59/19 1501/148/1501 540/149/540
f 498/58/498 538/132/538 1501/148/1501
f 538/132/538 522/150/522 1501/148/1501
f 1501/148/1501 34/151/34 540/149/540
f 12/65/12 1502/152/1502 541/153/541
f 491/64/491 539/137/539 1502/152/1502
f 539/137/539 515/154/515 1502/152/1502
f 1502/152/1502 27/155/27 541/153/541
f 20/71/20 1503/156/1503 542/157/542
f 499/70/499 540/149/540 1503/156/1503
f 540/149/540 523/158/523 1503/156/1503
f 1503/156/1503 35/159/35 542/157/542
f 492/78/492 543/160/543 13/79/13
f 12/77/12 1504/161/1504 492/78/492
f 1504/161/1504 27/155/27 516/162/516
f 543/160/543 516/162/516 28/163/28
f 21/85/21 1505/164/1505 530/103/530
f 500/84/500 542/157/542 1505/164/1505
f 542/157/542 524/165/524 1505/164/1505
f 1505/164/1505 36/166/36 530/103/530
f 493/90/493 532/167/532 14/91/14
f 13/79/13 1506/168/1506 493/90/493
f 1506/168/1506 28/163/28 517/169/517
f 532/167/532 517/169/517 29/108/29
f 26/141/26 1507/170/1507 558/171/558
f 1409/172/1409 1407/173/1407 297/174/297
f 41/175/41 1507/170/1507 1409/176/1409
f 1408/177/1408 1410/178/1410 206/179/206
f 40/131/40 1508/180/1508 1408/181/1408
f 55/182/55 1508/180/1508 559/183/559
f 34/151/34 1509/184/1509 560/185/560
f 522/150/522 561/186/561 1509/184/1509
f 561/186/561 551/187/551 1509/184/1509
f 1509/184/1509 49/188/49 560/185/560
f 27/155/27 1510/189/1510 562/190/562
f 515/154/515 558/171/558 1510/189/1510
f 558/171/558 544/191/544 1510/189/1510
f 1510/189/1510 42/192/42 562/190/562
f 35/159/35 1511/193/1511 563/194/563
f 523/158/523 560/185/560 1511/193/1511
f 560/185/560 552/195/552 1511/193/1511
f 1511/193/1511 50/196/50 563/194/563
f 516/162/516 564/197/564 28/163/28
f 27/155/27 1512/198/1512 516/162/516
f 1512/198/1512 42/199/42 545/200/545
f 564/197/564 545/200/545 43/201/43
f 36/166/36 1513/202/1513 565/203/565
f 524/165/524 563/194/563 1513/202/1513
f 563/194/563 553/204/553 1513/202/1513
f 1513/202/1513 51/205/51 565/203/565
f 517/169/517 566/206/566 29/108/29
f 28/163/28 1514/207/1514 517/169/517
f 1514/207/1514 43/201/43 546/208/546
f 566/206/566 546/208/546 44/209/44
f 37/105/37 1515/210/1515 567/211/567
f 525/104/525 565/203/565 1515/210/1515
f 565/203/565 554/212/554 1515/210/1515
f 1515/210/1515 52/213/52 567/211/567
f 518/109/518 568/214/568 30/110/30
f 29/108/29 1516/215/1516 518/109/518
f 1516/215/1516 44/209/44 547/216/547
f 568/214/568 547/216/547 45/217/45
f 38/114/38 1517/218/1517 569/219/569
f 526/113/526 567/211/567 1517/218/1517
f 567/211/567 555/220/555 1517/218/1517
f 1517/218/1517 53/221/53 569/219/569
f 519/117/519 570/222/570 31/118/31
f 30/110/30 1518/223/1518 519/117/519
f 1518/223/1518 45/217/45 548/224/548
f 570/222/570 548/224/548 46/225/46
f 39/122/39 1519/226/1519 571/227/571
f 527/121/527 569/219/569 1519/226/1519
f 569/219/569 556/228/556 1519/226/1519
f 1519/226/1519 54/229/54 571/227/571
f 520/125/520 572/230/572 32/126/32
f 31/118/31 1520/231/1520 520/125/520
f 1520/231/1520 46/225/46 549/232/549
f 572/230/572 549/232/549 47/233/47
f 528/130/528 559/234/559 40/131/40
f 39/129/39 1521/235/1521 528/130/528
f 1521/235/1521 54/236/54 557/237/557
f 559/234/559 557/237/557 55/182/55
f 521/134/521 561/186/561 33/135/33
f 32/126/32 1522/238/1522 521/134/521
f 1522/238/1522 47/233/47 550/239/550
f 561/186/561 550/239/550 48/240/48
f 547/216/547 587/241/587 45/217/45
f 44/209/44 1523/242/1523 547/216/547
f 1523/242/1523 59/243/59 576/244/576
f 587/241/587 576/244/576 60/245/60
f 53/221/53 1524/246/1524 589/247/589
f 555/220/555 590/248/590 1524/246/1524
f 590/248/590 584/249/584 1524/246/1524
f 1524/246/1524 68/250/68 589/247/589
f 548/224/548 591/251/591 46/225/46
f 45/217/45 1525/252/1525 548/224/548
f 1525/252/1525 60/245/60 577/253/577
f 591/251/591 577/253/577 61/254/61
f 54/229/54 1526/255/1526 592/256/592
f 556/228/556 589/247/589 1526/255/1526
f 589/247/589 585/257/585 1526/255/1526
f 1526/255/1526 69/258/69 592/256/592
f 549/232/549 593/259/593 47/233/47
f 46/225/46 1527/260/1527 549/232/549
f 1527/260/1527 61/254/61 578/261/578
f 593/259/593 578/261/578 62/262/62
f 557/237/557 594/263/594 55/182/55
f 54/236/54 1528/264/1528 557/237/557
f 1528/264/1528 69/265/69 586/266/586
f 594/263/594 586/266/586 70/267/70
f 550/239/550 595/268/595 48/240/48
f 47/233/47 1529/269/1529 550/239/550
f 1529/269/1529 62/262/62 579/270/579
f 595/268/595 579/270/579 63/271/63
f 41/175/41 1530/272/1530 596/273/596
f 1411/274/1411 1409/275/1409 297/276/297
f 56/277/56 1530/272/1530 1411/274/1411
f 1410/278/1410 1412/279/1412 206/280/206
f 55/182/55 1531/281/1531 1410/278/1410
f 70/267/70 1531/281/1531 594/282/594
f 49/188/49 1532/283/1532 597/284/597
f 551/187/551 595/268/595 1532/283/1532
f 595/268/595 580/285/580 1532/283/1532
f 1532/283/1532 64/286/64 597/284/597
f 42/192/42 1533/287/1533 598/288/598
f 544/191/544 596/273/596 1533/287/1533
f 596/273/596 573/289/573 1533/287/1533
f 1533/287/1533 57/290/57 598/288/598
f 50/196/50 1534/291/1534 599/292/599
f 552/195/552 597/284/597 1534/291/1534
f 597/284/597 581/293/581 1534/291/1534
f 1534/291/1534 65/294/65 599/292/599
f 545/200/545 600/295/600 43/201/43
f 42/199/42 1535/296/1535 545/200/545
f 1535/296/1535 57/297/57 574/298/574
f 600/295/600 574/298/574 58/299/58
f 51/205/51 1536/300/1536 601/301/601
f 553/204/553 599/292/599 1536/300/1536
f 599/292/599 582/302/582 1536/300/1536
f 1536/300/1536 66/303/66 601/301/601
f 546/208/546 588/304/588 44/209/44
f 43/201/43 1537/305/1537 546/208/546
f 1537/305/1537 58/299/58 575/306/575
f 588/304/588 575/306/575 59/243/59
f 52/213/52 1538/307/1538 590/248/590
f 554/212/554 601/301/601 1538/307/1538
f 601/301/601 583/308/583 1538/307/1538
f 1538/307/1538 67/309/67 590/248/590
f 64/286/64 1539/310/1539 616/311/616
f 580/285/580 617/312/617 1539/310/1539
f 617/312/617 609/313/609 1539/310/1539
f 1539/310/1539 79/314/79 616/311/616
f 57/290/57 1540/315/1540 618/316/618
f 573/289/573 619/317/619 1540/315/1540
f 619/317/619 602/318/602 1540/315/1540
f 1540/315/1540 72/319/72 618/316/618
f 65/294/65 1541/320/1541 620/321/620
f 581/293/581 616/311/616 1541/320/1541
f 616/311/616 610/322/610 1541/320/1541
f 1541/320/1541 80/323/80 620/321/620
f 574/298/574 621/324/621 58/299/58
f 57/297/57 1542/325/1542 574/298/574
f 1542/325/1542 72/319/72 603/326/603
f 621/324/621 603/326/603 73/327/73
f 66/303/66 1543/328/1543 622/329/622
f 582/302/582 620/321/620 1543/328/1543
f 620/321/620 611/330/611 1543/328/1543
f 1543/328/1543 81/331/81 622/329/622
f 575/306/575 623/332/623 59/243/59
f 58/299/58 1544/333/1544 575/306/575
f 1544/333/1544 73/327/73 604/334/604
f 623/332/623 604/334/604 74/335/74
f 67/309/67 1545/336/1545 624/337/624
f 583/308/583 622/329/622 1545/336/1545
f 622/329/622 612/338/612 1545/336/1545
f 1545/336/1545 82/339/82 624/337/624
f 576/244/576 625/340/625 60/245/60
f 59/243/59 1546/341/1546 576/244/576
f 1546/341/1546 74/335/74 605/342/605
f 625/340/625 605/342/605 75/343/75
f 68/250/68 1547/344/1547 626/345/626
f 584/249/584 624/337/624 1547/344/1547
f 624/337/624 613/346/613 1547/344/1547
f 1547/344/1547 83/347/83 626/345/626
f 577/253/577 627/348/627 61/254/61
f 60/245/60 1548/349/1548 577/253/577
f 1548/349/1548 75/343/75 606/350/606
f 627/348/627 606/350/606 76/351/76
f 69/258/69 1549/352/1549 628/353/628
f 585/257/585 626/345/626 1549/352/1549
f 626/345/626 614/354/614 1549/352/1549
f 1549/352/1549 84/355/84 628/353/628
f 578/261/578 629/356/629 62/262/62
f 61/254/61 1550/357/1550 578/261/578
f 1550/357/1550 76/351/76 607/358/607
f 629/356/629 607/358/607 77/359/77
f 586/266/586 630/360/630 70/267/70
f 69/265/69 1551/361/1551 586/266/586
f 1551/361/1551 84/362/84 615/363/615
f 630/360/630 615/363/615 85/364/85
f 579/270/579 617/312/617 63/271/63
f 62/262/62 1552/365/1552 579/270/579
f 1552/365/1552 77/359/77 608/366/608
f 617/312/617 608/366/608 78/367/78
f 56/277/56 1553/368/1553 619/317/619
f 1413/369/1413 1411/370/1411 297/371/297
f 71/372/71 1553/368/1553 1413/369/1413
f 1412/373/1412 1414/374/1414 206/375/206
f 70/267/70 1554/376/1554 1412/373/1412
f 85/364/85 1554/376/1554 630/377/630
f 83/347/83 1555/378/1555 645/379/645
f 613/346/613 646/380/646 1555/378/1555
f 646/380/646 642/381/642 1555/378/1555
f 1555/378/1555 98/382/98 645/379/645
f 606/350/606 647/383/647 76/351/76
f 75/343/75 1556/384/1556 606/350/606
f 1556/384/1556 90/385/90 635/386/635
f 647/383/647 635/386/635 91/387/91
f 84/355/84 1557/388/1557 649/389/649
f 614/354/614 645/379/645 1557/388/1557
f 645/379/645 643/390/643 1557/388/1557
f 1557/388/1557 99/391/99 649/389/649
f 607/358/607 650/392/650 77/359/77
f 76/351/76 1558/393/1558 607/358/607
f 1558/393/1558 91/387/91 636/394/636
f 650/392/650 636/394/636 92/395/92
f 615/363/615 651/396/651 85/364/85
f 84/362/84 1559/397/1559 615/363/615
f 1559/397/1559 99/398/99 644/399/644
f 651/396/651 644/399/644 100/400/100
f 608/366/608 652/401/652 78/367/78
f 77/359/77 1560/402/1560 608/366/608
f 1560/402/1560 92/395/92 637/403/637
f 652/401/652 637/403/637 93/404/93
f 71/372/71 1561/405/1561 653/406/653
f 1415/407/1415 1413/408/1413 297/409/297
f 86/410/86 1561/405/1561 1415/407/1415
f 1414/411/1414 1416/412/1416 206/413/206
f 85/364/85 1562/414/1562 1414/411/1414
f 100/400/100 1562/414/1562 651/415/651
f 79/314/79 1563/416/1563 654/417/654
f 609/313/609 652/401/652 1563/416/1563
f 652/401/652 638/418/638 1563/416/1563
f 1563/416/1563 94/419/94 654/417/654
f 72/319/72 1564/420/1564 655/421/655
f 602/318/602 653/406/653 1564/420/1564
f 653/406/653 631/422/631 1564/420/1564
f 1564/420/1564 87/423/87 655/421/655
f 80/323/80 1565/424/1565 656/425/656
f 610/322/610 654/417/654 1565/424/1565
f 654/417/654 639/426/639 1565/424/1565
f 1565/424/1565 95/427/95 656/425/656
f 603/326/603 657/428/657 73/327/73
f 72/319/72 1566/429/1566 603/326/603
f 1566/429/1566 87/430/87 632/431/632
f 657/428/657 632/431/632 88/432/88
f 81/331/81 1567/433/1567 658/434/658
f 611/330/611 656/425/656 1567/433/1567
f 656/425/656 640/435/640 1567/433/1567
f 1567/433/1567 96/436/96 658/434/658
f 604/334/604 659/437/659 74/335/74
f 73/327/73 1568/438/1568 604/334/604
f 1568/438/1568 88/432/88 633/439/633
f 659/437/659 633/439/633 89/440/89
f 82/339/82 1569/441/1569 646/380/646
f 612/338/612 658/434/658 1569/441/1569
f 658/434/658 641/442/641 1569/441/1569
f 1569/441/1569 97/443/97 646/380/646
f 605/342/605 648/444/648 75/343/75
f 74/335/74 1570/445/1570 605/342/605
f 1570/445/1570 89/440/89 634/446/634
f 648/444/648 634/446/634 90/385/90
f 95/427/95 1571/447/1571 674/448/674
f 639/426/639 675/449/675 1571/447/1571
f 675/449/675 668/450/668 1571/447/1571
f 1571/447/1571 110/451/110 674/448/674
f 632/431/632 676/452/676 88/432/88
f 87/430/87 1572/453/1572 632/431/632
f 1572/453/1572 102/454/102 661/455/661
f 676/452/676 661/455/661 103/456/103
f 96/436/96 1573/457/1573 678/458/678
f 640/435/640 674/448/674 1573/457/1573
f 674/448/674 669/459/669 1573/457/1573
f 1573/457/1573 111/460/111 678/458/678
f 633/439/633 679/461/679 89/440/89
f 88/432/88 1574/462/1574 633/439/633
f 1574/462/1574 103/456/103 662/463/662
f 679/461/679 662/463/662 104/464/104
f 97/443/97 1575/465/1575 680/466/680
f 641/442/641 678/458/678 1575/465/1575
f 678/458/678 670/467/670 1575/465/1575
f 1575/465/1575 112/468/112 680/466/680
f 634/446/634 681/469/681 90/385/90
f 89/440/89 1576/470/1576 634/446/634
f 1576/470/1576 104/464/104 663/471/663
f 681/469/681 663/471/663 105/472/105
f 98/382/98 1577/473/1577 682/474/682
f 642/381/642 680/466/680 1577/473/1577
f 680/466/680 671/475/671 1577/473/1577
f 1577/473/1577 113/476/113 682/474/682
f 635/386/635 683/477/683 91/387/91
f 90/385/90 1578/478/1578 635/386/635
f 1578/478/1578 105/472/105 664/479/664
f 683/477/683 664/479/664 106/480/106
f 99/391/99 1579/481/1579 684/482/684
f 643/390/643 682/474/682 1579/481/1579
f 682/474/682 672/483/672 1579/481/1579
f 1579/481/1579 114/484/114 684/482/684
f 636/394/636 685/485/685 92/395/92
f 91/387/91 1580/486/1580 636/394/636
f 1580/486/1580 106/480/106 665/487/665
f 685/485/685 665/487/665 107/488/107
f 644/399/644 686/489/686 100/400/100
f 99/398/99 1581/490/1581 644/399/644
f 1581/490/1581 114/484/114 673/491/673
f 686/489/686 673/491/673 115/492/115
f 637/403/637 687/493/687 93/404/93
f 92/395/92 1582/494/1582 637/403/637
f 1582/494/1582 107/488/107 666/495/666
f 687/493/687 666/495/666 108/496/108
f 86/410/86 1583/497/1583 688/498/688
f 1417/499/1417 1415/500/1415 297/501/297
f 101/502/101 1583/497/1583 1417/503/1417
f 1416/504/1416 1418/505/1418 206/506/206
f 100/400/100 1584/507/1584 1416/504/1416
f 115/492/115 1584/507/1584 686/489/686
f 94/419/94 1585/508/1585 675/449/675
f 638/418/638 687/493/687 1585/508/1585
f 687/493/687 667/509/667 1585/508/1585
f 1585/508/1585 109/510/109 675/449/675
f 87/423/87 1586/511/1586 677/512/677
f 631/422/631 688/498/688 1586/511/1586
f 688/498/688 660/513/660 1586/511/1586
f 1586/511/1586 102/514/102 677/512/677
f 114/484/114 1587/515/1587 703/516/703
f 672/483/672 704/517/704 1587/515/1587
f 704/517/704 701/518/701 1587/515/1587
f 1587/515/1587 129/519/129 703/516/703
f 665/487/665 705/520/705 107/488/107
f 106/480/106 1588/521/1588 665/487/665
f 1588/521/1588 121/522/121 694/523/694
f 705/520/705 694/523/694 122/524/122
f 673/491/673 707/525/707 115/492/115
f 114/484/114 1589/526/1589 673/491/673
f 1589/526/1589 129/519/129 702/527/702
f 707/525/707 702/527/702 130/528/130
f 666/495/666 708/529/708 108/496/108
f 107/488/107 1590/530/1590 666/495/666
f 1590/530/1590 122/524/122 695/531/695
f 708/529/708 695/531/695 123/532/123
f 101/502/101 1591/533/1591 709/534/709
f 1419/535/1419 1417/536/1417 297/537/297
f 116/538/116 1591/533/1591 1419/535/1419
f 1418/539/1418 1420/540/1420 206/541/206
f 115/492/115 1592/542/1592 1418/539/1418
f 130/528/130 1592/542/1592 707/543/707
f 109/510/109 1593/544/1593 710/545/710
f 667/509/667 708/529/708 1593/544/1593
f 708/529/708 696/546/696 1593/544/1593
f 1593/544/1593 124/547/124 710/545/710
f 102/514/102 1594/548/1594 711/549/711
f 660/513/660 709/534/709 1594/548/1594
f 709/534/709 689/550/689 1594/548/1594
f 1594/548/1594 117/551/117 711/549/711
f 110/451/110 1595/552/1595 712/553/712
f 668/450/668 710/545/710 1595/552/1595
f 710/545/710 697/554/697 1595/552/1595
f 1595/552/1595 125/555/125 712/553/712
f 661/455/661 713/556/713 103/456/103
f 102/454/102 1596/557/1596 661/455/661
f 1596/557/1596 117/558/117 690/559/690
f 713/556/713 690/559/690 118/560/118
f 111/460/111 1597/561/1597 714/562/714
f 669/459/669 712/553/712 1597/561/1597
f 712/553/712 698/563/698 1597/561/1597
f 1597/561/1597 126/564/126 714/562/714
f 662/463/662 715/565/715 104/464/104
f 103/456/103 1598/566/1598 662/463/662
f 1598/566/1598 118/560/118 691/567/691
f 715/565/715 691/567/691 119/568/119
f 112/468/112 1599/569/1599 716/570/716
f 670/467/670 714/562/714 1599/569/1599
f 714/562/714 699/571/699 1599/569/1599
f 1599/569/1599 127/572/127 716/570/716
f 663/471/663 717/573/717 105/472/105
f 104/464/104 1600/574/1600 663/471/663
f 1600/574/1600 119/568/119 692/575/692
f 717/573/717 692/575/692 120/576/120
f 113/476/113 1601/577/1601 704/517/704
f 671/475/671 716/570/716 1601/577/1601
f 716/570/716 700/578/700 1601/577/1601
f 1601/577/1601 128/579/128 704/517/704
f 664/479/664 706/580/706 106/480/106
f 105/472/105 1602/581/1602 664/479/664
f 1602/581/1602 120/576/120 693/582/693
f 706/580/706 693/582/693 121/522/121
f 690/559/690 732/583/732 118/560/118
f 117/558/117 1603/584/1603 690/559/690
f 1603/584/1603 132/585/132 719/586/719
f 732/583/732 719/586/719 133/587/133
f 126/564/126 1604/588/1604 734/589/734
f 698/563/698 735/590/735 1604/588/1604
f 735/590/735 727/591/727 1604/588/1604
f 1604/588/1604 141/592/141 734/589/734
f 691/567/691 736/593/736 119/568/119
f 118/560/118 1605/594/1605 691/567/691
f 1605/594/1605 133/587/133 720/595/720
f 736/593/736 720/595/720 134/596/134
f 127/572/127 1606/597/1606 737/598/737
f 699/571/699 734/589/734 1606/597/1606
f 734/589/734 728/599/728 1606/597/1606
f 1606/597/1606 142/600/142 737/598/737
f 692/575/692 738/601/738 120/576/120
f 119/568/119 1607/602/1607 692/575/692
f 1607/602/1607 134/596/134 721/603/721
f 738/601/738 721/603/721 135/604/135
f 128/579/128 1608/605/1608 739/606/739
f 700/578/700 737/598/737 1608/605/1608
f 737/598/737 729/607/729 1608/605/1608
f 1608/605/1608 143/608/143 739/606/739
f 693/582/693 740/609/740 121/522/121
f 120/576/120 1609/610/1609 693/582/693
f 1609/610/1609 135/604/135 722/611/722
f 740/609/740 722/611/722 136/612/136
f 129/519/129 1610/613/1610 741/614/741
f 701/518/701 739/606/739 1610/613/1610
f 739/606/739 730/615/730 1610/613/1610
f 1610/613/1610 144/616/144 741/614/741
f 694/523/694 742/617/742 122/524/122
f 121/522/121 1611/618/1611 694/523/694
f 1611/618/1611 136/612/136 723/619/723
f 742/617/742 723/619/723 137/620/137
f 702/527/702 743/621/743 130/528/130
f 129/519/129 1612/622/1612 702/527/702
f 1612/622/1612 144/623/144 731/624/731
f 743/621/743 731/624/731 145/625/145
f 695/531/695 744/626/744 123/532/123
f 122/524/122 1613/627/1613 695/531/695
f 1613/627/1613 137/620/137 724/628/724
f 744/626/744 724/628/724 138/629/138
f 116/538/116 1614/630/1614 745/631/745
f 1421/632/1421 1419/633/1419 297/634/297
f 131/635/131 1614/630/1614 1421/632/1421
f 1420/636/1420 1422/637/1422 206/638/206
f 130/528/130 1615/639/1615 1420/636/1420
f 145/625/145 1615/639/1615 743/640/743
f 124/547/124 1616/641/1616 746/642/746
f 696/546/696 744/626/744 1616/641/1616
f 744/626/744 725/643/725 1616/641/1616
f 1616/641/1616 139/644/139 746/642/746
f 117/551/117 1617/645/1617 733/646/733
f 689/550/689 745/631/745 1617/645/1617
f 745/631/745 718/647/718 1617/645/1617
f 1617/645/1617 132/648/132 733/646/733
f 125/555/125 1618/649/1618 735/590/735
f 697/554/697 746/642/746 1618/649/1618
f 746/642/746 726/650/726 1618/649/1618
f 1618/649/1618 140/651/140 735/590/735
f 723/619/723 761/652/761 137/620/137
f 136/612/136 1619/653/1619 723/619/723
f 1619/653/1619 151/654/151 752/655/752
f 761/652/761 752/655/752 152/656/152
f 731/624/731 763/657/763 145/625/145
f 144/623/144 1620/658/1620 731/624/731
f 1620/658/1620 159/659/159 760/660/760
f 763/657/763 760/660/760 160/661/160
f 724/628/724 765/662/765 138/629/138
f 137/620/137 1621/663/1621 724/628/724
f 1621/663/1621 152/656/152 753/664/753
f 765/662/765 753/664/753 153/665/153
f 131/635/131 1622/666/1622 766/667/766
f 1423/668/1423 1421/669/1421 297/670/297
f 146/671/146 1622/666/1622 1423/668/1423
f 1422/672/1422 1424/673/1424 206/674/206
f 145/625/145 1623/675/1623 1422/672/1422
f 160/661/160 1623/675/1623 763/676/763
f 139/644/139 1624/677/1624 767/678/767
f 725/643/725 765/662/765 1624/677/1624
f 765/662/765 754/679/754 1624/677/1624
f 1624/677/1624 154/680/154 767/678/767
f 132/648/132 1625/681/1625 768/682/768
f 718/647/718 766/667/766 1625/681/1625
f 766/667/766 747/683/747 1625/681/1625
f 1625/681/1625 147/684/147 768/682/768
f 140/651/140 1626/685/1626 769/686/769
f 726/650/726 767/678/767 1626/685/1626
f 767/678/767 755/687/755 1626/685/1626
f 1626/685/1626 155/688/155 769/686/769
f 719/586/719 770/689/770 133/587/133
f 132/585/132 1627/690/1627 719/586/719
f 1627/690/1627 147/691/147 748/692/748
f 770/689/770 748/692/748 148/693/148
f 141/592/141 1628/694/1628 771/695/771
f 727/591/727 769/686/769 1628/694/1628
f 769/686/769 756/696/756 1628/694/1628
f 1628/694/1628 156/697/156 771/695/771
f 720/595/720 772/698/772 134/596/134
f 133/587/133 1629/699/1629 720/595/720
f 1629/699/1629 148/693/148 749/700/749
f 772/698/772 749/700/749 149/701/149
f 142/600/142 1630/702/1630 773/703/773
f 728/599/728 771/695/771 1630/702/1630
f 771/695/771 757/704/757 1630/702/1630
f 1630/702/1630 157/705/157 773/703/773
f 721/603/721 774/706/774 135/604/135
f 134/596/134 1631/707/1631 721/603/721
f 1631/707/1631 149/701/149 750/708/750
f 774/706/774 750/708/750 150/709/150
f 143/608/143 1632/710/1632 775/711/775
f 729/607/729 773/703/773 1632/710/1632
f 773/703/773 758/712/758 1632/710/1632
f 1632/710/1632 158/713/158 775/711/775
f 722/611/722 762/714/762 136/612/136
f 135/604/135 1633/715/1633 722/611/722
f 1633/715/1633 150/709/150 751/716/751
f 762/714/762 751/716/751 151/654/151
f 144/616/144 1634/717/1634 764/718/764
f 730/615/730 775/711/775 1634/717/1634
f 775/711/775 759/719/759 1634/717/1634
f 1634/717/1634 159/720/159 764/718/764
f 156/697/156 1635/721/1635 790/722/790
f 756/696/756 791/723/791 1635/721/1635
f 791/723/791 785/724/785 1635/721/1635
f 1635/721/1635 171/725/171 790/722/790
f 749/700/749 792/726/792 149/701/149
f 148/693/148 1636/727/1636 749/700/749
f 1636/727/1636 163/728/163 778/729/778
f 792/726/792 778/729/778 164/730/164
f 157/705/157 1637/731/1637 794/732/794
f 757/704/757 790/722/790 1637/731/1637
f 790/722/790 786/733/786 1637/731/1637
f 1637/731/1637 172/734/172 794/732/794
f 750/708/750 795/735/795 150/709/150
f 149/701/149 1638/736/1638 750/708/750
f 1638/736/1638 164/730/164 779/737/779
f 795/735/795 779/737/779 165/738/165
f 158/713/158 1639/739/1639 796/740/796
f 758/712/758 794/732/794 1639/739/1639
f 794/732/794 787/741/787 1639/739/1639
f 1639/739/1639 173/742/173 796/740/796
f 751/716/751 797/743/797 151/654/151
f 150/709/150 1640/744/1640 751/716/751
f 1640/744/1640 165/738/165 780/745/780
f 797/743/797 780/745/780 166/746/166
f 159/720/159 1641/747/1641 798/748/798
f 759/719/759 796/740/796 1641/747/1641
f 796/740/796 788/749/788 1641/747/1641
f 1641/747/1641 174/750/174 798/748/798
f 752/655/752 799/751/799 152/656/152
f 151/654/151 1642/752/1642 752/655/752
f 1642/752/1642 166/746/166 781/753/781
f 799/751/799 781/753/781 167/754/167
f 760/660/760 800/755/800 160/661/160
f 159/659/159 1643/756/1643 760/660/760
f 1643/756/1643 174/757/174 789/758/789
f 800/755/800 789/758/789 175/759/175
f 753/664/753 801/760/801 153/665/153
f 152/656/152 1644/761/1644 753/664/753
f 1644/761/1644 167/754/167 782/762/782
f 801/760/801 782/762/782 168/763/168
f 146/671/146 1645/764/1645 802/765/802
f 1425/766/1425 1423/767/1423 297/768/297
f 161/769/161 1645/764/1645 1425/766/1425
f 1424/770/1424 1426/771/1426 206/772/206
f 160/661/160 1646/773/1646 1424/774/1424
f 175/759/175 1646/773/1646 800/775/800
f 154/680/154 1647/776/1647 803/777/803
f 754/679/754 801/760/801 1647/776/1647
f 801/760/801 783/778/783 1647/776/1647
f 1647/776/1647 169/779/169 803/777/803
f 147/684/147 1648/780/1648 804/781/804
f 747/683/747 802/765/802 1648/780/1648
f 802/765/802 776/782/776 1648/780/1648
f 1648/780/1648 162/783/162 804/781/804
f 155/688/155 1649/784/1649 791/723/791
f 755/687/755 803/777/803 1649/784/1649
f 803/777/803 784/785/784 1649/784/1649
f 1649/784/1649 170/786/170 791/723/791
f 748/692/748 793/787/793 148/693/148
f 147/691/147 1650/788/1650 748/692/748
f 1650/788/1650 162/789/162 777/790/777
f 793/787/793 777/790/777 163/728/163
f 789/758/789 819/791/819 175/759/175
f 174/757/174 1651/792/1651 789/758/789
f 1651/792/1651 189/793/189 818/794/818
f 819/791/819 818/794/818 190/795/190
f 782/762/782 821/796/821 168/763/168
f 167/754/167 1652/797/1652 782/762/782
f 1652/797/1652 182/798/182 811/799/811
f 821/796/821 811/799/811 183/800/183
f 161/769/161 1653/801/1653 823/802/823
f 1427/803/1427 1425/804/1425 297/805/297
f 176/806/176 1653/801/1653 1427/803/1427
f 1426/807/1426 1428/808/1428 206/809/206
f 175/759/175 1654/810/1654 1426/807/1426
f 190/795/190 1654/810/1654 819/811/819
f 169/779/169 1655/812/1655 824/813/824
f 783/778/783 821/796/821 1655/812/1655
f 821/796/821 812/814/812 1655/812/1655
f 1655/812/1655 184/815/184 824/813/824
f 162/783/162 1656/816/1656 825/817/825
f 776/782/776 823/802/823 1656/816/1656
f 823/802/823 805/818/805 1656/816/1656
f 1656/816/1656 177/819/177 825/817/825
f 170/786/170 1657/820/1657 826/821/826
f 784/785/784 824/813/824 1657/820/1657
f 824/813/824 813/822/813 1657/820/1657
f 1657/820/1657 185/823/185 826/821/826
f 777/790/777 827/824/827 163/728/163
f 162/789/162 1658/825/1658 777/790/777
f 1658/825/1658 177/826/177 806/827/806
f 827/824/827 806/827/806 178/828/178
f 171/725/171 1659/829/1659 828/830/828
f 785/724/785 826/821/826 1659/829/1659
f 826/821/826 814/831/814 1659/829/1659
f 1659/829/1659 186/832/186 828/830/828
f 778/729/778 829/833/829 164/730/164
f 163/728/163 1660/834/1660 778/729/778
f 1660/834/1660 178/828/178 807/835/807
f 829/833/829 807/835/807 179/836/179
f 172/734/172 1661/837/1661 830/838/830
f 786/733/786 828/830/828 1661/837/1661
f 828/830/828 815/839/815 1661/837/1661
f 1661/837/1661 187/840/187 830/838/830
f 779/737/779 831/841/831 165/738/165
f 164/730/164 1662/842/1662 779/737/779
f 1662/842/1662 179/836/179 808/843/808
f 831/841/831 808/843/808 180/844/180
f 173/742/173 1663/845/1663 832/846/832
f 787/741/787 830/838/830 1663/845/1663
f 830/838/830 816/847/816 1663/845/1663
f 1663/845/1663 188/848/188 832/846/832
f 780/745/780 833/849/833 166/746/166
f 165/738/165 1664/850/1664 780/745/780
f 1664/850/1664 180/844/180 809/851/809
f 833/849/833 809/851/809 181/852/181
f 174/750/174 1665/853/1665 820/854/820
f 788/749/788 832/846/832 1665/853/1665
f 832/846/832 817/855/817 1665/853/1665
f 1665/853/1665 189/856/189 820/854/820
f 781/753/781 822/857/822 167/754/167
f 166/746/166 1666/858/1666 781/753/781
f 1666/858/1666 181/852/181 810/859/810
f 822/857/822 810/859/810 182/798/182
f 807/835/807 849/860/849 179/836/179
f 178/828/178 1667/861/1667 807/835/807
f 1667/861/1667 193/862/193 836/863/836
f 849/860/849 836/863/836 194/864/194
f 187/840/187 1668/865/1668 851/866/851
f 815/839/815 852/867/852 1668/865/1668
f 852/867/852 844/868/844 1668/865/1668
f 1668/865/1668 202/869/202 851/866/851
f 808/843/808 853/870/853 180/844/180
f 179/836/179 1669/871/1669 808/843/808
f 1669/871/1669 194/864/194 837/872/837
f 853/870/853 837/872/837 195/873/195
f 188/848/188 1670/874/1670 854/875/854
f 816/847/816 851/866/851 1670/874/1670
f 851/866/851 845/876/845 1670/874/1670
f 1670/874/1670 203/877/203 854/875/854
f 809/851/809 855/878/855 181/852/181
f 180/844/180 1671/879/1671 809/851/809
f 1671/879/1671 195/873/195 838/880/838
f 855/878/855 838/880/838 196/881/196
f 189/856/189 1672/882/1672 856/883/856
f 817/855/817 854/875/854 1672/882/1672
f 854/875/854 846/884/846 1672/882/1672
f 1672/882/1672 204/885/204 856/883/856
f 810/859/810 857/886/857 182/798/182
f 181/852/181 1673/887/1673 810/859/810
f 1673/887/1673 196/881/196 839/888/839
f 857/886/857 839/888/839 197/889/197
f 818/794/818 858/890/858 190/795/190
f 189/793/189 1674/891/1674 818/794/818
f 1674/891/1674 204/892/204 847/893/847
f 858/890/858 847/893/847 205/894/205
f 811/799/811 859/895/859 183/800/183
f 182/798/182 1675/896/1675 811/799/811
f 1675/896/1675 197/889/197 840/897/840
f 859/895/859 840/897/840 198/898/198
f 176/806/176 1676/899/1676 860/900/860
f 1429/901/1429 1427/902/1427 297/903/297
f 191/904/191 1676/899/1676 1429/905/1429
f 1428/906/1428 848/907/848 206/908/206
f 190/795/190 1677/909/1677 1428/906/1428
f 205/894/205 1677/909/1677 858/890/858
f 184/815/184 1678/910/1678 861/911/861
f 812/814/812 859/895/859 1678/910/1678
f 859/895/859 841/912/841 1678/910/1678
f 1678/910/1678 199/913/199 861/911/861
f 177/819/177 1679/914/1679 862/915/862
f 805/818/805 860/900/860 1679/914/1679
f 860/900/860 834/916/834 1679/914/1679
f 1679/914/1679 192/917/192 862/915/862
f 185/823/185 1680/918/1680 863/919/863
f 813/822/813 861/911/861 1680/918/1680
f 861/911/861 842/920/842 1680/918/1680
f 1680/918/1680 200/921/200 863/919/863
f 806/827/806 850/922/850 178/828/178
f 177/826/177 1681/923/1681 806/827/806
f 1681/923/1681 192/924/192 835/925/835
f 850/922/850 835/925/835 193/862/193
f 186/832/186 1682/926/1682 852/867/852
f 814/831/814 863/919/863 1682/926/1682
f 863/919/863 843/927/843 1682/926/1682
f 1682/926/1682 201/928/201 852/867/852
f 840/897/840 878/929/878 198/898/198
f 197/889/197 1683/930/1683 840/897/840
f 1683/930/1683 213/931/213 870/932/870
f 878/929/878 870/932/870 214/933/214
f 191/904/191 1684/934/1684 880/935/880
f 1430/936/1430 1429/937/1429 297/938/297
f 207/939/207 1684/934/1684 1430/936/1430
f 848/940/848 1431/941/1431 206/942/206
f 205/894/205 1685/943/1685 848/944/848
f 221/945/221 1685/943/1685 881/946/881
f 199/913/199 1686/947/1686 882/948/882
f 841/912/841 878/929/878 1686/947/1686
f 878/929/878 871/949/871 1686/947/1686
f 1686/947/1686 215/950/215 882/948/882
f 192/917/192 1687/951/1687 883/952/883
f 834/916/834 880/935/880 1687/951/1687
f 880/935/880 864/953/864 1687/951/1687
f 1687/951/1687 208/954/208 883/952/883
f 200/921/200 1688/955/1688 884/956/884
f 842/920/842 882/948/882 1688/955/1688
f 882/948/882 872/957/872 1688/955/1688
f 1688/955/1688 216/958/216 884/956/884
f 835/925/835 885/959/885 193/862/193
f 192/924/192 1689/960/1689 835/925/835
f 1689/960/1689 208/961/208 865/962/865
f 885/959/885 865/962/865 209/963/209
f 201/928/201 1690/964/1690 886/965/886
f 843/927/843 884/956/884 1690/964/1690
f 884/956/884 873/966/873 1690/964/1690
f 1690/964/1690 217/967/217 886/965/886
f 836/863/836 887/968/887 194/864/194
f 193/862/193 1691/969/1691 836/863/836
f 1691/969/1691 209/963/209 866/970/866
f 887/968/887 866/970/866 210/971/210
f 202/869/202 1692/972/1692 888/973/888
f 844/868/844 886/965/886 1692/972/1692
f 886/965/886 874/974/874 1692/972/1692
f 1692/972/1692 218/975/218 888/973/888
f 837/872/837 889/976/889 195/873/195
f 194/864/194 1693/977/1693 837/872/837
f 1693/977/1693 210/971/210 867/978/867
f 889/976/889 867/978/867 211/979/211
f 203/877/203 1694/980/1694 890/981/890
f 845/876/845 888/973/888 1694/980/1694
f 888/973/888 875/982/875 1694/980/1694
f 1694/980/1694 219/983/219 890/981/890
f 838/880/838 891/984/891 196/881/196
f 195/873/195 1695/985/1695 838/880/838
f 1695/985/1695 211/979/211 868/986/868
f 891/984/891 868/986/868 212/987/212
f 204/885/204 1696/988/1696 892/989/892
f 846/884/846 890/981/890 1696/988/1696
f 890/981/890 876/990/876 1696/988/1696
f 1696/988/1696 220/991/220 892/989/892
f 839/888/839 879/992/879 197/889/197
f 196/881/196 1697/993/1697 839/888/839
f 1697/993/1697 212/987/212 869/994/869
f 879/992/879 869/994/869 213/931/213
f 847/893/847 881/995/881 205/894/205
f 204/892/204 1698/996/1698 847/893/847
f 1698/996/1698 220/991/220 877/997/877
f 881/995/881 877/997/877 221/945/221
f 218/975/218 1699/998/1699 907/999/907
f 874/974/874 908/1000/908 1699/998/1699
f 908/1000/908 903/1001/903 1699/998/1699
f 1699/998/1699 233/1002/233 907/999/907
f 867/978/867 909/1003/909 211/979/211
f 210/971/210 1700/1004/1700 867/978/867
f 1700/1004/1700 225/1005/225 896/1006/896
f 909/1003/909 896/1006/896 226/1007/226
f 219/983/219 1701/1008/1701 911/1009/911
f 875/982/875 907/999/907 1701/1008/1701
f 907/999/907 904/1010/904 1701/1008/1701
f 1701/1008/1701 234/1011/234 911/1009/911
f 868/986/868 912/1012/912 212/987/212
f 211/979/211 1702/1013/1702 868/986/868
f 1702/1013/1702 226/1007/226 897/1014/897
f 912/1012/912 897/1014/897 227/1015/227
f 220/991/220 1703/1016/1703 913/1017/913
f 876/990/876 911/1009/911 1703/1016/1703
f 911/1009/911 905/1018/905 1703/1016/1703
f 1703/1016/1703 235/1019/235 913/1017/913
f 869/994/869 914/1020/914 213/931/213
f 212/987/212 1704/1021/1704 869/994/869
f 1704/1021/1704 227/1015/227 898/1022/898
f 914/1020/914 898/1022/898 228/1023/228
f 877/997/877 915/1024/915 221/945/221
f 220/991/220 1705/1025/1705 877/997/877
f 1705/1025/1705 235/1019/235 906/1026/906
f 915/1024/915 906/1026/906 236/1027/236
f 870/932/870 916/1028/916 214/933/214
f 213/931/213 1706/1029/1706 870/932/870
f 1706/1029/1706 228/1023/228 899/1030/899
f 916/1028/916 899/1030/899 229/1031/229
f 207/939/207 1707/1032/1707 917/1033/917
f 1432/1034/1432 1430/1035/1430 297/1036/297
f 222/1037/222 1707/1032/1707 1432/1034/1432
f 1431/1038/1431 1433/1039/1433 206/1040/206
f 221/945/221 1708/1041/1708 1431/1038/1431
f 236/1027/236 1708/1041/1708 915/1042/915
f 215/950/215 1709/1043/1709 918/1044/918
f 871/949/871 916/1028/916 1709/1043/1709
f 916/1028/916 900/1045/900 1709/1043/1709
f 1709/1043/1709 230/1046/230 918/1044/918
f 208/954/208 1710/1047/1710 919/1048/919
f 864/953/864 917/1033/917 1710/1047/1710
f 917/1033/917 893/1049/893 1710/1047/1710
f 1710/1047/1710 223/1050/223 919/1048/919
f 216/958/216 1711/1051/1711 920/1052/920
f 872/957/872 918/1044/918 1711/1051/1711
f 918/1044/918 901/1053/901 1711/1051/1711
f 1711/1051/1711 231/1054/231 920/1052/920
f 865/962/865 921/1055/921 209/963/209
f 208/961/208 1712/1056/1712 865/962/865
f 1712/1056/1712 223/1057/223 894/1058/894
f 921/1055/921 894/1058/894 224/1059/224
f 217/967/217 1713/1060/1713 908/1000/908
f 873/966/873 920/1052/920 1713/1060/1713
f 920/1052/920 902/1061/902 1713/1060/1713
f 1713/1060/1713 232/1062/232 908/1000/908
f 866/970/866 910/1063/910 210/971/210
f 209/963/209 1714/1064/1714 866/970/866
f 1714/1064/1714 224/1059/224 895/1065/895
f 910/1063/910 895/1065/895 225/1005/225
f 1433/1066/1433 1435/1067/1435 206/1068/206
f 236/1027/236 1715/1069/1715 1433/1066/1433
f 251/1070/251 1715/1069/1715 936/1071/936
f 230/1046/230 1716/1072/1716 937/1073/937
f 900/1045/900 938/1074/938 1716/1072/1716
f 938/1074/938 929/1075/929 1716/1072/1716
f 1716/1072/1716 245/1076/245 937/1073/937
f 223/1050/223 1717/1077/1717 939/1078/939
f 893/1049/893 940/1079/940 1717/1077/1717
f 940/1079/940 922/1080/922 1717/1077/1717
f 1717/1077/1717 238/1081/238 939/1078/939
f 231/1054/231 1718/1082/1718 941/1083/941
f 901/1053/901 937/1073/937 1718/1082/1718
f 937/1073/937 930/1084/930 1718/1082/1718
f 1718/1082/1718 246/1085/246 941/1083/941
f 894/1058/894 942/1086/942 224/1059/224
f 223/1057/223 1719/1087/1719 894/1058/894
f 1719/1087/1719 238/1088/238 923/1089/923
f 942/1086/942 923/1089/923 239/1090/239
f 232/1062/232 1720/1091/1720 943/1092/943
f 902/1061/902 941/1083/941 1720/1091/1720
f 941/1083/941 931/1093/931 1720/1091/1720
f 1720/1091/1720 247/1094/247 943/1092/943
f 895/1065/895 944/1095/944 225/1005/225
f 224/1059/224 1721/1096/1721 895/1065/895
f 1721/1096/1721 239/1090/239 924/1097/924
f 944/1095/944 924/1097/924 240/1098/240
f 233/1002/233 1722/1099/1722 945/1100/945
f 903/1001/903 943/1092/943 1722/1099/1722
f 943/1092/943 932/1101/932 1722/1099/1722
f 1722/1099/1722 248/1102/248 945/1100/945
f 896/1006/896 946/1103/946 226/1007/226
f 225/1005/225 1723/1104/1723 896/1006/896
f 1723/1104/1723 240/1098/240 925/1105/925
f 946/1103/946 925/1105/925 241/1106/241
f 234/1011/234 1724/1107/1724 947/1108/947
f 904/1010/904 945/1100/945 1724/1107/1724
f 945/1100/945 933/1109/933 1724/1107/1724
f 1724/1107/1724 249/1110/249 947/1108/947
f 897/1014/897 948/1111/948 227/1015/227
f 226/1007/226 1725/1112/1725 897/1014/897
f 1725/1112/1725 241/1106/241 926/1113/926
f 948/1111/948 926/1113/926 242/1114/242
f 235/1019/235 1726/1115/1726 949/1116/949
f 905/1018/905 947/1108/947 1726/1115/1726
f 947/1108/947 934/1117/934 1726/1115/1726
f 1726/1115/1726 250/1118/250 949/1116/949
f 898/1022/898 950/1119/950 228/1023/228
f 227/1015/227 1727/1120/1727 898/1022/898
f 1727/1120/1727 242/1114/242 927/1121/927
f 950/1119/950 927/1121/927 243/1122/243
f 906/1026/906 936/1071/936 236/1027/236
f 235/1019/235 1728/1123/1728 906/1026/906
f 1728/1123/1728 250/1118/250 935/1124/935
f 936/1071/936 935/1124/935 251/1070/251
f 899/1030/899 938/1074/938 229/1031/229
f 228/1023/228 1729/1125/1729 899/1030/899
f 1729/1125/1729 243/1122/243 928/1126/928
f 938/1074/938 928/1126/928 244/1127/244
f 222/1037/222 1730/1128/1730 940/1079/940
f 1434/1129/1434 1432/1130/1432 297/1131/297
f 237/1132/237 1730/1128/1730 1434/1129/1434
f 249/1110/249 1731/1133/1731 965/1134/965
f 933/1109/933 966/1135/966 1731/1133/1731
f 966/1135/966 962/1136/962 1731/1133/1731
f 1731/1133/1731 264/1137/264 965/1134/965
f 926/1113/926 967/1138/967 242/1114/242
f 241/1106/241 1732/1139/1732 926/1113/926
f 1732/1139/1732 256/1140/256 955/1141/955
f 967/1138/967 955/1141/955 257/1142/257
f 250/1118/250 1733/1143/1733 969/1144/969
f 934/1117/934 965/1134/965 1733/1143/1733
f 965/1134/965 963/1145/963 1733/1143/1733
f 1733/1143/1733 265/1146/265 969/1144/969
f 927/1121/927 970/1147/970 243/1122/243
f 242/1114/242 1734/1148/1734 927/1121/927
f 1734/1148/1734 257/1142/257 956/1149/956
f 970/1147/970 956/1149/956 258/1150/258
f 935/1124/935 971/1151/971 251/1070/251
f 250/1118/250 1735/1152/1735 935/1124/935
f 1735/1152/1735 265/1146/265 964/1153/964
f 971/1151/971 964/1153/964 266/1154/266
f 928/1126/928 972/1155/972 244/1127/244
f 243/1122/243 1736/1156/1736 928/1126/928
f 1736/1156/1736 258/1150/258 957/1157/957
f 972/1155/972 957/1157/957 259/1158/259
f 237/1132/237 1737/1159/1737 973/1160/973
f 1436/1161/1436 1434/1162/1434 297/1163/297
f 252/1164/252 1737/1159/1737 1436/1161/1436
f 1435/1165/1435 1437/1166/1437 206/1167/206
f 251/1070/251 1738/1168/1738 1435/1165/1435
f 266/1154/266 1738/1168/1738 971/1169/971
f 245/1076/245 1739/1170/1739 974/1171/974
f 929/1075/929 972/1155/972 1739/1170/1739
f 972/1155/972 958/1172/958 1739/1170/1739
f 1739/1170/1739 260/1173/260 974/1171/974
f 238/1081/238 1740/1174/1740 975/1175/975
f 922/1080/922 973/1160/973 1740/1174/1740
f 973/1160/973 951/1176/951 1740/1174/1740
f 1740/1174/1740 253/1177/253 975/1175/975
f 246/1085/246 1741/1178/1741 976/1179/976
f 930/1084/930 974/1171/974 1741/1178/1741
f 974/1171/974 959/1180/959 1741/1178/1741
f 1741/1178/1741 261/1181/261 976/1179/976
f 923/1089/923 977/1182/977 239/1090/239
f 238/1088/238 1742/1183/1742 923/1089/923
f 1742/1183/1742 253/1184/253 952/1185/952
f 977/1182/977 952/1185/952 254/1186/254
f 247/1094/247 1743/1187/1743 978/1188/978
f 931/1093/931 976/1179/976 1743/1187/1743
f 976/1179/976 960/1189/960 1743/1187/1743
f 1743/1187/1743 262/1190/262 978/1188/978
f 924/1097/924 979/1191/979 240/1098/240
f 239/1090/239 1744/1192/1744 924/1097/924
f 1744/1192/1744 254/1186/254 953/1193/953
f 979/1191/979 953/1193/953 255/1194/255
f 248/1102/248 1745/1195/1745 966/1135/966
f 932/1101/932 978/1188/978 1745/1195/1745
f 978/1188/978 961/1196/961 1745/1195/1745
f 1745/1195/1745 263/1197/263 966/1135/966
f 925/1105/925 968/1198/968 241/1106/241
f 240/1098/240 1746/1199/1746 925/1105/925
f 1746/1199/1746 255/1194/255 954/1200/954
f 968/1198/968 954/1200/954 256/1140/256
f 253/1177/253 1747/1201/1747 994/1202/994
f 951/1176/951 995/1203/995 1747/1201/1747
f 995/1203/995 980/1204/980 1747/1201/1747
f 1747/1201/1747 268/1205/268 994/1202/994
f 261/1181/261 1748/1206/1748 996/1207/996
f 959/1180/959 997/1208/997 1748/1206/1748
f 997/1208/997 988/1209/988 1748/1206/1748
f 1748/1206/1748 276/1210/276 996/1207/996
f 952/1185/952 998/1211/998 254/1186/254
f 253/1184/253 1749/1212/1749 952/1185/952
f 1749/1212/1749 268/1213/268 981/1214/981
f 998/1211/998 981/1214/981 269/1215/269
f 262/1190/262 1750/1216/1750 999/1217/999
f 960/1189/960 996/1207/996 1750/1216/1750
f 996/1207/996 989/1218/989 1750/1216/1750
f 1750/1216/1750 277/1219/277 999/1217/999
f 953/1193/953 1000/1220/1000 255/1194/255
f 254/1186/254 1751/1221/1751 953/1193/953
f 1751/1221/1751 269/1215/269 982/1222/982
f 1000/1220/1000 982/1222/982 270/1223/270
f 263/1197/263 1752/1224/1752 1001/1225/1001
f 961/1196/961 999/1217/999 1752/1224/1752
f 999/1217/999 990/1226/990 1752/1224/1752
f 1752/1224/1752 278/1227/278 1001/1225/1001
f 954/1200/954 1002/1228/1002 256/1140/256
f 255/1194/255 1753/1229/1753 954/1200/954
f 1753/1229/1753 270/1223/270 983/1230/983
f 1002/1228/1002 983/1230/983 271/1231/271
f 264/1137/264 1754/1232/1754 1003/1233/1003
f 962/1136/962 1001/1225/1001 1754/1232/1754
f 1001/1225/1001 991/1234/991 1754/1232/1754
f 1754/1232/1754 279/1235/279 1003/1233/1003
f 955/1141/955 1004/1236/1004 257/1142/257
f 256/1140/256 1755/1237/1755 955/1141/955
f 1755/1237/1755 271/1231/271 984/1238/984
f 1004/1236/1004 984/1238/984 272/1239/272
f 265/1146/265 1756/1240/1756 1005/1241/1005
f 963/1145/963 1003/1233/1003 1756/1240/1756
f 1003/1233/1003 992/1242/992 1756/1240/1756
f 1756/1240/1756 280/1243/280 1005/1241/1005
f 956/1149/956 1006/1244/1006 258/1150/258
f 257/1142/257 1757/1245/1757 956/1149/956
f 1757/1245/1757 272/1239/272 985/1246/985
f 1006/1244/1006 985/1246/985 273/1247/273
f 964/1153/964 1007/1248/1007 266/1154/266
f 265/1146/265 1758/1249/1758 964/1153/964
f 1758/1249/1758 280/1243/280 993/1250/993
f 1007/1248/1007 993/1250/993 281/1251/281
f 957/1157/957 1008/1252/1008 259/1158/259
f 258/1150/258 1759/1253/1759 957/1157/957
f 1759/1253/1759 273/1247/273 986/1254/986
f 1008/1252/1008 986/1254/986 274/1255/274
f 252/1164/252 1760/1256/1760 995/1203/995
f 1438/1257/1438 1436/1258/1436 297/1259/297
f 267/1260/267 1760/1256/1760 1438/1261/1438
f 1437/1262/1437 1439/1263/1439 206/1264/206
f 266/1154/266 1761/1265/1761 1437/1262/1437
f 281/1251/281 1761/1265/1761 1007/1266/1007
f 260/1173/260 1762/1267/1762 997/1208/997
f 958/1172/958 1008/1252/1008 1762/1267/1762
f 1008/1252/1008 987/1268/987 1762/1267/1762
f 1762/1267/1762 275/1269/275 997/1208/997
f 984/1238/984 1023/1270/1023 272/1239/272
f 271/1231/271 1763/1271/1763 984/1238/984
f 1763/1271/1763 286/1272/286 1013/1273/1013
f 1023/1270/1023 1013/1273/1013 287/1274/287
f 280/1243/280 1764/1275/1764 1025/1276/1025
f 992/1242/992 1026/1277/1026 1764/1275/1764
f 1026/1277/1026 1021/1278/1021 1764/1275/1764
f 1764/1275/1764 295/1279/295 1025/1276/1025
f 985/1246/985 1027/1280/1027 273/1247/273
f 272/1239/272 1765/1281/1765 985/1246/985
f 1765/1281/1765 287/1274/287 1014/1282/1014
f 1027/1280/1027 1014/1282/1014 288/1283/288
f 993/1250/993 1028/1284/1028 281/1251/281
f 280/1243/280 1766/1285/1766 993/1250/993
f 1766/1285/1766 295/1279/295 1022/1286/1022
f 1028/1284/1028 1022/1286/1022 296/1287/296
f 986/1254/986 1029/1288/1029 274/1255/274
f 273/1247/273 1767/1289/1767 986/1254/986
f 1767/1289/1767 288/1283/288 1015/1290/1015
f 1029/1288/1029 1015/1290/1015 289/1291/289
f 267/1260/267 1768/1292/1768 1030/1293/1030
f 1440/1294/1440 1438/1295/1438 297/1296/297
f 282/1297/282 1768/1292/1768 1440/1294/1440
f 1439/1298/1439 1441/1299/1441 206/1300/206
f 281/1251/281 1769/1301/1769 1439/1298/1439
f 296/1287/296 1769/1301/1769 1028/1302/1028
f 275/1269/275 1770/1303/1770 1031/1304/1031
f 987/1268/987 1029/1288/1029 1770/1303/1770
f 1029/1288/1029 1016/1305/1016 1770/1303/1770
f 1770/1303/1770 290/1306/290 1031/1304/1031
f 268/1205/268 1771/1307/1771 1032/1308/1032
f 980/1204/980 1030/1293/1030 1771/1307/1771
f 1030/1293/1030 1009/1309/1009 1771/1307/1771
f 1771/1307/1771 283/1310/283 1032/1308/1032
f 276/1210/276 1772/1311/1772 1033/1312/1033
f 988/1209/988 1031/1304/1031 1772/1311/1772
f 1031/1304/1031 1017/1313/1017 1772/1311/1772
f 1772/1311/1772 291/1314/291 1033/1312/1033
f 981/1214/981 1034/1315/1034 269/1215/269
f 268/1213/268 1773/1316/1773 981/1214/981
f 1773/1316/1773 283/1317/283 1010/1318/1010
f 1034/1315/1034 1010/1318/1010 284/1319/284
f 277/1219/277 1774/1320/1774 1035/1321/1035
f 989/1218/989 1033/1312/1033 1774/1320/1774
f 1033/1312/1033 1018/1322/1018 1774/1320/1774
f 1774/1320/1774 292/1323/292 1035/1321/1035
f 982/1222/982 1036/1324/1036 270/1223/270
f 269/1215/269 1775/1325/1775 982/1222/982
f 1775/1325/1775 284/1319/284 1011/1326/1011
f 1036/1324/1036 1011/1326/1011 285/1327/285
f 278/1227/278 1776/1328/1776 1037/1329/1037
f 990/1226/990 1035/1321/1035 1776/1328/1776
f 1035/1321/1035 1019/1330/1019 1776/1328/1776
f 1776/1328/1776 293/1331/293 1037/1329/1037
f 983/1230/983 1024/1332/1024 271/1231/271
f 270/1223/270 1777/1333/1777 983/1230/983
f 1777/1333/1777 285/1327/285 1012/1334/1012
f 1024/1332/1024 1012/1334/1012 286/1272/286
f 279/1235/279 1778/1335/1778 1026/1277/1026
f 991/1234/991 1037/1329/1037 1778/1335/1778
f 1037/1329/1037 1020/1336/1020 1778/1335/1778
f 1778/1335/1778 294/1337/294 1026/1277/1026
f 291/1314/291 1779/1338/1779 1053/1339/1053
f 1017/1313/1017 1054/1340/1054 1779/1338/1779
f 1054/1340/1054 1047/1341/1047 1779/1338/1779
f 1779/1338/1779 307/1342/307 1053/1339/1053
f 1010/1318/1010 1055/1343/1055 284/1319/284
f 283/1317/283 1780/1344/1780 1010/1318/1010
f 1780/1344/1780 299/1345/299 1040/1346/1040
f 1055/1343/1055 1040/1346/1040 300/1347/300
f 292/1323/292 1781/1348/1781 1057/1349/1057
f 1018/1322/1018 1053/1339/1053 1781/1348/1781
f 1053/1339/1053 1048/1350/1048 1781/1348/1781
f 1781/1348/1781 308/1351/308 1057/1349/1057
f 1011/1326/1011 1058/1352/1058 285/1327/285
f 284/1319/284 1782/1353/1782 1011/1326/1011
f 1782/1353/1782 300/1347/300 1041/1354/1041
f 1058/1352/1058 1041/1354/1041 301/1355/301
f 293/1331/293 1783/1356/1783 1059/1357/1059
f 1019/1330/1019 1057/1349/1057 1783/1356/1783
f 1057/1349/1057 1049/1358/1049 1783/1356/1783
f 1783/1356/1783 309/1359/309 1059/1357/1059
f 1012/1334/1012 1060/1360/1060 286/1272/286
f 285/1327/285 1784/1361/1784 1012/1334/1012
f 1784/1361/1784 301/1355/301 1042/1362/1042
f 1060/1360/1060 1042/1362/1042 302/1363/302
f 294/1337/294 1785/1364/1785 1061/1365/1061
f 1020/1336/1020 1059/1357/1059 1785/1364/1785
f 1059/1357/1059 1050/1366/1050 1785/1364/1785
f 1785/1364/1785 310/1367/310 1061/1365/1061
f 1013/1273/1013 1062/1368/1062 287/1274/287
f 286/1272/286 1786/1369/1786 1013/1273/1013
f 1786/1369/1786 302/1363/302 1043/1370/1043
f 1062/1368/1062 1043/1370/1043 303/1371/303
f 295/1279/295 1787/1372/1787 1063/1373/1063
f 1021/1278/1021 1061/1365/1061 1787/1372/1787
f 1061/1365/1061 1051/1374/1051 1787/1372/1787
f 1787/1372/1787 311/1375/311 1063/1373/1063
f 1014/1282/1014 1064/1376/1064 288/1283/288
f 287/1274/287 1788/1377/1788 1014/1282/1014
f 1788/1377/1788 303/1371/303 1044/1378/1044
f 1064/1376/1064 1044/1378/1044 304/1379/304
f 1022/1286/1022 1065/1380/1065 296/1287/296
f 295/1279/295 1789/1381/1789 1022/1286/1022
f 1789/1381/1789 311/1382/311 1052/1383/1052
f 1065/1380/1065 1052/1383/1052 312/1384/312
f 1015/1290/1015 1066/1385/1066 289/1291/289
f 288/1283/288 1790/1386/1790 1015/1290/1015
f 1790/1386/1790 304/1379/304 1045/1387/1045
f 1066/1385/1066 1045/1387/1045 305/1388/305
f 282/1297/282 1791/1389/1791 1067/1390/1067
f 1038/1391/1038 1440/1392/1440 297/1393/297
f 298/1394/298 1791/1389/1791 1038/1391/1038
f 1441/1395/1441 1442/1396/1442 206/1397/206
f 296/1287/296 1792/1398/1792 1441/1395/1441
f 312/1384/312 1792/1398/1792 1065/1380/1065
f 290/1306/290 1793/1399/1793 1054/1340/1054
f 1016/1305/1016 1066/1385/1066 1793/1399/1793
f 1066/1385/1066 1046/1400/1046 1793/1399/1793
f 1793/1399/1793 306/1401/306 1054/1340/1054
f 283/1310/283 1794/1402/1794 1056/1403/1056
f 1009/1309/1009 1067/1390/1067 1794/1402/1794
f 1067/1390/1067 1039/1404/1039 1794/1402/1794
f 1794/1402/1794 299/1405/299 1056/1403/1056
f 311/1375/311 1795/1406/1795 1082/1407/1082
f 1051/1374/1051 1083/1408/1083 1795/1406/1795
f 1083/1408/1083 1080/1409/1080 1795/1406/1795
f 1795/1406/1795 326/1410/326 1082/1407/1082
f 1044/1378/1044 1084/1411/1084 304/1379/304
f 303/1371/303 1796/1412/1796 1044/1378/1044
f 1796/1412/1796 318/1413/318 1073/1414/1073
f 1084/1411/1084 1073/1414/1073 319/1415/319
f 1052/1383/1052 1086/1416/1086 312/1384/312
f 311/1382/311 1797/1417/1797 1052/1383/1052
f 1797/1417/1797 326/1410/326 1081/1418/1081
f 1086/1416/1086 1081/1418/1081 327/1419/327
f 1045/1387/1045 1087/1420/1087 305/1388/305
f 304/1379/304 1798/1421/1798 1045/1387/1045
f 1798/1421/1798 319/1415/319 1074/1422/1074
f 1087/1420/1087 1074/1422/1074 320/1423/320
f 298/1394/298 1799/1424/1799 1088/1425/1088
f 1443/1426/1443 1038/1427/1038 297/1428/297
f 313/1429/313 1799/1424/1799 1443/1430/1443
f 1442/1431/1442 1444/1432/1444 206/1433/206
f 312/1384/312 1800/1434/1800 1442/1431/1442
f 327/1419/327 1800/1434/1800 1086/1416/1086
f 306/1401/306 1801/1435/1801 1089/1436/1089
f 1046/1400/1046 1087/1420/1087 1801/1435/1801
f 1087/1420/1087 1075/1437/1075 1801/1435/1801
f 1801/1435/1801 321/1438/321 1089/1436/1089
f 299/1405/299 1802/1439/1802 1090/1440/1090
f 1039/1404/1039 1088/1425/1088 1802/1439/1802
f 1088/1425/1088 1068/1441/1068 1802/1439/1802
f 1802/1439/1802 314/1442/314 1090/1440/1090
f 307/1342/307 1803/1443/1803 1091/1444/1091
f 1047/1341/1047 1089/1436/1089 1803/1443/1803
f 1089/1436/1089 1076/1445/1076 1803/1443/1803
f 1803/1443/1803 322/1446/322 1091/1444/1091
f 1040/1346/1040 1092/1447/1092 300/1347/300
f 299/1345/299 1804/1448/1804 1040/1346/1040
f 1804/1448/1804 314/1449/314 1069/1450/1069
f 1092/1447/1092 1069/1450/1069 315/1451/315
f 308/1351/308 1805/1452/1805 1093/1453/1093
f 1048/1350/1048 1091/1444/1091 1805/1452/1805
f 1091/1444/1091 1077/1454/1077 1805/1452/1805
f 1805/1452/1805 323/1455/323 1093/1453/1093
f 1041/1354/1041 1094/1456/1094 301/1355/301
f 300/1347/300 1806/1457/1806 1041/1354/1041
f 1806/1457/1806 315/1451/315 1070/1458/1070
f 1094/1456/1094 1070/1458/1070 316/1459/316
f 309/1359/309 1807/1460/1807 1095/1461/1095
f 1049/1358/1049 1093/1453/1093 1807/1460/1807
f 1093/1453/1093 1078/1462/1078 1807/1460/1807
f 1807/1460/1807 324/1463/324 1095/1461/1095
f 1042/1362/1042 1096/1464/1096 302/1363/302
f 301/1355/301 1808/1465/1808 1042/1362/1042
f 1808/1465/1808 316/1459/316 1071/1466/1071
f 1096/1464/1096 1071/1466/1071 317/1467/317
f 310/1367/310 1809/1468/1809 1083/1408/1083
f 1050/1366/1050 1095/1461/1095 1809/1468/1809
f 1095/1461/1095 1079/1469/1079 1809/1468/1809
f 1809/1468/1809 325/1470/325 1083/1408/1083
f 1043/1370/1043 1085/1471/1085 303/1371/303
f 302/1363/302 1810/1472/1810 1043/1370/1043
f 1810/1472/1810 317/1467/317 1072/1473/1072
f 1085/1471/1085 1072/1473/1072 318/1413/318
f 1069/1450/1069 1111/1474/1111 315/1451/315
f 314/1449/314 1811/1475/1811 1069/1450/1069
f 1811/1475/1811 329/1476/329 1098/1477/1098
f 1111/1474/1111 1098/1477/1098 330/1478/330
f 323/1455/323 1812/1479/1812 1113/1480/1113
f 1077/1454/1077 1114/1481/1114 1812/1479/1812
f 1114/1481/1114 1106/1482/1106 1812/1479/1812
f 1812/1479/1812 338/1483/338 1113/1480/1113
f 1070/1458/1070 1115/1484/1115 316/1459/316
f 315/1451/315 1813/1485/1813 1070/1458/1070
f 1813/1485/1813 330/1478/330 1099/1486/1099
f 1115/1484/1115 1099/1486/1099 331/1487/331
f 324/1463/324 1814/1488/1814 1116/1489/1116
f 1078/1462/1078 1113/1480/1113 1814/1488/1814
f 1113/1480/1113 1107/1490/1107 1814/1488/1814
f 1814/1488/1814 339/1491/339 1116/1489/1116
f 1071/1466/1071 1117/1492/1117 317/1467/317
f 316/1459/316 1815/1493/1815 1071/1466/1071
f 1815/1493/1815 331/1487/331 1100/1494/1100
f 1117/1492/1117 1100/1494/1100 332/1495/332
f 325/1470/325 1816/1496/1816 1118/1497/1118
f 1079/1469/1079 1116/1489/1116 1816/1496/1816
f 1116/1489/1116 1108/1498/1108 1816/1496/1816
f 1816/1496/1816 340/1499/340 1118/1497/1118
f 1072/1473/1072 1119/1500/1119 318/1413/318
f 317/1467/317 1817/1501/1817 1072/1473/1072
f 1817/1501/1817 332/1495/332 1101/1502/1101
f 1119/1500/1119 1101/1502/1101 333/1503/333
f 326/1410/326 1818/1504/1818 1120/1505/1120
f 1080/1409/1080 1118/1497/1118 1818/1504/1818
f 1118/1497/1118 1109/1506/1109 1818/1504/1818
f 1818/1504/1818 341/1507/341 1120/1505/1120
f 1073/1414/1073 1121/1508/1121 319/1415/319
f 318/1413/318 1819/1509/1819 1073/1414/1073
f 1819/1509/1819 333/1503/333 1102/1510/1102
f 1121/1508/1121 1102/1510/1102 334/1511/334
f 1081/1418/1081 1122/1512/1122 327/1419/327
f 326/1410/326 1820/1513/1820 1081/1418/1081
f 1820/1513/1820 341/1514/341 1110/1515/1110
f 1122/1512/1122 1110/1515/1110 342/1516/342
f 1074/1422/1074 1123/1517/1123 320/1423/320
f 319/1415/319 1821/1518/1821 1074/1422/1074
f 1821/1518/1821 334/1511/334 1103/1519/1103
f 1123/1517/1123 1103/1519/1103 335/1520/335
f 313/1429/313 1822/1521/1822 1124/1522/1124
f 1445/1523/1445 1443/1524/1443 297/1525/297
f 328/1526/328 1822/1521/1822 1445/1523/1445
f 1444/1527/1444 1446/1528/1446 206/1529/206
f 327/1419/327 1823/1530/1823 1444/1531/1444
f 342/1516/342 1823/1530/1823 1122/1532/1122
f 321/1438/321 1824/1533/1824 1125/1534/1125
f 1075/1437/1075 1123/1517/1123 1824/1533/1824
f 1123/1517/1123 1104/1535/1104 1824/1533/1824
f 1824/1533/1824 336/1536/336 1125/1534/1125
f 314/1442/314 1825/1537/1825 1112/1538/1112
f 1068/1441/1068 1124/1522/1124 1825/1537/1825
f 1124/1522/1124 1097/1539/1097 1825/1537/1825
f 1825/1537/1825 329/1476/329 1112/1538/1112
f 322/1446/322 1826/1540/1826 1114/1481/1114
f 1076/1445/1076 1125/1534/1125 1826/1540/1826
f 1125/1534/1125 1105/1541/1105 1826/1540/1826
f 1826/1540/1826 337/1542/337 1114/1481/1114
f 1102/1510/1102 1140/1543/1140 334/1511/334
f 333/1503/333 1827/1544/1827 1102/1510/1102
f 1827/1544/1827 348/1545/348 1131/1546/1131
f 1140/1543/1140 1131/1546/1131 349/1547/349
f 1110/1515/1110 1142/1548/1142 342/1516/342
f 341/1514/341 1828/1549/1828 1110/1515/1110
f 1828/1549/1828 356/1550/356 1139/1551/1139
f 1142/1548/1142 1139/1551/1139 357/1552/357
f 1103/1519/1103 1144/1553/1144 335/1520/335
f 334/1511/334 1829/1554/1829 1103/1519/1103
f 1829/1554/1829 349/1547/349 1132/1555/1132
f 1144/1553/1144 1132/1555/1132 350/1556/350
f 328/1526/328 1830/1557/1830 1145/1558/1145
f 1447/1559/1447 1445/1560/1445 297/1561/297
f 343/1562/343 1830/1557/1830 1447/1559/1447
f 1446/1563/1446 1448/1564/1448 206/1565/206
f 342/1516/342 1831/1566/1831 1446/1563/1446
f 357/1552/357 1831/1566/1831 1142/1567/1142
f 336/1536/336 1832/1568/1832 1146/1569/1146
f 1104/1535/1104 1144/1553/1144 1832/1568/1832
f 1144/1553/1144 1133/1570/1133 1832/1568/1832
f 1832/1568/1832 351/1571/351 1146/1569/1146
f 329/1476/329 1833/1572/1833 1147/1573/1147
f 1097/1539/1097 1145/1558/1145 1833/1572/1833
f 1145/1558/1145 1126/1574/1126 1833/1572/1833
f 1833/1572/1833 344/1575/344 1147/1573/1147
f 337/1542/337 1834/1576/1834 1148/1577/1148
f 1105/1541/1105 1146/1569/1146 1834/1576/1834
f 1146/1569/1146 1134/1578/1134 1834/1576/1834
f 1834/1576/1834 352/1579/352 1148/1577/1148
f 1098/1477/1098 1149/1580/1149 330/1478/330
f 329/1476/329 1835/1581/1835 1098/1477/1098
f 1835/1581/1835 344/1575/344 1127/1582/1127
f 1149/1580/1149 1127/1582/1127 345/1583/345
f 338/1483/338 1836/1584/1836 1150/1585/1150
f 1106/1482/1106 1148/1577/1148 1836/1584/1836
f 1148/1577/1148 1135/1586/1135 1836/1584/1836
f 1836/1584/1836 353/1587/353 1150/1585/1150
f 1099/1486/1099 1151/1588/1151 331/1487/331
f 330/1478/330 1837/1589/1837 1099/1486/1099
f 1837/1589/1837 345/1583/345 1128/1590/1128
f 1151/1588/1151 1128/1590/1128 346/1591/346
f 339/1491/339 1838/1592/1838 1152/1593/1152
f 1107/1490/1107 1150/1585/1150 1838/1592/1838
f 1150/1585/1150 1136/1594/1136 1838/1592/1838
f 1838/1592/1838 354/1595/354 1152/1593/1152
f 1100/1494/1100 1153/1596/1153 332/1495/332
f 331/1487/331 1839/1597/1839 1100/1494/1100
f 1839/1597/1839 346/1591/346 1129/1598/1129
f 1153/1596/1153 1129/1598/1129 347/1599/347
f 340/1499/340 1840/1600/1840 1154/1601/1154
f 1108/1498/1108 1152/1593/1152 1840/1600/1840
f 1152/1593/1152 1137/1602/1137 1840/1600/1840
f 1840/1600/1840 355/1603/355 1154/1601/1154
f 1101/1502/1101 1141/1604/1141 333/1503/333
f 332/1495/332 1841/1605/1841 1101/1502/1101
f 1841/1605/1841 347/1599/347 1130/1606/1130
f 1141/1604/1141 1130/1606/1130 348/1545/348
f 341/1507/341 1842/1607/1842 1143/1608/1143
f 1109/1506/1109 1154/1601/1154 1842/1607/1842
f 1154/1601/1154 1138/1609/1138 1842/1607/1842
f 1842/1607/1842 356/1610/356 1143/1608/1143
f 353/1587/353 1843/1611/1843 1169/1612/1169
f 1135/1586/1135 1170/1613/1170 1843/1611/1843
f 1170/1613/1170 1164/1614/1164 1843/1611/1843
f 1843/1611/1843 368/1615/368 1169/1612/1169
f 1128/1590/1128 1171/1616/1171 346/1591/346
f 345/1583/345 1844/1617/1844 1128/1590/1128
f 1844/1617/1844 360/1618/360 1157/1619/1157
f 1171/1616/1171 1157/1619/1157 361/1620/361
f 354/1595/354 1845/1621/1845 1173/1622/1173
f 1136/1594/1136 1169/1612/1169 1845/1621/1845
f 1169/1612/1169 1165/1623/1165 1845/1621/1845
f 1845/1621/1845 369/1624/369 1173/1622/1173
f 1129/1598/1129 1174/1625/1174 347/1599/347
f 346/1591/346 1846/1626/1846 1129/1598/1129
f 1846/1626/1846 361/1620/361 1158/1627/1158
f 1174/1625/1174 1158/1627/1158 362/1628/362
f 355/1603/355 1847/1629/1847 1175/1630/1175
f 1137/1602/1137 1173/1622/1173 1847/1629/1847
f 1173/1622/1173 1166/1631/1166 1847/1629/1847
f 1847/1629/1847 370/1632/370 1175/1630/1175
f 1130/1606/1130 1176/1633/1176 348/1545/348
f 347/1599/347 1848/1634/1848 1130/1606/1130
f 1848/1634/1848 362/1628/362 1159/1635/1159
f 1176/1633/1176 1159/1635/1159 363/1636/363
f 356/1610/356 1849/1637/1849 1177/1638/1177
f 1138/1609/1138 1175/1630/1175 1849/1637/1849
f 1175/1630/1175 1167/1639/1167 1849/1637/1849
f 1849/1637/1849 371/1640/371 1177/1638/1177
f 1131/1546/1131 1178/1641/1178 349/1547/349
f 348/1545/348 1850/1642/1850 1131/1546/1131
f 1850/1642/1850 363/1636/363 1160/1643/1160
f 1178/1641/1178 1160/1643/1160 364/1644/364
f 1139/1551/1139 1179/1645/1179 357/1552/357
f 356/1550/356 1851/1646/1851 1139/1551/1139
f 1851/1646/1851 371/1640/371 1168/1647/1168
f 1179/1645/1179 1168/1647/1168 372/1648/372
f 1132/1555/1132 1180/1649/1180 350/1556/350
f 349/1547/349 1852/1650/1852 1132/1555/1132
f 1852/1650/1852 364/1644/364 1161/1651/1161
f 1180/1649/1180 1161/1651/1161 365/1652/365
f 343/1562/343 1853/1653/1853 1181/1654/1181
f 1449/1655/1449 1447/1656/1447 297/1657/297
f 358/1658/358 1853/1653/1853 1449/1655/1449
f 1448/1659/1448 1450/1660/1450 206/1661/206
f 357/1552/357 1854/1662/1854 1448/1659/1448
f 372/1663/372 1854/1662/1854 1179/1664/1179
f 351/1571/351 1855/1665/1855 1182/1666/1182
f 1133/1570/1133 1180/1649/1180 1855/1665/1855
f 1180/1649/1180 1162/1667/1162 1855/1665/1855
f 1855/1665/1855 366/1668/366 1182/1666/1182
f 344/1575/344 1856/1669/1856 1183/1670/1183
f 1126/1574/1126 1181/1654/1181 1856/1669/1856
f 1181/1654/1181 1155/1671/1155 1856/1669/1856
f 1856/1669/1856 359/1672/359 1183/1670/1183
f 352/1579/352 1857/1673/1857 1170/1613/1170
f 1134/1578/1134 1182/1666/1182 1857/1673/1857
f 1182/1666/1182 1163/1674/1163 1857/1673/1857
f 1857/1673/1857 367/1675/367 1170/1613/1170
f 1127/1582/1127 1172/1676/1172 345/1583/345
f 344/1575/344 1858/1677/1858 1127/1582/1127
f 1858/1677/1858 359/1672/359 1156/1678/1156
f 1172/1676/1172 1156/1678/1156 360/1618/360
f 1168/1679/1168 1198/1680/1198 372/1681/372
f 371/1682/371 1859/1683/1859 1168/1679/1168
f 1859/1683/1859 386/1684/386 1197/1685/1197
f 1198/1680/1198 1197/1685/1197 387/1686/387
f 1161/1687/1161 1200/1688/1200 365/1689/365
f 364/1690/364 1860/1691/1860 1161/1687/1161
f 1860/1691/1860 379/1692/379 1190/1693/1190
f 1200/1688/1200 1190/1693/1190 380/1694/380
f 358/1695/358 1861/1696/1861 1202/1697/1202
f 1451/1698/1451 1449/1699/1449 297/1700/297
f 373/1701/373 1861/1696/1861 1451/1698/1451
f 1450/1702/1450 1452/1703/1452 206/1704/206
f 372/1705/372 1862/1706/1862 1450/1702/1450
f 387/1686/387 1862/1706/1862 1198/1707/1198
f 366/1708/366 1863/1709/1863 1203/1710/1203
f 1162/1711/1162 1200/1688/1200 1863/1709/1863
f 1200/1688/1200 1191/1712/1191 1863/1709/1863
f 1863/1709/1863 381/1713/381 1203/1710/1203
f 359/1714/359 1864/1715/1864 1204/1716/1204
f 1155/1717/1155 1202/1697/1202 1864/1715/1864
f 1202/1697/1202 1184/1718/1184 1864/1715/1864
f 1864/1715/1864 374/1719/374 1204/1716/1204
f 367/1720/367 1865/1721/1865 1205/1722/1205
f 1163/1723/1163 1203/1710/1203 1865/1721/1865
f 1203/1710/1203 1192/1724/1192 1865/1721/1865
f 1865/1721/1865 382/1725/382 1205/1722/1205
f 1156/1726/1156 1206/1727/1206 360/1728/360
f 359/1729/359 1866/1730/1866 1156/1726/1156
f 1866/1730/1866 374/1731/374 1185/1732/1185
f 1206/1727/1206 1185/1732/1185 375/1733/375
f 368/1734/368 1867/1735/1867 1207/1736/1207
f 1164/1737/1164 1205/1722/1205 1867/1735/1867
f 1205/1722/1205 1193/1738/1193 1867/1735/1867
f 1867/1735/1867 383/1739/383 1207/1736/1207
f 1157/1740/1157 1208/1741/1208 361/1742/361
f 360/1728/360 1868/1743/1868 1157/1740/1157
f 1868/1743/1868 375/1733/375 1186/1744/1186
f 1208/1741/1208 1186/1744/1186 376/1745/376
f 369/1746/369 1869/1747/1869 1209/1748/1209
f 1165/1749/1165 1207/1736/1207 1869/1747/1869
f 1207/1736/1207 1194/1750/1194 1869/1747/1869
f 1869/1747/1869 384/1751/384 1209/1748/1209
f 1158/1752/1158 1210/1753/1210 362/1754/362
f 361/1742/361 1870/1755/1870 1158/1752/1158
f 1870/1755/1870 376/1745/376 1187/1756/1187
f 1210/1753/1210 1187/1756/1187 377/1757/377
f 370/1758/370 1871/1759/1871 1211/1760/1211
f 1166/1761/1166 1209/1748/1209 1871/1759/1871
f 1209/1748/1209 1195/1762/1195 1871/1759/1871
f 1871/1759/1871 385/1763/385 1211/1760/1211
f 1159/1764/1159 1212/1765/1212 363/1766/363
f 362/1754/362 1872/1767/1872 1159/1764/1159
f 1872/1767/1872 377/1757/377 1188/1768/1188
f 1212/1765/1212 1188/1768/1188 378/1769/378
f 371/1770/371 1873/1771/1873 1199/1772/1199
f 1167/1773/1167 1211/1760/1211 1873/1771/1873
f 1211/1760/1211 1196/1774/1196 1873/1771/1873
f 1873/1771/1873 386/1775/386 1199/1772/1199
f 1160/1776/1160 1201/1777/1201 364/1690/364
f 363/1766/363 1874/1778/1874 1160/1776/1160
f 1874/1778/1874 378/1769/378 1189/1779/1189
f 1201/1777/1201 1189/1779/1189 379/1692/379
f 384/1751/384 1875/1780/1875 1227/1781/1227
f 1194/1750/1194 1228/1782/1228 1875/1780/1875
f 1228/1782/1228 1223/1783/1223 1875/1780/1875
f 1875/1780/1875 399/1784/399 1227/1781/1227
f 1187/1756/1187 1229/1785/1229 377/1757/377
f 376/1745/376 1876/1786/1876 1187/1756/1187
f 1876/1786/1876 391/1787/391 1216/1788/1216
f 1229/1785/1229 1216/1788/1216 392/1789/392
f 385/1763/385 1877/1790/1877 1231/1791/1231
f 1195/1762/1195 1227/1781/1227 1877/1790/1877
f 1227/1781/1227 1224/1792/1224 1877/1790/1877
f 1877/1790/1877 400/1793/400 1231/1791/1231
f 1188/1768/1188 1232/1794/1232 378/1769/378
f 377/1757/377 1878/1795/1878 1188/1768/1188
f 1878/1795/1878 392/1789/392 1217/1796/1217
f 1232/1794/1232 1217/1796/1217 393/1797/393
f 386/1775/386 1879/1798/1879 1233/1799/1233
f 1196/1774/1196 1231/1791/1231 1879/1798/1879
f 1231/1791/1231 1225/1800/1225 1879/1798/1879
f 1879/1798/1879 401/1801/401 1233/1799/1233
f 1189/1779/1189 1234/1802/1234 379/1692/379
f 378/1769/378 1880/1803/1880 1189/1779/1189
f 1880/1803/1880 393/1797/393 1218/1804/1218
f 1234/1802/1234 1218/1804/1218 394/1805/394
f 1197/1685/1197 1235/1806/1235 387/1686/387
f 386/1684/386 1881/1807/1881 1197/1685/1197
f 1881/1807/1881 401/1808/401 1226/1809/1226
f 1235/1806/1235 1226/1809/1226 402/1810/402
f 1190/1693/1190 1236/1811/1236 380/1694/380
f 379/1692/379 1882/1812/1882 1190/1693/1190
f 1882/1812/1882 394/1805/394 1219/1813/1219
f 1236/1811/1236 1219/1813/1219 395/1814/395
f 373/1701/373 1883/1815/1883 1237/1816/1237
f 1453/1817/1453 1451/1818/1451 297/1819/297
f 388/1820/388 1883/1815/1883 1453/1817/1453
f 1452/1821/1452 1454/1822/1454 206/1823/206
f 387/1686/387 1884/1824/1884 1452/1821/1452
f 402/1810/402 1884/1824/1884 1235/1825/1235
f 381/1713/381 1885/1826/1885 1238/1827/1238
f 1191/1712/1191 1236/1811/1236 1885/1826/1885
f 1236/1811/1236 1220/1828/1220 1885/1826/1885
f 1885/1826/1885 396/1829/396 1238/1827/1238
f 374/1719/374 1886/1830/1886 1239/1831/1239
f 1184/1718/1184 1237/1816/1237 1886/1830/1886
f 1237/1816/1237 1213/1832/1213 1886/1830/1886
f 1886/1830/1886 389/1833/389 1239/1831/1239
f 382/1725/382 1887/1834/1887 1240/1835/1240
f 1192/1724/1192 1238/1827/1238 1887/1834/1887
f 1238/1827/1238 1221/1836/1221 1887/1834/1887
f 1887/1834/1887 397/1837/397 1240/1835/1240
f 1185/1732/1185 1241/1838/1241 375/1733/375
f 374/1731/374 1888/1839/1888 1185/1732/1185
f 1888/1839/1888 389/1840/389 1214/1841/1214
f 1241/1838/1241 1214/1841/1214 390/1842/390
f 383/1739/383 1889/1843/1889 1228/1782/1228
f 1193/1738/1193 1240/1835/1240 1889/1843/1889
f 1240/1835/1240 1222/1844/1222 1889/1843/1889
f 1889/1843/1889 398/1845/398 1228/1782/1228
f 1186/1744/1186 1230/1846/1230 376/1745/376
f 375/1733/375 1890/1847/1890 1186/1744/1186
f 1890/1847/1890 390/1842/390 1215/1848/1215
f 1230/1846/1230 1215/1848/1215 391/1787/391
f 388/1820/388 1891/1849/1891 1256/1850/1256
f 1455/1851/1455 1453/1852/1453 297/1853/297
f 403/1854/403 1891/1849/1891 1455/1851/1455
f 1454/1855/1454 1456/1856/1456 206/1857/206
f 402/1810/402 1892/1858/1892 1454/1855/1454
f 417/1859/417 1892/1858/1892 1257/1860/1257
f 396/1829/396 1893/1861/1893 1258/1862/1258
f 1220/1828/1220 1259/1863/1259 1893/1861/1893
f 1259/1863/1259 1249/1864/1249 1893/1861/1893
f 1893/1861/1893 411/1865/411 1258/1862/1258
f 389/1833/389 1894/1866/1894 1260/1867/1260
f 1213/1832/1213 1256/1850/1256 1894/1866/1894
f 1256/1850/1256 1242/1868/1242 1894/1866/1894
f 1894/1866/1894 404/1869/404 1260/1867/1260
f 397/1837/397 1895/1870/1895 1261/1871/1261
f 1221/1836/1221 1258/1862/1258 1895/1870/1895
f 1258/1862/1258 1250/1872/1250 1895/1870/1895
f 1895/1870/1895 412/1873/412 1261/1871/1261
f 1214/1841/1214 1262/1874/1262 390/1842/390
f 389/1840/389 1896/1875/1896 1214/1841/1214
f 1896/1875/1896 404/1876/404 1243/1877/1243
f 1262/1874/1262 1243/1877/1243 405/1878/405
f 398/1845/398 1897/1879/1897 1263/1880/1263
f 1222/1844/1222 1261/1871/1261 1897/1879/1897
f 1261/1871/1261 1251/1881/1251 1897/1879/1897
f 1897/1879/1897 413/1882/413 1263/1880/1263
f 1215/1848/1215 1264/1883/1264 391/1787/391
f 390/1842/390 1898/1884/1898 1215/1848/1215
f 1898/1884/1898 405/1878/405 1244/1885/1244
f 1264/1883/1264 1244/1885/1244 406/1886/406
f 399/1784/399 1899/1887/1899 1265/1888/1265
f 1223/1783/1223 1263/1880/1263 1899/1887/1899
f 1263/1880/1263 1252/1889/1252 1899/1887/1899
f 1899/1887/1899 414/1890/414 1265/1888/1265
f 1216/1788/1216 1266/1891/1266 392/1789/392
f 391/1787/391 1900/1892/1900 1216/1788/1216
f 1900/1892/1900 406/1886/406 1245/1893/1245
f 1266/1891/1266 1245/1893/1245 407/1894/407
f 400/1793/400 1901/1895/1901 1267/1896/1267
f 1224/1792/1224 1265/1888/1265 1901/1895/1901
f 1265/1888/1265 1253/1897/1253 1901/1895/1901
f 1901/1895/1901 415/1898/415 1267/1896/1267
f 1217/1796/1217 1268/1899/1268 393/1797/393
f 392/1789/392 1902/1900/1902 1217/1796/1217
f 1902/1900/1902 407/1894/407 1246/1901/1246
f 1268/1899/1268 1246/1901/1246 408/1902/408
f 401/1801/401 1903/1903/1903 1269/1904/1269
f 1225/1800/1225 1267/1896/1267 1903/1903/1903
f 1267/1896/1267 1254/1905/1254 1903/1903/1903
f 1903/1903/1903 416/1906/416 1269/1904/1269
f 1218/1804/1218 1270/1907/1270 394/1805/394
f 393/1797/393 1904/1908/1904 1218/1804/1218
f 1904/1908/1904 408/1902/408 1247/1909/1247
f 1270/1907/1270 1247/1909/1247 409/1910/409
f 1226/1809/1226 1257/1911/1257 402/1810/402
f 401/1808/401 1905/1912/1905 1226/1809/1226
f 1905/1912/1905 416/1906/416 1255/1913/1255
f 1257/1911/1257 1255/1913/1255 417/1859/417
f 1219/1813/1219 1259/1863/1259 395/1814/395
f 394/1805/394 1906/1914/1906 1219/1813/1219
f 1906/1914/1906 409/1910/409 1248/1915/1248
f 1259/1863/1259 1248/1915/1248 410/1916/410
f 1245/1893/1245 1285/1917/1285 407/1894/407
f 406/1886/406 1907/1918/1907 1245/1893/1245
f 1907/1918/1907 421/1919/421 1274/1920/1274
f 1285/1917/1285 1274/1920/1274 422/1921/422
f 415/1898/415 1908/1922/1908 1287/1923/1287
f 1253/1897/1253 1288/1924/1288 1908/1922/1908
f 1288/1924/1288 1282/1925/1282 1908/1922/1908
f 1908/1922/1908 430/1926/430 1287/1923/1287
f 1246/1901/1246 1289/1927/1289 408/1902/408
f 407/1894/407 1909/1928/1909 1246/1901/1246
f 1909/1928/1909 422/1921/422 1275/1929/1275
f 1289/1927/1289 1275/1929/1275 423/1930/423
f 416/1906/416 1910/1931/1910 1290/1932/1290
f 1254/1905/1254 1287/1923/1287 1910/1931/1910
f 1287/1923/1287 1283/1933/1283 1910/1931/1910
f 1910/1931/1910 431/1934/431 1290/1932/1290
f 1247/1909/1247 1291/1935/1291 409/1910/409
f 408/1902/408 1911/1936/1911 1247/1909/1247
f 1911/1936/1911 423/1930/423 1276/1937/1276
f 1291/1935/1291 1276/1937/1276 424/1938/424
f 1255/1913/1255 1292/1939/1292 417/1859/417
f 416/1906/416 1912/1940/1912 1255/1913/1255
f 1912/1940/1912 431/1941/431 1284/1942/1284
f 1292/1939/1292 1284/1942/1284 432/1943/432
f 1248/1915/1248 1293/1944/1293 410/1916/410
f 409/1910/409 1913/1945/1913 1248/1915/1248
f 1913/1945/1913 424/1938/424 1277/1946/1277
f 1293/1944/1293 1277/1946/1277 425/1947/425
f 403/1854/403 1914/1948/1914 1294/1949/1294
f 1457/1950/1457 1455/1951/1455 297/1952/297
f 418/1953/418 1914/1948/1914 1457/1950/1457
f 1456/1954/1456 1458/1955/1458 206/1956/206
f 417/1859/417 1915/1957/1915 1456/1954/1456
f 432/1943/432 1915/1957/1915 1292/1958/1292
f 411/1865/411 1916/1959/1916 1295/1960/1295
f 1249/1864/1249 1293/1944/1293 1916/1959/1916
f 1293/1944/1293 1278/1961/1278 1916/1959/1916
f 1916/1959/1916 426/1962/426 1295/1960/1295
f 404/1869/404 1917/1963/1917 1296/1964/1296
f 1242/1868/1242 1294/1949/1294 1917/1963/1917
f 1294/1949/1294 1271/1965/1271 1917/1963/1917
f 1917/1963/1917 419/1966/419 1296/1964/1296
f 412/1873/412 1918/1967/1918 1297/1968/1297
f 1250/1872/1250 1295/1960/1295 1918/1967/1918
f 1295/1960/1295 1279/1969/1279 1918/1967/1918
f 1918/1967/1918 427/1970/427 1297/1968/1297
f 1243/1877/1243 1298/1971/1298 405/1878/405
f 404/1876/404 1919/1972/1919 1243/1877/1243
f 1919/1972/1919 419/1973/419 1272/1974/1272
f 1298/1971/1298 1272/1974/1272 420/1975/420
f 413/1882/413 1920/1976/1920 1299/1977/1299
f 1251/1881/1251 1297/1968/1297 1920/1976/1920
f 1297/1968/1297 1280/1978/1280 1920/1976/1920
f 1920/1976/1920 428/1979/428 1299/1977/1299
f 1244/1885/1244 1286/1980/1286 406/1886/406
f 405/1878/405 1921/1981/1921 1244/1885/1244
f 1921/1981/1921 420/1975/420 1273/1982/1273
f 1286/1980/1286 1273/1982/1273 421/1919/421
f 414/1890/414 1922/1983/1922 1288/1924/1288
f 1252/1889/1252 1299/1977/1299 1922/1983/1922
f 1299/1977/1299 1281/1984/1281 1922/1983/1922
f 1922/1983/1922 429/1985/429 1288/1924/1288
f 426/1962/426 1923/1986/1923 1314/1987/1314
f 1278/1961/1278 1315/1988/1315 1923/1986/1923
f 1315/1988/1315 1307/1989/1307 1923/1986/1923
f 1923/1986/1923 441/1990/441 1314/1987/1314
f 419/1966/419 1924/1991/1924 1316/1992/1316
f 1271/1965/1271 1317/1993/1317 1924/1991/1924
f 1317/1993/1317 1300/1994/1300 1924/1991/1924
f 1924/1991/1924 434/1995/434 1316/1992/1316
f 427/1970/427 1925/1996/1925 1318/1997/1318
f 1279/1969/1279 1314/1987/1314 1925/1996/1925
f 1314/1987/1314 1308/1998/1308 1925/1996/1925
f 1925/1996/1925 442/1999/442 1318/1997/1318
f 1272/1974/1272 1319/2000/1319 420/1975/420
f 419/1973/419 1926/2001/1926 1272/1974/1272
f 1926/2001/1926 434/2002/434 1301/2003/1301
f 1319/2000/1319 1301/2003/1301 435/2004/435
f 428/1979/428 1927/2005/1927 1320/2006/1320
f 1280/1978/1280 1318/1997/1318 1927/2005/1927
f 1318/1997/1318 1309/2007/1309 1927/2005/1927
f 1927/2005/1927 443/2008/443 1320/2006/1320
f 1273/1982/1273 1321/2009/1321 421/1919/421
f 420/1975/420 1928/2010/1928 1273/1982/1273
f 1928/2010/1928 435/2004/435 1302/2011/1302
f 1321/2009/1321 1302/2011/1302 436/2012/436
f 429/1985/429 1929/2013/1929 1322/2014/1322
f 1281/1984/1281 1320/2006/1320 1929/2013/1929
f 1320/2006/1320 1310/2015/1310 1929/2013/1929
f 1929/2013/1929 444/2016/444 1322/2014/1322
f 1274/1920/1274 1323/2017/1323 422/1921/422
f 421/1919/421 1930/2018/1930 1274/1920/1274
f 1930/2018/1930 436/2012/436 1303/2019/1303
f 1323/2017/1323 1303/2019/1303 437/2020/437
f 430/1926/430 1931/2021/1931 1324/2022/1324
f 1282/1925/1282 1322/2014/1322 1931/2021/1931
f 1322/2014/1322 1311/2023/1311 1931/2021/1931
f 1931/2021/1931 445/2024/445 1324/2022/1324
f 1275/1929/1275 1325/2025/1325 423/1930/423
f 422/1921/422 1932/2026/1932 1275/1929/1275
f 1932/2026/1932 437/2020/437 1304/2027/1304
f 1325/2025/1325 1304/2027/1304 438/2028/438
f 431/1934/431 1933/2029/1933 1326/2030/1326
f 1283/1933/1283 1324/2022/1324 1933/2029/1933
f 1324/2022/1324 1312/2031/1312 1933/2029/1933
f 1933/2029/1933 446/2032/446 1326/2030/1326
f 1276/1937/1276 1327/2033/1327 424/1938/424
f 423/1930/423 1934/2034/1934 1276/1937/1276
f 1934/2034/1934 438/2028/438 1305/2035/1305
f 1327/2033/1327 1305/2035/1305 439/2036/439
f 1284/1942/1284 1328/2037/1328 432/1943/432
f 431/1941/431 1935/2038/1935 1284/1942/1284
f 1935/2038/1935 446/2039/446 1313/2040/1313
f 1328/2037/1328 1313/2040/1313 447/2041/447
f 1277/1946/1277 1315/1988/1315 425/1947/425
f 424/1938/424 1936/2042/1936 1277/1946/1277
f 1936/2042/1936 439/2036/439 1306/2043/1306
f 1315/1988/1315 1306/2043/1306 440/2044/440
f 418/1953/418 1937/2045/1937 1317/1993/1317
f 1459/2046/1459 1457/2047/1457 297/2048/297
f 433/2049/433 1937/2045/1937 1459/2050/1459
f 1458/2051/1458 1460/2052/1460 206/2053/206
f 432/1943/432 1938/2054/1938 1458/2051/1458
f 447/2041/447 1938/2054/1938 1328/2055/1328
f 445/2024/445 1939/2056/1939 1343/2057/1343
f 1311/2023/1311 1344/2058/1344 1939/2056/1939
f 1344/2058/1344 1340/2059/1340 1939/2056/1939
f 1939/2056/1939 460/2060/460 1343/2057/1343
f 1304/2027/1304 1345/2061/1345 438/2028/438
f 437/2020/437 1940/2062/1940 1304/2027/1304
f 1940/2062/1940 452/2063/452 1333/2064/1333
f 1345/2061/1345 1333/2064/1333 453/2065/453
f 446/2032/446 1941/2066/1941 1347/2067/1347
f 1312/2031/1312 1343/2057/1343 1941/2066/1941
f 1343/2057/1343 1341/2068/1341 1941/2066/1941
f 1941/2066/1941 461/2069/461 1347/2067/1347
f 1305/2035/1305 1348/2070/1348 439/2036/439
f 438/2028/438 1942/2071/1942 1305/2035/1305
f 1942/2071/1942 453/2065/453 1334/2072/1334
f 1348/2070/1348 1334/2072/1334 454/2073/454
f 1313/2040/1313 1349/2074/1349 447/2041/447
f 446/2039/446 1943/2075/1943 1313/2040/1313
f 1943/2075/1943 461/2069/461 1342/2076/1342
f 1349/2074/1349 1342/2076/1342 462/2077/462
f 1306/2043/1306 1350/2078/1350 440/2044/440
f 439/2036/439 1944/2079/1944 1306/2043/1306
f 1944/2079/1944 454/2073/454 1335/2080/1335
f 1350/2078/1350 1335/2080/1335 455/2081/455
f 433/2049/433 1945/2082/1945 1351/2083/1351
f 1461/2084/1461 1459/2085/1459 297/2086/297
f 448/2087/448 1945/2082/1945 1461/2084/1461
f 1460/2088/1460 1462/2089/1462 206/2090/206
f 447/2041/447 1946/2091/1946 1460/2088/1460
f 462/2077/462 1946/2091/1946 1349/2074/1349
f 441/1990/441 1947/2092/1947 1352/2093/1352
f 1307/1989/1307 1350/2078/1350 1947/2092/1947
f 1350/2078/1350 1336/2094/1336 1947/2092/1947
f 1947/2092/1947 456/2095/456 1352/2093/1352
f 434/1995/434 1948/2096/1948 1353/2097/1353
f 1300/1994/1300 1351/2083/1351 1948/2096/1948
f 1351/2083/1351 1329/2098/1329 1948/2096/1948
f 1948/2096/1948 449/2099/449 1353/2097/1353
f 442/1999/442 1949/2100/1949 1354/2101/1354
f 1308/1998/1308 1352/2093/1352 1949/2100/1949
f 1352/2093/1352 1337/2102/1337 1949/2100/1949
f 1949/2100/1949 457/2103/457 1354/2101/1354
f 1301/2003/1301 1355/2104/1355 435/2004/435
f 434/2002/434 1950/2105/1950 1301/2003/1301
f 1950/2105/1950 449/2099/449 1330/2106/1330
f 1355/2104/1355 1330/2106/1330 450/2107/450
f 443/2008/443 1951/2108/1951 1356/2109/1356
f 1309/2007/1309 1354/2101/1354 1951/2108/1951
f 1354/2101/1354 1338/2110/1338 1951/2108/1951
f 1951/2108/1951 458/2111/458 1356/2109/1356
f 1302/2011/1302 1357/2112/1357 436/2012/436
f 435/2004/435 1952/2113/1952 1302/2011/1302
f 1952/2113/1952 450/2107/450 1331/2114/1331
f 1357/2112/1357 1331/2114/1331 451/2115/451
f 444/2016/444 1953/2116/1953 1344/2058/1344
f 1310/2015/1310 1356/2109/1356 1953/2116/1953
f 1356/2109/1356 1339/2117/1339 1953/2116/1953
f 1953/2116/1953 459/2118/459 1344/2058/1344
f 1303/2019/1303 1346/2119/1346 437/2020/437
f 436/2012/436 1954/2120/1954 1303/2019/1303
f 1954/2120/1954 451/2115/451 1332/2121/1332
f 1346/2119/1346 1332/2121/1332 452/2063/452
f 449/2099/449 1955/2122/1955 1372/2123/1372
f 1329/2098/1329 1373/2124/1373 1955/2122/1955
f 1373/2124/1373 1358/2125/1358 1955/2122/1955
f 1955/2122/1955 464/2126/464 1372/2123/1372
f 457/2103/457 1956/2127/1956 1374/2128/1374
f 1337/2102/1337 1375/2129/1375 1956/2127/1956
f 1375/2129/1375 1366/2130/1366 1956/2127/1956
f 1956/2127/1956 472/2131/472 1374/2128/1374
f 1330/2106/1330 1376/2132/1376 450/2107/450
f 449/2099/449 1957/2133/1957 1330/2106/1330
f 1957/2133/1957 464/2134/464 1359/2135/1359
f 1376/2132/1376 1359/2135/1359 465/2136/465
f 458/2111/458 1958/2137/1958 1377/2138/1377
f 1338/2110/1338 1374/2128/1374 1958/2137/1958
f 1374/2128/1374 1367/2139/1367 1958/2137/1958
f 1958/2137/1958 473/2140/473 1377/2138/1377
f 1331/2114/1331 1378/2141/1378 451/2115/451
f 450/2107/450 1959/2142/1959 1331/2114/1331
f 1959/2142/1959 465/2136/465 1360/2143/1360
f 1378/2141/1378 1360/2143/1360 466/2144/466
f 459/2118/459 1960/2145/1960 1379/2146/1379
f 1339/2117/1339 1377/2138/1377 1960/2145/1960
f 1377/2138/1377 1368/2147/1368 1960/2145/1960
f 1960/2145/1960 474/2148/474 1379/2146/1379
f 1332/2121/1332 1380/2149/1380 452/2063/452
f 451/2115/451 1961/2150/1961 1332/2121/1332
f 1961/2150/1961 466/2144/466 1361/2151/1361
f 1380/2149/1380 1361/2151/1361 467/2152/467
f 460/2060/460 1962/2153/1962 1381/2154/1381
f 1340/2059/1340 1379/2146/1379 1962/2153/1962
f 1379/2146/1379 1369/2155/1369 1962/2153/1962
f 1962/2153/1962 475/2156/475 1381/2154/1381
f 1333/2064/1333 1382/2157/1382 453/2065/453
f 452/2063/452 1963/2158/1963 1333/2064/1333
f 1963/2158/1963 467/2152/467 1362/2159/1362
f 1382/2157/1382 1362/2159/1362 468/2160/468
f 461/2069/461 1964/2161/1964 1383/2162/1383
f 1341/2068/1341 1381/2154/1381 1964/2161/1964
f 1381/2154/1381 1370/2163/1370 1964/2161/1964
f 1964/2161/1964 476/2164/476 1383/2162/1383
f 1334/2072/1334 1384/2165/1384 454/2073/454
f 453/2065/453 1965/2166/1965 1334/2072/1334
f 1965/2166/1965 468/2160/468 1363/2167/1363
f 1384/2165/1384 1363/2167/1363 469/2168/469
f 1342/2076/1342 1385/2169/1385 462/2077/462
f 461/2069/461 1966/2170/1966 1342/2076/1342
f 1966/2170/1966 476/2171/476 1371/2172/1371
f 1385/2169/1385 1371/2172/1371 477/2173/477
f 1335/2080/1335 1386/2174/1386 455/2081/455
f 454/2073/454 1967/2175/1967 1335/2080/1335
f 1967/2175/1967 469/2168/469 1364/2176/1364
f 1386/2174/1386 1364/2176/1364 470/2177/470
f 448/2087/448 1968/2178/1968 1373/2124/1373
f 1463/2179/1463 1461/2180/1461 297/2181/297
f 463/2182/463 1968/2178/1968 1463/2179/1463
f 1462/2183/1462 1464/2184/1464 206/2185/206
f 462/2077/462 1969/2186/1969 1462/2187/1462
f 477/2173/477 1969/2186/1969 1385/2169/1385
f 456/2095/456 1970/2188/1970 1375/2129/1375
f 1336/2094/1336 1386/2174/1386 1970/2188/1970
f 1386/2174/1386 1365/2189/1365 1970/2188/1970
f 1970/2188/1970 471/2190/471 1375/2129/1375
f 1362/2159/1362 1465/2191/1465 468/2160/468
f 467/2152/467 1971/2192/1971 1362/2159/1362
f 1971/2192/1971 5/11/5 487/8/487
f 1465/2191/1465 487/8/487 6/10/6
f 476/2164/476 1972/2193/1972 1390/2194/1390
f 1370/2163/1370 1467/2195/1467 1972/2193/1972
f 1467/2195/1467 1398/19/1398 1972/2193/1972
f 1972/2193/1972 481/16/481 1390/2194/1390
f 1363/2167/1363 1468/2196/1468 469/2168/469
f 468/2160/468 1973/2197/1973 1363/2167/1363
f 1973/2197/1973 6/10/6 488/22/488
f 1468/2196/1468 488/22/488 7/24/7
f 1371/2172/1371 1391/2198/1391 477/2173/477
f 476/2171/476 1974/2199/1974 1371/2172/1371
f 1974/2199/1974 481/16/481 1389/28/1389
f 1391/2198/1391 1389/28/1389 482/30/482
f 1364/2176/1364 1469/2200/1469 470/2177/470
f 469/2168/469 1975/2201/1975 1364/2176/1364
f 1975/2201/1975 7/24/7 489/35/489
f 1469/2200/1469 489/35/489 8/37/8
f 463/2182/463 1976/2202/1976 1470/2203/1470
f 1395/2204/1395 1463/2205/1463 297/2206/297
f 1/41/1 1976/2202/1976 1395/2207/1395
f 1464/2208/1464 1399/2209/1399 206/2210/206
f 477/2173/477 1977/2211/1977 1464/2212/1464
f 482/30/482 1977/2211/1977 1391/2213/1391
f 471/2190/471 1978/2214/1978 1471/2215/1471
f 1365/2189/1365 1469/2200/1469 1978/2214/1978
f 1469/2200/1469 490/57/490 1978/2214/1978
f 1978/2214/1978 9/54/9 1471/2215/1471
f 464/2126/464 1979/2216/1979 1472/2217/1472
f 1358/2125/1358 1470/2203/1470 1979/2216/1979
f 1470/2203/1470 483/63/483 1979/2216/1979
f 1979/2216/1979 2/60/2 1472/2217/1472
f 472/2131/472 1980/2218/1980 1392/2219/1392
f 1366/2130/1366 1471/2215/1471 1980/2218/1980
f 1471/2215/1471 1396/69/1396 1980/2218/1980
f 1980/2218/1980 478/66/478 1392/2219/1392
f 1359/2135/1359 1473/2220/1473 465/2136/465
f 464/2134/464 1981/2221/1981 1359/2135/1359
f 1981/2221/1981 2/75/2 484/72/484
f 1473/2220/1473 484/72/484 3/74/3
f 473/2140/473 1982/2222/1982 1393/2223/1393
f 1367/2139/1367 1392/2219/1392 1982/2222/1982
f 1392/2219/1392 1387/83/1387 1982/2222/1982
f 1982/2222/1982 479/80/479 1393/2223/1393
f 1360/2143/1360 1474/2224/1474 466/2144/466
f 465/2136/465 1983/2225/1983 1360/2143/1360
f 1983/2225/1983 3/74/3 485/86/485
f 1474/2224/1474 485/86/485 4/88/4
f 474/2148/474 1984/2226/1984 1394/2227/1394
f 1368/2147/1368 1393/2223/1393 1984/2226/1984
f 1393/2223/1393 1388/94/1388 1984/2226/1984
f 1984/2226/1984 480/92/480 1394/2227/1394
f 1361/2151/1361 1466/2228/1466 467/2152/467
f 466/2144/466 1985/2229/1985 1361/2151/1361
f 1985/2229/1985 4/88/4 486/97/486
f 1466/2228/1466 486/97/486 5/11/5
f 475/2156/475 1986/2230/1986 1467/2195/1467
f 1369/2155/1369 1394/2227/1394 1986/2230/1986
f 1394/2227/1394 1397/4/1397 1986/2230/1986
f 1986/2230/1986 10/1/10 1467/2195/1467
f 10/1/10 1397/4/1397 1475/2/1475
f 1397/4/1397 480/92/480 1402/5/1402
f 1402/5/1402 22/96/22 502/6/502
f 1475/2/1475 502/6/502 23/7/23
f 487/8/487 1476/12/1476 506/9/506
f 5/11/5 507/98/507 1476/12/1476
f 1476/12/1476 507/98/507 15/13/15
f 506/9/506 1476/12/1476 495/14/495
f 481/16/481 1398/19/1398 1477/17/1477
f 1398/19/1398 10/1/10 505/3/505
f 505/3/505 23/7/23 503/20/503
f 1477/17/1477 503/20/503 24/21/24
f 488/22/488 1478/25/1478 508/23/508
f 6/10/6 506/9/506 1478/25/1478
f 1478/25/1478 506/9/506 16/15/16
f 508/23/508 1478/25/1478 496/26/496
f 1389/28/1389 1479/31/1479 1404/29/1404
f 481/16/481 1403/2231/1403 1479/31/1479
f 1479/31/1479 1403/2231/1403 24/32/24
f 1404/29/1404 1479/31/1479 504/33/504
f 489/35/489 1480/38/1480 509/36/509
f 7/24/7 508/23/508 1480/38/1480
f 1480/38/1480 508/23/508 17/27/17
f 509/36/509 1480/38/1480 497/39/497
f 1/41/1 1395/2232/1395 1481/42/1481
f 1400/44/1400 1481/42/1481 1395/45/1395
f 11/47/11 510/2233/510 1481/42/1481
f 1399/49/1399 1482/52/1482 1401/50/1401
f 482/30/482 1404/53/1404 1482/52/1482
f 25/34/25 1401/2234/1401 1482/52/1482
f 9/54/9 490/57/490 1483/55/1483
f 490/57/490 8/37/8 509/36/509
f 509/36/509 18/40/18 498/58/498
f 1483/55/1483 498/58/498 19/59/19
f 2/60/2 483/63/483 1484/61/1484
f 483/63/483 1/41/1 510/43/510
f 510/43/510 11/47/11 491/64/491
f 1484/61/1484 491/64/491 12/65/12
f 478/66/478 1396/69/1396 1485/67/1485
f 1396/69/1396 9/54/9 511/56/511
f 511/56/511 19/59/19 499/70/499
f 1485/67/1485 499/70/499 20/71/20
f 484/72/484 1486/76/1486 513/73/513
f 2/75/2 512/2235/512 1486/76/1486
f 1486/76/1486 512/2235/512 12/77/12
f 513/73/513 1486/76/1486 492/78/492
f 479/80/479 1387/83/1387 1487/81/1487
f 1387/83/1387 478/66/478 1405/68/1405
f 1405/68/1405 20/71/20 500/84/500
f 1487/81/1487 500/84/500 21/85/21
f 485/86/485 1488/89/1488 514/87/514
f 3/74/3 513/73/513 1488/89/1488
f 1488/89/1488 513/73/513 13/79/13
f 514/87/514 1488/89/1488 493/90/493
f 480/92/480 1388/94/1388 1489/93/1489
f 1388/94/1388 479/80/479 1406/82/1406
f 1406/82/1406 21/85/21 501/95/501
f 1489/93/1489 501/95/501 22/96/22
f 486/97/486 1490/99/1490 507/98/507
f 4/88/4 514/87/514 1490/99/1490
f 1490/99/1490 514/87/514 14/91/14
f 507/98/507 1490/99/1490 494/100/494
f 22/96/22 501/95/501 1491/101/1491
f 501/95/501 21/85/21 530/103/530
f 530/103/530 36/166/36 525/104/525
f 1491/101/1491 525/104/525 37/105/37
f 494/100/494 1492/107/1492 531/106/531
f 14/91/14 532/167/532 1492/107/1492
f 1492/107/1492 532/167/532 29/108/29
f 531/106/531 1492/107/1492 518/109/518
f 23/7/23 502/6/502 1493/111/1493
f 502/6/502 22/96/22 529/102/529
f 529/102/529 37/105/37 526/113/526
f 1493/111/1493 526/113/526 38/114/38
f 495/14/495 1494/116/1494 534/115/534
f 15/13/15 531/106/531 1494/116/1494
f 1494/116/1494 531/106/531 30/110/30
f 534/115/534 1494/116/1494 519/117/519
f 24/21/24 503/20/503 1495/119/1495
f 503/20/503 23/7/23 533/112/533
f 533/112/533 38/114/38 527/121/527
f 1495/119/1495 527/121/527 39/122/39
f 496/26/496 1496/124/1496 536/123/536
f 16/15/16 534/115/534 1496/124/1496
f 1496/124/1496 534/115/534 31/118/31
f 536/123/536 1496/124/1496 520/125/520
f 504/33/504 1497/128/1497 537/127/537
f 24/32/24 535/2236/535 1497/128/1497
f 1497/128/1497 535/2236/535 39/129/39
f 537/127/537 1497/128/1497 528/130/528
f 497/39/497 1498/133/1498 538/132/538
f 17/27/17 536/123/536 1498/133/1498
f 1498/133/1498 536/123/536 32/126/32
f 538/132/538 1498/133/1498 521/134/521
f 11/47/11 1400/139/1400 1499/136/1499
f 1407/138/1407 1499/136/1499 1400/139/1400
f 26/141/26 539/2237/539 1499/136/1499
f 1401/143/1401 1500/146/1500 1408/144/1408
f 25/34/25 537/2238/537 1500/146/1500
f 40/131/40 1408/2239/1408 1500/146/1500
f 19/59/19 498/58/498 1501/148/1501
f 498/58/498 18/40/18 538/132/538
f 538/132/538 33/135/33 522/150/522
f 1501/148/1501 522/150/522 34/151/34
f 12/65/12 491/64/491 1502/152/1502
f 491/64/491 11/47/11 539/137/539
f 539/137/539 26/141/26 515/154/515
f 1502/152/1502 515/154/515 27/155/27
f 20/71/20 499/70/499 1503/156/1503
f 499/70/499 19/59/19 540/149/540
f 540/149/540 34/151/34 523/158/523
f 1503/156/1503 523/158/523 35/159/35
f 492/78/492 1504/161/1504 543/160/543
f 12/77/12 541/2240/541 1504/161/1504
f 1504/161/1504 541/2240/541 27/155/27
f 543/160/543 1504/161/1504 516/162/516
f 21/85/21 500/84/500 1505/164/1505
f 500/84/500 20/71/20 542/157/542
f 542/157/542 35/159/35 524/165/524
f 1505/164/1505 524/165/524 36/166/36
f 493/90/493 1506/168/1506 532/167/532
f 13/79/13 543/160/543 1506/168/1506
f 1506/168/1506 543/160/543 28/163/28
f 532/167/532 1506/168/1506 517/169/517
f 26/141/26 1407/2241/1407 1507/170/1507
f 1409/172/1409 1507/170/1507 1407/173/1407
f 41/175/41 558/2242/558 1507/170/1507
f 1408/177/1408 1508/180/1508 1410/178/1410
f 40/131/40 559/234/559 1508/180/1508
f 55/182/55 1410/178/1410 1508/180/1508
f 34/151/34 522/150/522 1509/184/1509
f 522/150/522 33/135/33 561/186/561
f 561/186/561 48/240/48 551/187/551
f 1509/184/1509 551/187/551 49/188/49
f 27/155/27 515/154/515 1510/189/1510
f 515/154/515 26/141/26 558/171/558
f 558/171/558 41/175/41 544/191/544
f 1510/189/1510 544/191/544 42/192/42
f 35/159/35 523/158/523 1511/193/1511
f 523/158/523 34/151/34 560/185/560
f 560/185/560 49/188/49 552/195/552
f 1511/193/1511 552/195/552 50/196/50
f 516/162/516 1512/198/1512 564/197/564
f 27/155/27 562/2243/562 1512/198/1512
f 1512/198/1512 562/2243/562 42/199/42
f 564/197/564 1512/198/1512 545/200/545
f 36/166/36 524/165/524 1513/202/1513
f 524/165/524 35/159/35 563/194/563
f 563/194/563 50/196/50 553/204/553
f 1513/202/1513 553/204/553 51/205/51
f 517/169/517 1514/207/1514 566/206/566
f 28/163/28 564/197/564 1514/207/1514
f 1514/207/1514 564/197/564 43/201/43
f 566/206/566 1514/207/1514 546/208/546
f 37/105/37 525/104/525 1515/210/1515
f 525/104/525 36/166/36 565/203/565
f 565/203/565 51/205/51 554/212/554
f 1515/210/1515 554/212/554 52/213/52
f 518/109/518 1516/215/1516 568/214/568
f 29/108/29 566/206/566 1516/215/1516
f 1516/215/1516 566/206/566 44/209/44
f 568/214/568 1516/215/1516 547/216/547
f 38/114/38 526/113/526 1517/218/1517
f 526/113/526 37/105/37 567/211/567
f 567/211/567 52/213/52 555/220/555
f 1517/218/1517 555/220/555 53/221/53
f 519/117/519 1518/223/1518 570/222/570
f 30/110/30 568/214/568 1518/223/1518
f 1518/223/1518 568/214/568 45/217/45
f 570/222/570 1518/223/1518 548/224/548
f 39/122/39 527/121/527 1519/226/1519
f 527/121/527 38/114/38 569/219/569
f 569/219/569 53/221/53 556/228/556
f 1519/226/1519 556/228/556 54/229/54
f 520/125/520 1520/231/1520 572/230/572
f 31/118/31 570/222/570 1520/231/1520
f 1520/231/1520 570/222/570 46/225/46
f 572/230/572 1520/231/1520 549/232/549
f 528/130/528 1521/235/1521 559/234/559
f 39/129/39 571/2244/571 1521/235/1521
f 1521/235/1521 571/2244/571 54/236/54
f 559/234/559 1521/235/1521 557/237/557
f 521/134/521 1522/238/1522 561/186/561
f 32/126/32 572/230/572 1522/238/1522
f 1522/238/1522 572/230/572 47/233/47
f 561/186/561 1522/238/1522 550/239/550
f 547/216/547 1523/242/1523 587/241/587
f 44/209/44 588/304/588 1523/242/1523
f 1523/242/1523 588/304/588 59/243/59
f 587/241/587 1523/242/1523 576/244/576
f 53/221/53 555/220/555 1524/246/1524
f 555/220/555 52/213/52 590/248/590
f 590/248/590 67/309/67 584/249/584
f 1524/246/1524 584/249/584 68/250/68
f 548/224/548 1525/252/1525 591/251/591
f 45/217/45 587/241/587 1525/252/1525
f 1525/252/1525 587/241/587 60/245/60
f 591/251/591 1525/252/1525 577/253/577
f 54/229/54 556/228/556 1526/255/1526
f 556/228/556 53/221/53 589/247/589
f 589/247/589 68/250/68 585/257/585
f 1526/255/1526 585/257/585 69/258/69
f 549/232/549 1527/260/1527 593/259/593
f 46/225/46 591/251/591 1527/260/1527
f 1527/260/1527 591/251/591 61/254/61
f 593/259/593 1527/260/1527 578/261/578
f 557/237/557 1528/264/1528 594/263/594
f 54/236/54 592/256/592 1528/264/1528
f 1528/264/1528 592/256/592 69/265/69
f 594/263/594 1528/264/1528 586/266/586
f 550/239/550 1529/269/1529 595/268/595
f 47/233/47 593/259/593 1529/269/1529
f 1529/269/1529 593/259/593 62/262/62
f 595/268/595 1529/269/1529 579/270/579
f 41/175/41 1409/2245/1409 1530/272/1530
f 1411/274/1411 1530/272/1530 1409/275/1409
f 56/277/56 596/2246/596 1530/272/1530
f 1410/278/1410 1531/281/1531 1412/279/1412
f 55/182/55 594/2247/594 1531/281/1531
f 70/267/70 1412/279/1412 1531/281/1531
f 49/188/49 551/187/551 1532/283/1532
f 551/187/551 48/240/48 595/268/595
f 595/268/595 63/271/63 580/285/580
f 1532/283/1532 580/285/580 64/286/64
f 42/192/42 544/191/544 1533/287/1533
f 544/191/544 41/175/41 596/273/596
f 596/273/596 56/277/56 573/289/573
f 1533/287/1533 573/289/573 57/290/57
f 50/196/50 552/195/552 1534/291/1534
f 552/195/552 49/188/49 597/284/597
f 597/284/597 64/286/64 581/293/581
f 1534/291/1534 581/293/581 65/294/65
f 545/200/545 1535/296/1535 600/295/600
f 42/199/42 598/2248/598 1535/296/1535
f 1535/296/1535 598/2248/598 57/297/57
f 600/295/600 1535/296/1535 574/298/574
f 51/205/51 553/204/553 1536/300/1536
f 553/204/553 50/196/50 599/292/599
f 599/292/599 65/294/65 582/302/582
f 1536/300/1536 582/302/582 66/303/66
f 546/208/546 1537/305/1537 588/304/588
f 43/201/43 600/295/600 1537/305/1537
f 1537/305/1537 600/295/600 58/299/58
f 588/304/588 1537/305/1537 575/306/575
f 52/213/52 554/212/554 1538/307/1538
f 554/212/554 51/205/51 601/301/601
f 601/301/601 66/303/66 583/308/583
f 1538/307/1538 583/308/583 67/309/67
f 64/286/64 580/285/580 1539/310/1539
f 580/285/580 63/271/63 617/312/617
f 617/312/617 78/367/78 609/313/609
f 1539/310/1539 609/313/609 79/314/79
f 57/290/57 573/289/573 1540/315/1540
f 573/289/573 56/277/56 619/317/619
f 619/317/619 71/372/71 602/318/602
f 1540/315/1540 602/318/602 72/319/72
f 65/294/65 581/293/581 1541/320/1541
f 581/293/581 64/286/64 616/311/616
f 616/311/616 79/314/79 610/322/610
f 1541/320/1541 610/322/610 80/323/80
f 574/298/574 1542/325/1542 621/324/621
f 57/297/57 618/2249/618 1542/325/1542
f 1542/325/1542 618/2249/618 72/319/72
f 621/324/621 1542/325/1542 603/326/603
f 66/303/66 582/302/582 1543/328/1543
f 582/302/582 65/294/65 620/321/620
f 620/321/620 80/323/80 611/330/611
f 1543/328/1543 611/330/611 81/331/81
f 575/306/575 1544/333/1544 623/332/623
f 58/299/58 621/324/621 1544/333/1544
f 1544/333/1544 621/324/621 73/327/73
f 623/332/623 1544/333/1544 604/334/604
f 67/309/67 583/308/583 1545/336/1545
f 583/308/583 66/303/66 622/329/622
f 622/329/622 81/331/81 612/338/612
f 1545/336/1545 612/338/612 82/339/82
f 576/244/576 1546/341/1546 625/340/625
f 59/243/59 623/332/623 1546/341/1546
f 1546/341/1546 623/332/623 74/335/74
f 625/340/625 1546/341/1546 605/342/605
f 68/250/68 584/249/584 1547/344/1547
f 584/249/584 67/309/67 624/337/624
f 624/337/624 82/339/82 613/346/613
f 1547/344/1547 613/346/613 83/347/83
f 577/253/577 1548/349/1548 627/348/627
f 60/245/60 625/340/625 1548/349/1548
f 1548/349/1548 625/340/625 75/343/75
f 627/348/627 1548/349/1548 606/350/606
f 69/258/69 585/257/585 1549/352/1549
f 585/257/585 68/250/68 626/345/626
f 626/345/626 83/347/83 614/354/614
f 1549/352/1549 614/354/614 84/355/84
f 578/261/578 1550/357/1550 629/356/629
f 61/254/61 627/348/627 1550/357/1550
f 1550/357/1550 627/348/627 76/351/76
f 629/356/629 1550/357/1550 607/358/607
f 586/266/586 1551/361/1551 630/360/630
f 69/265/69 628/2250/628 1551/361/1551
f 1551/361/1551 628/2250/628 84/362/84
f 630/360/630 1551/361/1551 615/363/615
f 579/270/579 1552/365/1552 617/312/617
f 62/262/62 629/356/629 1552/365/1552
f 1552/365/1552 629/356/629 77/359/77
f 617/312/617 1552/365/1552 608/366/608
f 56/277/56 1411/370/1411 1553/368/1553
f 1413/369/1413 1553/368/1553 1411/370/1411
f 71/372/71 619/2251/619 1553/368/1553
f 1412/373/1412 1554/376/1554 1414/374/1414
f 70/267/70 630/2252/630 1554/376/1554
f 85/364/85 1414/374/1414 1554/376/1554
f 83/347/83 613/346/613 1555/378/1555
f 613/346/613 82/339/82 646/380/646
f 646/380/646 97/443/97 642/381/642
f 1555/378/1555 642/381/642 98/382/98
f 606/350/606 1556/384/1556 647/383/647
f 75/343/75 648/444/648 1556/384/1556
f 1556/384/1556 648/444/648 90/385/90
f 647/383/647 1556/384/1556 635/386/635
f 84/355/84 614/354/614 1557/388/1557
f 614/354/614 83/347/83 645/379/645
f 645/379/645 98/382/98 643/390/643
f 1557/388/1557 643/390/643 99/391/99
f 607/358/607 1558/393/1558 650/392/650
f 76/351/76 647/383/647 1558/393/1558
f 1558/393/1558 647/383/647 91/387/91
f 650/392/650 1558/393/1558 636/394/636
f 615/363/615 1559/397/1559 651/396/651
f 84/362/84 649/2253/649 1559/397/1559
f 1559/397/1559 649/2253/649 99/398/99
f 651/396/651 1559/397/1559 644/399/644
f 608/366/608 1560/402/1560 652/401/652
f 77/359/77 650/392/650 1560/402/1560
f 1560/402/1560 650/392/650 92/395/92
f 652/401/652 1560/402/1560 637/403/637
f 71/372/71 1413/2254/1413 1561/405/1561
f 1415/407/1415 1561/405/1561 1413/408/1413
f 86/410/86 653/2255/653 1561/405/1561
f 1414/411/1414 1562/414/1562 1416/412/1416
f 85/364/85 651/2256/651 1562/414/1562
f 100/400/100 1416/412/1416 1562/414/1562
f 79/314/79 609/313/609 1563/416/1563
f 609/313/609 78/367/78 652/401/652
f 652/401/652 93/404/93 638/418/638
f 1563/416/1563 638/418/638 94/419/94
f 72/319/72 602/318/602 1564/420/1564
f 602/318/602 71/372/71 653/406/653
f 653/406/653 86/410/86 631/422/631
f 1564/420/1564 631/422/631 87/423/87
f 80/323/80 610/322/610 1565/424/1565
f 610/322/610 79/314/79 654/417/654
f 654/417/654 94/419/94 639/426/639
f 1565/424/1565 639/426/639 95/427/95
f 603/326/603 1566/429/1566 657/428/657
f 72/319/72 655/2257/655 1566/429/1566
f 1566/429/1566 655/2257/655 87/430/87
f 657/428/657 1566/429/1566 632/431/632
f 81/331/81 611/330/611 1567/433/1567
f 611/330/611 80/323/80 656/425/656
f 656/425/656 95/427/95 640/435/640
f 1567/433/1567 640/435/640 96/436/96
f 604/334/604 1568/438/1568 659/437/659
f 73/327/73 657/428/657 1568/438/1568
f 1568/438/1568 657/428/657 88/432/88
f 659/437/659 1568/438/1568 633/439/633
f 82/339/82 612/338/612 1569/441/1569
f 612/338/612 81/331/81 658/434/658
f 658/434/658 96/436/96 641/442/641
f 1569/441/1569 641/442/641 97/443/97
f 605/342/605 1570/445/1570 648/444/648
f 74/335/74 659/437/659 1570/445/1570
f 1570/445/1570 659/437/659 89/440/89
f 648/444/648 1570/445/1570 634/446/634
f 95/427/95 639/426/639 1571/447/1571
f 639/426/639 94/419/94 675/449/675
f 675/449/675 109/510/109 668/450/668
f 1571/447/1571 668/450/668 110/451/110
f 632/431/632 1572/453/1572 676/452/676
f 87/430/87 677/2258/677 1572/453/1572
f 1572/453/1572 677/2258/677 102/454/102
f 676/452/676 1572/453/1572 661/455/661
f 96/436/96 640/435/640 1573/457/1573
f 640/435/640 95/427/95 674/448/674
f 674/448/674 110/451/110 669/459/669
f 1573/457/1573 669/459/669 111/460/111
f 633/439/633 1574/462/1574 679/461/679
f 88/432/88 676/452/676 1574/462/1574
f 1574/462/1574 676/452/676 103/456/103
f 679/461/679 1574/462/1574 662/463/662
f 97/443/97 641/442/641 1575/465/1575
f 641/442/641 96/436/96 678/458/678
f 678/458/678 111/460/111 670/467/670
f 1575/465/1575 670/467/670 112/468/112
f 634/446/634 1576/470/1576 681/469/681
f 89/440/89 679/461/679 1576/470/1576
f 1576/470/1576 679/461/679 104/464/104
f 681/469/681 1576/470/1576 663/471/663
f 98/382/98 642/381/642 1577/473/1577
f 642/381/642 97/443/97 680/466/680
f 680/466/680 112/468/112 671/475/671
f 1577/473/1577 671/475/671 113/476/113
f 635/386/635 1578/478/1578 683/477/683
f 90/385/90 681/469/681 1578/478/1578
f 1578/478/1578 681/469/681 105/472/105
f 683/477/683 1578/478/1578 664/479/664
f 99/391/99 643/390/643 1579/481/1579
f 643/390/643 98/382/98 682/474/682
f 682/474/682 113/476/113 672/483/672
f 1579/481/1579 672/483/672 114/484/114
f 636/394/636 1580/486/1580 685/485/685
f 91/387/91 683/477/683 1580/486/1580
f 1580/486/1580 683/477/683 106/480/106
f 685/485/685 1580/486/1580 665/487/665
f 644/399/644 1581/490/1581 686/489/686
f 99/398/99 684/2259/684 1581/490/1581
f 1581/490/1581 684/2259/684 114/484/114
f 686/489/686 1581/490/1581 673/491/673
f 637/403/637 1582/494/1582 687/493/687
f 92/395/92 685/485/685 1582/494/1582
f 1582/494/1582 685/485/685 107/488/107
f 687/493/687 1582/494/1582 666/495/666
f 86/410/86 1415/500/1415 1583/497/1583
f 1417/499/1417 1583/497/1583 1415/500/1415
f 101/502/101 688/2260/688 1583/497/1583
f 1416/504/1416 1584/507/1584 1418/505/1418
f 100/400/100 686/2261/686 1584/507/1584
f 115/492/115 1418/505/1418 1584/507/1584
f 94/419/94 638/418/638 1585/508/1585
f 638/418/638 93/404/93 687/493/687
f 687/493/687 108/496/108 667/509/667
f 1585/508/1585 667/509/667 109/510/109
f 87/423/87 631/422/631 1586/511/1586
f 631/422/631 86/410/86 688/498/688
f 688/498/688 101/502/101 660/513/660
f 1586/511/1586 660/513/660 102/514/102
f 114/484/114 672/483/672 1587/515/1587
f 672/483/672 113/476/113 704/517/704
f 704/517/704 128/579/128 701/518/701
f 1587/515/1587 701/518/701 129/519/129
f 665/487/665 1588/521/1588 705/520/705
f 106/480/106 706/580/706 1588/521/1588
f 1588/521/1588 706/580/706 121/522/121
f 705/520/705 1588/521/1588 694/523/694
f 673/491/673 1589/526/1589 707/525/707
f 114/484/114 703/2262/703 1589/526/1589
f 1589/526/1589 703/2262/703 129/519/129
f 707/525/707 1589/526/1589 702/527/702
f 666/495/666 1590/530/1590 708/529/708
f 107/488/107 705/520/705 1590/530/1590
f 1590/530/1590 705/520/705 122/524/122
f 708/529/708 1590/530/1590 695/531/695
f 101/502/101 1417/536/1417 1591/533/1591
f 1419/535/1419 1591/533/1591 1417/536/1417
f 116/538/116 709/2263/709 1591/533/1591
f 1418/539/1418 1592/542/1592 1420/540/1420
f 115/492/115 707/2264/707 1592/542/1592
f 130/528/130 1420/540/1420 1592/542/1592
f 109/510/109 667/509/667 1593/544/1593
f 667/509/667 108/496/108 708/529/708
f 708/529/708 123/532/123 696/546/696
f 1593/544/1593 696/546/696 124/547/124
f 102/514/102 660/513/660 1594/548/1594
f 660/513/660 101/502/101 709/534/709
f 709/534/709 116/538/116 689/550/689
f 1594/548/1594 689/550/689 117/551/117
f 110/451/110 668/450/668 1595/552/1595
f 668/450/668 109/510/109 710/545/710
f 710/545/710 124/547/124 697/554/697
f 1595/552/1595 697/554/697 125/555/125
f 661/455/661 1596/557/1596 713/556/713
f 102/454/102 711/2265/711 1596/557/1596
f 1596/557/1596 711/2265/711 117/558/117
f 713/556/713 1596/557/1596 690/559/690
f 111/460/111 669/459/669 1597/561/1597
f 669/459/669 110/451/110 712/553/712
f 712/553/712 125/555/125 698/563/698
f 1597/561/1597 698/563/698 126/564/126
f 662/463/662 1598/566/1598 715/565/715
f 103/456/103 713/556/713 1598/566/1598
f 1598/566/1598 713/556/713 118/560/118
f 715/565/715 1598/566/1598 691/567/691
f 112/468/112 670/467/670 1599/569/1599
f 670/467/670 111/460/111 714/562/714
f 714/562/714 126/564/126 699/571/699
f 1599/569/1599 699/571/699 127/572/127
f 663/471/663 1600/574/1600 717/573/717
f 104/464/104 715/565/715 1600/574/1600
f 1600/574/1600 715/565/715 119/568/119
f 717/573/717 1600/574/1600 692/575/692
f 113/476/113 671/475/671 1601/577/1601
f 671/475/671 112/468/112 716/570/716
f 716/570/716 127/572/127 700/578/700
f 1601/577/1601 700/578/700 128/579/128
f 664/479/664 1602/581/1602 706/580/706
f 105/472/105 717/573/717 1602/581/1602
f 1602/581/1602 717/573/717 120/576/120
f 706/580/706 1602/581/1602 693/582/693
f 690/559/690 1603/584/1603 732/583/732
f 117/558/117 733/2266/733 1603/584/1603
f 1603/584/1603 733/2266/733 132/585/132
f 732/583/732 1603/584/1603 719/586/719
f 126/564/126 698/563/698 1604/588/1604
f 698/563/698 125/555/125 735/590/735
f 735/590/735 140/651/140 727/591/727
f 1604/588/1604 727/591/727 141/592/141
f 691/567/691 1605/594/1605 736/593/736
f 118/560/118 732/583/732 1605/594/1605
f 1605/594/1605 732/583/732 133/587/133
f 736/593/736 1605/594/1605 720/595/720
f 127/572/127 699/571/699 1606/597/1606
f 699/571/699 126/564/126 734/589/734
f 734/589/734 141/592/141 728/599/728
f 1606/597/1606 728/599/728 142/600/142
f 692/575/692 1607/602/1607 738/601/738
f 119/568/119 736/593/736 1607/602/1607
f 1607/602/1607 736/593/736 134/596/134
f 738/601/738 1607/602/1607 721/603/721
f 128/579/128 700/578/700 1608/605/1608
f 700/578/700 127/572/127 737/598/737
f 737/598/737 142/600/142 729/607/729
f 1608/605/1608 729/607/729 143/608/143
f 693/582/693 1609/610/1609 740/609/740
f 120/576/120 738/601/738 1609/610/1609
f 1609/610/1609 738/601/738 135/604/135
f 740/609/740 1609/610/1609 722/611/722
f 129/519/129 701/518/701 1610/613/1610
f 701/518/701 128/579/128 739/606/739
f 739/606/739 143/608/143 730/615/730
f 1610/613/1610 730/615/730 144/616/144
f 694/523/694 1611/618/1611 742/617/742
f 121/522/121 740/609/740 1611/618/1611
f 1611/618/1611 740/609/740 136/612/136
f 742/617/742 1611/618/1611 723/619/723
f 702/527/702 1612/622/1612 743/621/743
f 129/519/129 741/2267/741 1612/622/1612
f 1612/622/1612 741/2267/741 144/623/144
f 743/621/743 1612/622/1612 731/624/731
f 695/531/695 1613/627/1613 744/626/744
f 122/524/122 742/617/742 1613/627/1613
f 1613/627/1613 742/617/742 137/620/137
f 744/626/744 1613/627/1613 724/628/724
f 116/538/116 1419/633/1419 1614/630/1614
f 1421/632/1421 1614/630/1614 1419/633/1419
f 131/635/131 745/2268/745 1614/630/1614
f 1420/636/1420 1615/639/1615 1422/637/1422
f 130/528/130 743/2269/743 1615/639/1615
f 145/625/145 1422/637/1422 1615/639/1615
f 124/547/124 696/546/696 1616/641/1616
f 696/546/696 123/532/123 744/626/744
f 744/626/744 138/629/138 725/643/725
f 1616/641/1616 725/643/725 139/644/139
f 117/551/117 689/550/689 1617/645/1617
f 689/550/689 116/538/116 745/631/745
f 745/631/745 131/635/131 718/647/718
f 1617/645/1617 718/647/718 132/648/132
f 125/555/125 697/554/697 1618/649/1618
f 697/554/697 124/547/124 746/642/746
f 746/642/746 139/644/139 726/650/726
f 1618/649/1618 726/650/726 140/651/140
f 723/619/723 1619/653/1619 761/652/761
f 136/612/136 762/714/762 1619/653/1619
f 1619/653/1619 762/714/762 151/654/151
f 761/652/761 1619/653/1619 752/655/752
f 731/624/731 1620/658/1620 763/657/763
f 144/623/144 764/2270/764 1620/658/1620
f 1620/658/1620 764/2270/764 159/659/159
f 763/657/763 1620/658/1620 760/660/760
f 724/628/724 1621/663/1621 765/662/765
f 137/620/137 761/652/761 1621/663/1621
f 1621/663/1621 761/652/761 152/656/152
f 765/662/765 1621/663/1621 753/664/753
f 131/635/131 1421/669/1421 1622/666/1622
f 1423/668/1423 1622/666/1622 1421/669/1421
f 146/671/146 766/2271/766 1622/666/1622
f 1422/672/1422 1623/675/1623 1424/673/1424
f 145/625/145 763/2272/763 1623/675/1623
f 160/661/160 1424/673/1424 1623/675/1623
f 139/644/139 725/643/725 1624/677/1624
f 725/643/725 138/629/138 765/662/765
f 765/662/765 153/665/153 754/679/754
f 1624/677/1624 754/679/754 154/680/154
f 132/648/132 718/647/718 1625/681/1625
f 718/647/718 131/635/131 766/667/766
f 766/667/766 146/671/146 747/683/747
f 1625/681/1625 747/683/747 147/684/147
f 140/651/140 726/650/726 1626/685/1626
f 726/650/726 139/644/139 767/678/767
f 767/678/767 154/680/154 755/687/755
f 1626/685/1626 755/687/755 155/688/155
f 719/586/719 1627/690/1627 770/689/770
f 132/585/132 768/2273/768 1627/690/1627
f 1627/690/1627 768/2273/768 147/691/147
f 770/689/770 1627/690/1627 748/692/748
f 141/592/141 727/591/727 1628/694/1628
f 727/591/727 140/651/140 769/686/769
f 769/686/769 155/688/155 756/696/756
f 1628/694/1628 756/696/756 156/697/156
f 720/595/720 1629/699/1629 772/698/772
f 133/587/133 770/689/770 1629/699/1629
f 1629/699/1629 770/689/770 148/693/148
f 772/698/772 1629/699/1629 749/700/749
f 142/600/142 728/599/728 1630/702/1630
f 728/599/728 141/592/141 771/695/771
f 771/695/771 156/697/156 757/704/757
f 1630/702/1630 757/704/757 157/705/157
f 721/603/721 1631/707/1631 774/706/774
f 134/596/134 772/698/772 1631/707/1631
f 1631/707/1631 772/698/772 149/701/149
f 774/706/774 1631/707/1631 750/708/750
f 143/608/143 729/607/729 1632/710/1632
f 729/607/729 142/600/142 773/703/773
f 773/703/773 157/705/157 758/712/758
f 1632/710/1632 758/712/758 158/713/158
f 722/611/722 1633/715/1633 762/714/762
f 135/604/135 774/706/774 1633/715/1633
f 1633/715/1633 774/706/774 150/709/150
f 762/714/762 1633/715/1633 751/716/751
f 144/616/144 730/615/730 1634/717/1634
f 730/615/730 143/608/143 775/711/775
f 775/711/775 158/713/158 759/719/759
f 1634/717/1634 759/719/759 159/720/159
f 156/697/156 756/696/756 1635/721/1635
f 756/696/756 155/688/155 791/723/791
f 791/723/791 170/786/170 785/724/785
f 1635/721/1635 785/724/785 171/725/171
f 749/700/749 1636/727/1636 792/726/792
f 148/693/148 793/787/793 1636/727/1636
f 1636/727/1636 793/787/793 163/728/163
f 792/726/792 1636/727/1636 778/729/778
f 157/705/157 757/704/757 1637/731/1637
f 757/704/757 156/697/156 790/722/790
f 790/722/790 171/725/171 786/733/786
f 1637/731/1637 786/733/786 172/734/172
f 750/708/750 1638/736/1638 795/735/795
f 149/701/149 792/726/792 1638/736/1638
f 1638/736/1638 792/726/792 164/730/164
f 795/735/795 1638/736/1638 779/737/779
f 158/713/158 758/712/758 1639/739/1639
f 758/712/758 157/705/157 794/732/794
f 794/732/794 172/734/172 787/741/787
f 1639/739/1639 787/741/787 173/742/173
f 751/716/751 1640/744/1640 797/743/797
f 150/709/150 795/735/795 1640/744/1640
f 1640/744/1640 795/735/795 165/738/165
f 797/743/797 1640/744/1640 780/745/780
f 159/720/159 759/719/759 1641/747/1641
f 759/719/759 158/713/158 796/740/796
f 796/740/796 173/742/173 788/749/788
f 1641/747/1641 788/749/788 174/750/174
f 752/655/752 1642/752/1642 799/751/799
f 151/654/151 797/743/797 1642/752/1642
f 1642/752/1642 797/743/797 166/746/166
f 799/751/799 1642/752/1642 781/753/781
f 760/660/760 1643/756/1643 800/755/800
f 159/659/159 798/2274/798 1643/756/1643
f 1643/756/1643 798/2274/798 174/757/174
f 800/755/800 1643/756/1643 789/758/789
f 753/664/753 1644/761/1644 801/760/801
f 152/656/152 799/751/799 1644/761/1644
f 1644/761/1644 799/751/799 167/754/167
f 801/760/801 1644/761/1644 782/762/782
f 146/671/146 1423/767/1423 1645/764/1645
f 1425/766/1425 1645/764/1645 1423/767/1423
f 161/769/161 802/2275/802 1645/764/1645
f 1424/770/1424 1646/773/1646 1426/771/1426
f 160/661/160 800/2276/800 1646/773/1646
f 175/759/175 1426/2277/1426 1646/773/1646
f 154/680/154 754/679/754 1647/776/1647
f 754/679/754 153/665/153 801/760/801
f 801/760/801 168/763/168 783/778/783
f 1647/776/1647 783/778/783 169/779/169
f 147/684/147 747/683/747 1648/780/1648
f 747/683/747 146/671/146 802/765/802
f 802/765/802 161/769/161 776/782/776
f 1648/780/1648 776/782/776 162/783/162
f 155/688/155 755/687/755 1649/784/1649
f 755/687/755 154/680/154 803/777/803
f 803/777/803 169/779/169 784/785/784
f 1649/784/1649 784/785/784 170/786/170
f 748/692/748 1650/788/1650 793/787/793
f 147/691/147 804/2278/804 1650/788/1650
f 1650/788/1650 804/2278/804 162/789/162
f 793/787/793 1650/788/1650 777/790/777
f 789/758/789 1651/792/1651 819/791/819
f 174/757/174 820/2279/820 1651/792/1651
f 1651/792/1651 820/2279/820 189/793/189
f 819/791/819 1651/792/1651 818/794/818
f 782/762/782 1652/797/1652 821/796/821
f 167/754/167 822/857/822 1652/797/1652
f 1652/797/1652 822/857/822 182/798/182
f 821/796/821 1652/797/1652 811/799/811
f 161/769/161 1425/2280/1425 1653/801/1653
f 1427/803/1427 1653/801/1653 1425/804/1425
f 176/806/176 823/2281/823 1653/801/1653
f 1426/807/1426 1654/810/1654 1428/808/1428
f 175/759/175 819/2282/819 1654/810/1654
f 190/795/190 1428/808/1428 1654/810/1654
f 169/779/169 783/778/783 1655/812/1655
f 783/778/783 168/763/168 821/796/821
f 821/796/821 183/800/183 812/814/812
f 1655/812/1655 812/814/812 184/815/184
f 162/783/162 776/782/776 1656/816/1656
f 776/782/776 161/769/161 823/802/823
f 823/802/823 176/806/176 805/818/805
f 1656/816/1656 805/818/805 177/819/177
f 170/786/170 784/785/784 1657/820/1657
f 784/785/784 169/779/169 824/813/824
f 824/813/824 184/815/184 813/822/813
f 1657/820/1657 813/822/813 185/823/185
f 777/790/777 1658/825/1658 827/824/827
f 162/789/162 825/2283/825 1658/825/1658
f 1658/825/1658 825/2283/825 177/826/177
f 827/824/827 1658/825/1658 806/827/806
f 171/725/171 785/724/785 1659/829/1659
f 785/724/785 170/786/170 826/821/826
f 826/821/826 185/823/185 814/831/814
f 1659/829/1659 814/831/814 186/832/186
f 778/729/778 1660/834/1660 829/833/829
f 163/728/163 827/824/827 1660/834/1660
f 1660/834/1660 827/824/827 178/828/178
f 829/833/829 1660/834/1660 807/835/807
f 172/734/172 786/733/786 1661/837/1661
f 786/733/786 171/725/171 828/830/828
f 828/830/828 186/832/186 815/839/815
f 1661/837/1661 815/839/815 187/840/187
f 779/737/779 1662/842/1662 831/841/831
f 164/730/164 829/833/829 1662/842/1662
f 1662/842/1662 829/833/829 179/836/179
f 831/841/831 1662/842/1662 808/843/808
f 173/742/173 787/741/787 1663/845/1663
f 787/741/787 172/734/172 830/838/830
f 830/838/830 187/840/187 816/847/816
f 1663/845/1663 816/847/816 188/848/188
f 780/745/780 1664/850/1664 833/849/833
f 165/738/165 831/841/831 1664/850/1664
f 1664/850/1664 831/841/831 180/844/180
f 833/849/833 1664/850/1664 809/851/809
f 174/750/174 788/749/788 1665/853/1665
f 788/749/788 173/742/173 832/846/832
f 832/846/832 188/848/188 817/855/817
f 1665/853/1665 817/855/817 189/856/189
f 781/753/781 1666/858/1666 822/857/822
f 166/746/166 833/849/833 1666/858/1666
f 1666/858/1666 833/849/833 181/852/181
f 822/857/822 1666/858/1666 810/859/810
f 807/835/807 1667/861/1667 849/860/849
f 178/828/178 850/922/850 1667/861/1667
f 1667/861/1667 850/922/850 193/862/193
f 849/860/849 1667/861/1667 836/863/836
f 187/840/187 815/839/815 1668/865/1668
f 815/839/815 186/832/186 852/867/852
f 852/867/852 201/928/201 844/868/844
f 1668/865/1668 844/868/844 202/869/202
f 808/843/808 1669/871/1669 853/870/853
f 179/836/179 849/860/849 1669/871/1669
f 1669/871/1669 849/860/849 194/864/194
f 853/870/853 1669/871/1669 837/872/837
f 188/848/188 816/847/816 1670/874/1670
f 816/847/816 187/840/187 851/866/851
f 851/866/851 202/869/202 845/876/845
f 1670/874/1670 845/876/845 203/877/203
f 809/851/809 1671/879/1671 855/878/855
f 180/844/180 853/870/853 1671/879/1671
f 1671/879/1671 853/870/853 195/873/195
f 855/878/855 1671/879/1671 838/880/838
f 189/856/189 817/855/817 1672/882/1672
f 817/855/817 188/848/188 854/875/854
f 854/875/854 203/877/203 846/884/846
f 1672/882/1672 846/884/846 204/885/204
f 810/859/810 1673/887/1673 857/886/857
f 181/852/181 855/878/855 1673/887/1673
f 1673/887/1673 855/878/855 196/881/196
f 857/886/857 1673/887/1673 839/888/839
f 818/794/818 1674/891/1674 858/890/858
f 189/793/189 856/2284/856 1674/891/1674
f 1674/891/1674 856/2284/856 204/892/204
f 858/890/858 1674/891/1674 847/893/847
f 811/799/811 1675/896/1675 859/895/859
f 182/798/182 857/886/857 1675/896/1675
f 1675/896/1675 857/886/857 197/889/197
f 859/895/859 1675/896/1675 840/897/840
f 176/806/176 1427/902/1427 1676/899/1676
f 1429/901/1429 1676/899/1676 1427/902/1427
f 191/904/191 860/2285/860 1676/899/1676
f 1428/906/1428 1677/909/1677 848/907/848
f 190/795/190 858/2286/858 1677/909/1677
f 205/894/205 848/2287/848 1677/909/1677
f 184/815/184 812/814/812 1678/910/1678
f 812/814/812 183/800/183 859/895/859
f 859/895/859 198/898/198 841/912/841
f 1678/910/1678 841/912/841 199/913/199
f 177/819/177 805/818/805 1679/914/1679
f 805/818/805 176/806/176 860/900/860
f 860/900/860 191/904/191 834/916/834
f 1679/914/1679 834/916/834 192/917/192
f 185/823/185 813/822/813 1680/918/1680
f 813/822/813 184/815/184 861/911/861
f 861/911/861 199/913/199 842/920/842
f 1680/918/1680 842/920/842 200/921/200
f 806/827/806 1681/923/1681 850/922/850
f 177/826/177 862/2288/862 1681/923/1681
f 1681/923/1681 862/2288/862 192/924/192
f 850/922/850 1681/923/1681 835/925/835
f 186/832/186 814/831/814 1682/926/1682
f 814/831/814 185/823/185 863/919/863
f 863/919/863 200/921/200 843/927/843
f 1682/926/1682 843/927/843 201/928/201
f 840/897/840 1683/930/1683 878/929/878
f 197/889/197 879/992/879 1683/930/1683
f 1683/930/1683 879/992/879 213/931/213
f 878/929/878 1683/930/1683 870/932/870
f 191/904/191 1429/937/1429 1684/934/1684
f 1430/936/1430 1684/934/1684 1429/937/1429
f 207/939/207 880/2289/880 1684/934/1684
f 848/940/848 1685/943/1685 1431/941/1431
f 205/894/205 881/2290/881 1685/943/1685
f 221/945/221 1431/941/1431 1685/943/1685
f 199/913/199 841/912/841 1686/947/1686
f 841/912/841 198/898/198 878/929/878
f 878/929/878 214/933/214 871/949/871
f 1686/947/1686 871/949/871 215/950/215
f 192/917/192 834/916/834 1687/951/1687
f 834/916/834 191/904/191 880/935/880
f 880/935/880 207/939/207 864/953/864
f 1687/951/1687 864/953/864 208/954/208
f 200/921/200 842/920/842 1688/955/1688
f 842/920/842 199/913/199 882/948/882
f 882/948/882 215/950/215 872/957/872
f 1688/955/1688 872/957/872 216/958/216
f 835/925/835 1689/960/1689 885/959/885
f 192/924/192 883/2291/883 1689/960/1689
f 1689/960/1689 883/2291/883 208/961/208
f 885/959/885 1689/960/1689 865/962/865
f 201/928/201 843/927/843 1690/964/1690
f 843/927/843 200/921/200 884/956/884
f 884/956/884 216/958/216 873/966/873
f 1690/964/1690 873/966/873 217/967/217
f 836/863/836 1691/969/1691 887/968/887
f 193/862/193 885/959/885 1691/969/1691
f 1691/969/1691 885/959/885 209/963/209
f 887/968/887 1691/969/1691 866/970/866
f 202/869/202 844/868/844 1692/972/1692
f 844/868/844 201/928/201 886/965/886
f 886/965/886 217/967/217 874/974/874
f 1692/972/1692 874/974/874 218/975/218
f 837/872/837 1693/977/1693 889/976/889
f 194/864/194 887/968/887 1693/977/1693
f 1693/977/1693 887/968/887 210/971/210
f 889/976/889 1693/977/1693 867/978/867
f 203/877/203 845/876/845 1694/980/1694
f 845/876/845 202/869/202 888/973/888
f 888/973/888 218/975/218 875/982/875
f 1694/980/1694 875/982/875 219/983/219
f 838/880/838 1695/985/1695 891/984/891
f 195/873/195 889/976/889 1695/985/1695
f 1695/985/1695 889/976/889 211/979/211
f 891/984/891 1695/985/1695 868/986/868
f 204/885/204 846/884/846 1696/988/1696
f 846/884/846 203/877/203 890/981/890
f 890/981/890 219/983/219 876/990/876
f 1696/988/1696 876/990/876 220/991/220
f 839/888/839 1697/993/1697 879/992/879
f 196/881/196 891/984/891 1697/993/1697
f 1697/993/1697 891/984/891 212/987/212
f 879/992/879 1697/993/1697 869/994/869
f 847/893/847 1698/996/1698 881/995/881
f 204/892/204 892/2292/892 1698/996/1698
f 1698/996/1698 892/2292/892 220/991/220
f 881/995/881 1698/996/1698 877/997/877
f 218/975/218 874/974/874 1699/998/1699
f 874/974/874 217/967/217 908/1000/908
f 908/1000/908 232/1062/232 903/1001/903
f 1699/998/1699 903/1001/903 233/1002/233
f 867/978/867 1700/1004/1700 909/1003/909
f 210/971/210 910/1063/910 1700/1004/1700
f 1700/1004/1700 910/1063/910 225/1005/225
f 909/1003/909 1700/1004/1700 896/1006/896
f 219/983/219 875/982/875 1701/1008/1701
f 875/982/875 218/975/218 907/999/907
f 907/999/907 233/1002/233 904/1010/904
f 1701/1008/1701 904/1010/904 234/1011/234
f 868/986/868 1702/1013/1702 912/1012/912
f 211/979/211 909/1003/909 1702/1013/1702
f 1702/1013/1702 909/1003/909 226/1007/226
f 912/1012/912 1702/1013/1702 897/1014/897
f 220/991/220 876/990/876 1703/1016/1703
f 876/990/876 219/983/219 911/1009/911
f 911/1009/911 234/1011/234 905/1018/905
f 1703/1016/1703 905/1018/905 235/1019/235
f 869/994/869 1704/1021/1704 914/1020/914
f 212/987/212 912/1012/912 1704/1021/1704
f 1704/1021/1704 912/1012/912 227/1015/227
f 914/1020/914 1704/1021/1704 898/1022/898
f 877/997/877 1705/1025/1705 915/1024/915
f 220/991/220 913/2293/913 1705/1025/1705
f 1705/1025/1705 913/2293/913 235/1019/235
f 915/1024/915 1705/1025/1705 906/1026/906
f 870/932/870 1706/1029/1706 916/1028/916
f 213/931/213 914/1020/914 1706/1029/1706
f 1706/1029/1706 914/1020/914 228/1023/228
f 916/1028/916 1706/1029/1706 899/1030/899
f 207/939/207 1430/2294/1430 1707/1032/1707
f 1432/1034/1432 1707/1032/1707 1430/1035/1430
f 222/1037/222 917/2295/917 1707/1032/1707
f 1431/1038/1431 1708/1041/1708 1433/1039/1433
f 221/945/221 915/2296/915 1708/1041/1708
f 236/1027/236 1433/1039/1433 1708/1041/1708
f 215/950/215 871/949/871 1709/1043/1709
f 871/949/871 214/933/214 916/1028/916
f 916/1028/916 229/1031/229 900/1045/900
f 1709/1043/1709 900/1045/900 230/1046/230
f 208/954/208 864/953/864 1710/1047/1710
f 864/953/864 207/939/207 917/1033/917
f 917/1033/917 222/1037/222 893/1049/893
f 1710/1047/1710 893/1049/893 223/1050/223
f 216/958/216 872/957/872 1711/1051/1711
f 872/957/872 215/950/215 918/1044/918
f 918/1044/918 230/1046/230 901/1053/901
f 1711/1051/1711 901/1053/901 231/1054/231
f 865/962/865 1712/1056/1712 921/1055/921
f 208/961/208 919/2297/919 1712/1056/1712
f 1712/1056/1712 919/2297/919 223/1057/223
f 921/1055/921 1712/1056/1712 894/1058/894
f 217/967/217 873/966/873 1713/1060/1713
f 873/966/873 216/958/216 920/1052/920
f 920/1052/920 231/1054/231 902/1061/902
f 1713/1060/1713 902/1061/902 232/1062/232
f 866/970/866 1714/1064/1714 910/1063/910
f 209/963/209 921/1055/921 1714/1064/1714
f 1714/1064/1714 921/1055/921 224/1059/224
f 910/1063/910 1714/1064/1714 895/1065/895
f 1433/1066/1433 1715/1069/1715 1435/1067/1435
f 236/1027/236 936/2298/936 1715/1069/1715
f 251/1070/251 1435/1067/1435 1715/1069/1715
f 230/1046/230 900/1045/900 1716/1072/1716
f 900/1045/900 229/1031/229 938/1074/938
f 938/1074/938 244/1127/244 929/1075/929
f 1716/1072/1716 929/1075/929 245/1076/245
f 223/1050/223 893/1049/893 1717/1077/1717
f 893/1049/893 222/1037/222 940/1079/940
f 940/1079/940 237/1132/237 922/1080/922
f 1717/1077/1717 922/1080/922 238/1081/238
f 231/1054/231 901/1053/901 1718/1082/1718
f 901/1053/901 230/1046/230 937/1073/937
f 937/1073/937 245/1076/245 930/1084/930
f 1718/1082/1718 930/1084/930 246/1085/246
f 894/1058/894 1719/1087/1719 942/1086/942
f 223/1057/223 939/2299/939 1719/1087/1719
f 1719/1087/1719 939/2299/939 238/1088/238
f 942/1086/942 1719/1087/1719 923/1089/923
f 232/1062/232 902/1061/902 1720/1091/1720
f 902/1061/902 231/1054/231 941/1083/941
f 941/1083/941 246/1085/246 931/1093/931
f 1720/1091/1720 931/1093/931 247/1094/247
f 895/1065/895 1721/1096/1721 944/1095/944
f 224/1059/224 942/1086/942 1721/1096/1721
f 1721/1096/1721 942/1086/942 239/1090/239
f 944/1095/944 1721/1096/1721 924/1097/924
f 233/1002/233 903/1001/903 1722/1099/1722
f 903/1001/903 232/1062/232 943/1092/943
f 943/1092/943 247/1094/247 932/1101/932
f 1722/1099/1722 932/1101/932 248/1102/248
f 896/1006/896 1723/1104/1723 946/1103/946
f 225/1005/225 944/1095/944 1723/1104/1723
f 1723/1104/1723 944/1095/944 240/1098/240
f 946/1103/946 1723/1104/1723 925/1105/925
f 234/1011/234 904/1010/904 1724/1107/1724
f 904/1010/904 233/1002/233 945/1100/945
f 945/1100/945 248/1102/248 933/1109/933
f 1724/1107/1724 933/1109/933 249/1110/249
f 897/1014/897 1725/1112/1725 948/1111/948
f 226/1007/226 946/1103/946 1725/1112/1725
f 1725/1112/1725 946/1103/946 241/1106/241
f 948/1111/948 1725/1112/1725 926/1113/926
f 235/1019/235 905/1018/905 1726/1115/1726
f 905/1018/905 234/1011/234 947/1108/947
f 947/1108/947 249/1110/249 934/1117/934
f 1726/1115/1726 934/1117/934 250/1118/250
f 898/1022/898 1727/1120/1727 950/1119/950
f 227/1015/227 948/1111/948 1727/1120/1727
f 1727/1120/1727 948/1111/948 242/1114/242
f 950/1119/950 1727/1120/1727 927/1121/927
f 906/1026/906 1728/1123/1728 936/1071/936
f 235/1019/235 949/2300/949 1728/1123/1728
f 1728/1123/1728 949/2300/949 250/1118/250
f 936/1071/936 1728/1123/1728 935/1124/935
f 899/1030/899 1729/1125/1729 938/1074/938
f 228/1023/228 950/1119/950 1729/1125/1729
f 1729/1125/1729 950/1119/950 243/1122/243
f 938/1074/938 1729/1125/1729 928/1126/928
f 222/1037/222 1432/1130/1432 1730/1128/1730
f 1434/1129/1434 1730/1128/1730 1432/1130/1432
f 237/1132/237 940/2301/940 1730/1128/1730
f 249/1110/249 933/1109/933 1731/1133/1731
f 933/1109/933 248/1102/248 966/1135/966
f 966/1135/966 263/1197/263 962/1136/962
f 1731/1133/1731 962/1136/962 264/1137/264
f 926/1113/926 1732/1139/1732 967/1138/967
f 241/1106/241 968/1198/968 1732/1139/1732
f 1732/1139/1732 968/1198/968 256/1140/256
f 967/1138/967 1732/1139/1732 955/1141/955
f 250/1118/250 934/1117/934 1733/1143/1733
f 934/1117/934 249/1110/249 965/1134/965
f 965/1134/965 264/1137/264 963/1145/963
f 1733/1143/1733 963/1145/963 265/1146/265
f 927/1121/927 1734/1148/1734 970/1147/970
f 242/1114/242 967/1138/967 1734/1148/1734
f 1734/1148/1734 967/1138/967 257/1142/257
f 970/1147/970 1734/1148/1734 956/1149/956
f 935/1124/935 1735/1152/1735 971/1151/971
f 250/1118/250 969/2302/969 1735/1152/1735
f 1735/1152/1735 969/2302/969 265/1146/265
f 971/1151/971 1735/1152/1735 964/1153/964
f 928/1126/928 1736/1156/1736 972/1155/972
f 243/1122/243 970/1147/970 1736/1156/1736
f 1736/1156/1736 970/1147/970 258/1150/258
f 972/1155/972 1736/1156/1736 957/1157/957
f 237/1132/237 1434/1162/1434 1737/1159/1737
f 1436/1161/1436 1737/1159/1737 1434/1162/1434
f 252/1164/252 973/2303/973 1737/1159/1737
f 1435/1165/1435 1738/1168/1738 1437/1166/1437
f 251/1070/251 971/2304/971 1738/1168/1738
f 266/1154/266 1437/1166/1437 1738/1168/1738
f 245/1076/245 929/1075/929 1739/1170/1739
f 929/1075/929 244/1127/244 972/1155/972
f 972/1155/972 259/1158/259 958/1172/958
f 1739/1170/1739 958/1172/958 260/1173/260
f 238/1081/238 922/1080/922 1740/1174/1740
f 922/1080/922 237/1132/237 973/1160/973
f 973/1160/973 252/1164/252 951/1176/951
f 1740/1174/1740 951/1176/951 253/1177/253
f 246/1085/246 930/1084/930 1741/1178/1741
f 930/1084/930 245/1076/245 974/1171/974
f 974/1171/974 260/1173/260 959/1180/959
f 1741/1178/1741 959/1180/959 261/1181/261
f 923/1089/923 1742/1183/1742 977/1182/977
f 238/1088/238 975/2305/975 1742/1183/1742
f 1742/1183/1742 975/2305/975 253/1184/253
f 977/1182/977 1742/1183/1742 952/1185/952
f 247/1094/247 931/1093/931 1743/1187/1743
f 931/1093/931 246/1085/246 976/1179/976
f 976/1179/976 261/1181/261 960/1189/960
f 1743/1187/1743 960/1189/960 262/1190/262
f 924/1097/924 1744/1192/1744 979/1191/979
f 239/1090/239 977/1182/977 1744/1192/1744
f 1744/1192/1744 977/1182/977 254/1186/254
f 979/1191/979 1744/1192/1744 953/1193/953
f 248/1102/248 932/1101/932 1745/1195/1745
f 932/1101/932 247/1094/247 978/1188/978
f 978/1188/978 262/1190/262 961/1196/961
f 1745/1195/1745 961/1196/961 263/1197/263
f 925/1105/925 1746/1199/1746 968/1198/968
f 240/1098/240 979/1191/979 1746/1199/1746
f 1746/1199/1746 979/1191/979 255/1194/255
f 968/1198/968 1746/1199/1746 954/1200/954
f 253/1177/253 951/1176/951 1747/1201/1747
f 951/1176/951 252/1164/252 995/1203/995
f 995/1203/995 267/1260/267 980/1204/980
f 1747/1201/1747 980/1204/980 268/1205/268
f 261/1181/261 959/1180/959 1748/1206/1748
f 959/1180/959 260/1173/260 997/1208/997
f 997/1208/997 275/1269/275 988/1209/988
f 1748/1206/1748 988/1209/988 276/1210/276
f 952/1185/952 1749/1212/1749 998/1211/998
f 253/1184/253 994/2306/994 1749/1212/1749
f 1749/1212/1749 994/2306/994 268/1213/268
f 998/1211/998 1749/1212/1749 981/1214/981
f 262/1190/262 960/1189/960 1750/1216/1750
f 960/1189/960 261/1181/261 996/1207/996
f 996/1207/996 276/1210/276 989/1218/989
f 1750/1216/1750 989/1218/989 277/1219/277
f 953/1193/953 1751/1221/1751 1000/1220/1000
f 254/1186/254 998/1211/998 1751/1221/1751
f 1751/1221/1751 998/1211/998 269/1215/269
f 1000/1220/1000 1751/1221/1751 982/1222/982
f 263/1197/263 961/1196/961 1752/1224/1752
f 961/1196/961 262/1190/262 999/1217/999
f 999/1217/999 277/1219/277 990/1226/990
f 1752/1224/1752 990/1226/990 278/1227/278
f 954/1200/954 1753/1229/1753 1002/1228/1002
f 255/1194/255 1000/1220/1000 1753/1229/1753
f 1753/1229/1753 1000/1220/1000 270/1223/270
f 1002/1228/1002 1753/1229/1753 983/1230/983
f 264/1137/264 962/1136/962 1754/1232/1754
f 962/1136/962 263/1197/263 1001/1225/1001
f 1001/1225/1001 278/1227/278 991/1234/991
f 1754/1232/1754 991/1234/991 279/1235/279
f 955/1141/955 1755/1237/1755 1004/1236/1004
f 256/1140/256 1002/1228/1002 1755/1237/1755
f 1755/1237/1755 1002/1228/1002 271/1231/271
f 1004/1236/1004 1755/1237/1755 984/1238/984
f 265/1146/265 963/1145/963 1756/1240/1756
f 963/1145/963 264/1137/264 1003/1233/1003
f 1003/1233/1003 279/1235/279 992/1242/992
f 1756/1240/1756 992/1242/992 280/1243/280
f 956/1149/956 1757/1245/1757 1006/1244/1006
f 257/1142/257 1004/1236/1004 1757/1245/1757
f 1757/1245/1757 1004/1236/1004 272/1239/272
f 1006/1244/1006 1757/1245/1757 985/1246/985
f 964/1153/964 1758/1249/1758 1007/1248/1007
f 265/1146/265 1005/2307/1005 1758/1249/1758
f 1758/1249/1758 1005/2307/1005 280/1243/280
f 1007/1248/1007 1758/1249/1758 993/1250/993
f 957/1157/957 1759/1253/1759 1008/1252/1008
f 258/1150/258 1006/1244/1006 1759/1253/1759
f 1759/1253/1759 1006/1244/1006 273/1247/273
f 1008/1252/1008 1759/1253/1759 986/1254/986
f 252/1164/252 1436/1258/1436 1760/1256/1760
f 1438/1257/1438 1760/1256/1760 1436/1258/1436
f 267/1260/267 995/2308/995 1760/1256/1760
f 1437/1262/1437 1761/1265/1761 1439/1263/1439
f 266/1154/266 1007/2309/1007 1761/1265/1761
f 281/1251/281 1439/1263/1439 1761/1265/1761
f 260/1173/260 958/1172/958 1762/1267/1762
f 958/1172/958 259/1158/259 1008/1252/1008
f 1008/1252/1008 274/1255/274 987/1268/987
f 1762/1267/1762 987/1268/987 275/1269/275
f 984/1238/984 1763/1271/1763 1023/1270/1023
f 271/1231/271 1024/1332/1024 1763/1271/1763
f 1763/1271/1763 1024/1332/1024 286/1272/286
f 1023/1270/1023 1763/1271/1763 1013/1273/1013
f 280/1243/280 992/1242/992 1764/1275/1764
f 992/1242/992 279/1235/279 1026/1277/1026
f 1026/1277/1026 294/1337/294 1021/1278/1021
f 1764/1275/1764 1021/1278/1021 295/1279/295
f 985/1246/985 1765/1281/1765 1027/1280/1027
f 272/1239/272 1023/1270/1023 1765/1281/1765
f 1765/1281/1765 1023/1270/1023 287/1274/287
f 1027/1280/1027 1765/1281/1765 1014/1282/1014
f 993/1250/993 1766/1285/1766 1028/1284/1028
f 280/1243/280 1025/2310/1025 1766/1285/1766
f 1766/1285/1766 1025/2310/1025 295/1279/295
f 1028/1284/1028 1766/1285/1766 1022/1286/1022
f 986/1254/986 1767/1289/1767 1029/1288/1029
f 273/1247/273 1027/1280/1027 1767/1289/1767
f 1767/1289/1767 1027/1280/1027 288/1283/288
f 1029/1288/1029 1767/1289/1767 1015/1290/1015
f 267/1260/267 1438/1295/1438 1768/1292/1768
f 1440/1294/1440 1768/1292/1768 1438/1295/1438
f 282/1297/282 1030/2311/1030 1768/1292/1768
f 1439/1298/1439 1769/1301/1769 1441/1299/1441
f 281/1251/281 1028/2312/1028 1769/1301/1769
f 296/1287/296 1441/2313/1441 1769/1301/1769
f 275/1269/275 987/1268/987 1770/1303/1770
f 987/1268/987 274/1255/274 1029/1288/1029
f 1029/1288/1029 289/1291/289 1016/1305/1016
f 1770/1303/1770 1016/1305/1016 290/1306/290
f 268/1205/268 980/1204/980 1771/1307/1771
f 980/1204/980 267/1260/267 1030/1293/1030
f 1030/1293/1030 282/1297/282 1009/1309/1009
f 1771/1307/1771 1009/1309/1009 283/1310/283
f 276/1210/276 988/1209/988 1772/1311/1772
f 988/1209/988 275/1269/275 1031/1304/1031
f 1031/1304/1031 290/1306/290 1017/1313/1017
f 1772/1311/1772 1017/1313/1017 291/1314/291
f 981/1214/981 1773/1316/1773 1034/1315/1034
f 268/1213/268 1032/2314/1032 1773/1316/1773
f 1773/1316/1773 1032/2314/1032 283/1317/283
f 1034/1315/1034 1773/1316/1773 1010/1318/1010
f 277/1219/277 989/1218/989 1774/1320/1774
f 989/1218/989 276/1210/276 1033/1312/1033
f 1033/1312/1033 291/1314/291 1018/1322/1018
f 1774/1320/1774 1018/1322/1018 292/1323/292
f 982/1222/982 1775/1325/1775 1036/1324/1036
f 269/1215/269 1034/1315/1034 1775/1325/1775
f 1775/1325/1775 1034/1315/1034 284/1319/284
f 1036/1324/1036 1775/1325/1775 1011/1326/1011
f 278/1227/278 990/1226/990 1776/1328/1776
f 990/1226/990 277/1219/277 1035/1321/1035
f 1035/1321/1035 292/1323/292 1019/1330/1019
f 1776/1328/1776 1019/1330/1019 293/1331/293
f 983/1230/983 1777/1333/1777 1024/1332/1024
f 270/1223/270 1036/1324/1036 1777/1333/1777
f 1777/1333/1777 1036/1324/1036 285/1327/285
f 1024/1332/1024 1777/1333/1777 1012/1334/1012
f 279/1235/279 991/1234/991 1778/1335/1778
f 991/1234/991 278/1227/278 1037/1329/1037
f 1037/1329/1037 293/1331/293 1020/1336/1020
f 1778/1335/1778 1020/1336/1020 294/1337/294
f 291/1314/291 1017/1313/1017 1779/1338/1779
f 1017/1313/1017 290/1306/290 1054/1340/1054
f 1054/1340/1054 306/1401/306 1047/1341/1047
f 1779/1338/1779 1047/1341/1047 307/1342/307
f 1010/1318/1010 1780/1344/1780 1055/1343/1055
f 283/1317/283 1056/2315/1056 1780/1344/1780
f 1780/1344/1780 1056/2315/1056 299/1345/299
f 1055/1343/1055 1780/1344/1780 1040/1346/1040
f 292/1323/292 1018/1322/1018 1781/1348/1781
f 1018/1322/1018 291/1314/291 1053/1339/1053
f 1053/1339/1053 307/1342/307 1048/1350/1048
f 1781/1348/1781 1048/1350/1048 308/1351/308
f 1011/1326/1011 1782/1353/1782 1058/1352/1058
f 284/1319/284 1055/1343/1055 1782/1353/1782
f 1782/1353/1782 1055/1343/1055 300/1347/300
f 1058/1352/1058 1782/1353/1782 1041/1354/1041
f 293/1331/293 1019/1330/1019 1783/1356/1783
f 1019/1330/1019 292/1323/292 1057/1349/1057
f 1057/1349/1057 308/1351/308 1049/1358/1049
f 1783/1356/1783 1049/1358/1049 309/1359/309
f 1012/1334/1012 1784/1361/1784 1060/1360/1060
f 285/1327/285 1058/1352/1058 1784/1361/1784
f 1784/1361/1784 1058/1352/1058 301/1355/301
f 1060/1360/1060 1784/1361/1784 1042/1362/1042
f 294/1337/294 1020/1336/1020 1785/1364/1785
f 1020/1336/1020 293/1331/293 1059/1357/1059
f 1059/1357/1059 309/1359/309 1050/1366/1050
f 1785/1364/1785 1050/1366/1050 310/1367/310
f 1013/1273/1013 1786/1369/1786 1062/1368/1062
f 286/1272/286 1060/1360/1060 1786/1369/1786
f 1786/1369/1786 1060/1360/1060 302/1363/302
f 1062/1368/1062 1786/1369/1786 1043/1370/1043
f 295/1279/295 1021/1278/1021 1787/1372/1787
f 1021/1278/1021 294/1337/294 1061/1365/1061
f 1061/1365/1061 310/1367/310 1051/1374/1051
f 1787/1372/1787 1051/1374/1051 311/1375/311
f 1014/1282/1014 1788/1377/1788 1064/1376/1064
f 287/1274/287 1062/1368/1062 1788/1377/1788
f 1788/1377/1788 1062/1368/1062 303/1371/303
f 1064/1376/1064 1788/1377/1788 1044/1378/1044
f 1022/1286/1022 1789/1381/1789 1065/1380/1065
f 295/1279/295 1063/2316/1063 1789/1381/1789
f 1789/1381/1789 1063/2316/1063 311/1382/311
f 1065/1380/1065 1789/1381/1789 1052/1383/1052
f 1015/1290/1015 1790/1386/1790 1066/1385/1066
f 288/1283/288 1064/1376/1064 1790/1386/1790
f 1790/1386/1790 1064/1376/1064 304/1379/304
f 1066/1385/1066 1790/1386/1790 1045/1387/1045
f 282/1297/282 1440/1392/1440 1791/1389/1791
f 1038/1391/1038 1791/1389/1791 1440/1392/1440
f 298/1394/298 1067/2317/1067 1791/1389/1791
f 1441/1395/1441 1792/1398/1792 1442/1396/1442
f 296/1287/296 1065/2318/1065 1792/1398/1792
f 312/1384/312 1442/1396/1442 1792/1398/1792
f 290/1306/290 1016/1305/1016 1793/1399/1793
f 1016/1305/1016 289/1291/289 1066/1385/1066
f 1066/1385/1066 305/1388/305 1046/1400/1046
f 1793/1399/1793 1046/1400/1046 306/1401/306
f 283/1310/283 1009/1309/1009 1794/1402/1794
f 1009/1309/1009 282/1297/282 1067/1390/1067
f 1067/1390/1067 298/1394/298 1039/1404/1039
f 1794/1402/1794 1039/1404/1039 299/1405/299
f 311/1375/311 1051/1374/1051 1795/1406/1795
f 1051/1374/1051 310/1367/310 1083/1408/1083
f 1083/1408/1083 325/1470/325 1080/1409/1080
f 1795/1406/1795 1080/1409/1080 326/1410/326
f 1044/1378/1044 1796/1412/1796 1084/1411/1084
f 303/1371/303 1085/1471/1085 1796/1412/1796
f 1796/1412/1796 1085/1471/1085 318/1413/318
f 1084/1411/1084 1796/1412/1796 1073/1414/1073
f 1052/1383/1052 1797/1417/1797 1086/1416/1086
f 311/1382/311 1082/2319/1082 1797/1417/1797
f 1797/1417/1797 1082/2319/1082 326/1410/326
f 1086/1416/1086 1797/1417/1797 1081/1418/1081
f 1045/1387/1045 1798/1421/1798 1087/1420/1087
f 304/1379/304 1084/1411/1084 1798/1421/1798
f 1798/1421/1798 1084/1411/1084 319/1415/319
f 1087/1420/1087 1798/1421/1798 1074/1422/1074
f 298/1394/298 1038/2320/1038 1799/1424/1799
f 1443/1426/1443 1799/1424/1799 1038/1427/1038
f 313/1429/313 1088/2321/1088 1799/1424/1799
f 1442/1431/1442 1800/1434/1800 1444/1432/1444
f 312/1384/312 1086/2322/1086 1800/1434/1800
f 327/1419/327 1444/1432/1444 1800/1434/1800
f 306/1401/306 1046/1400/1046 1801/1435/1801
f 1046/1400/1046 305/1388/305 1087/1420/1087
f 1087/1420/1087 320/1423/320 1075/1437/1075
f 1801/1435/1801 1075/1437/1075 321/1438/321
f 299/1405/299 1039/1404/1039 1802/1439/1802
f 1039/1404/1039 298/1394/298 1088/1425/1088
f 1088/1425/1088 313/1429/313 1068/1441/1068
f 1802/1439/1802 1068/1441/1068 314/1442/314
f 307/1342/307 1047/1341/1047 1803/1443/1803
f 1047/1341/1047 306/1401/306 1089/1436/1089
f 1089/1436/1089 321/1438/321 1076/1445/1076
f 1803/1443/1803 1076/1445/1076 322/1446/322
f 1040/1346/1040 1804/1448/1804 1092/1447/1092
f 299/1345/299 1090/2323/1090 1804/1448/1804
f 1804/1448/1804 1090/2323/1090 314/1449/314
f 1092/1447/1092 1804/1448/1804 1069/1450/1069
f 308/1351/308 1048/1350/1048 1805/1452/1805
f 1048/1350/1048 307/1342/307 1091/1444/1091
f 1091/1444/1091 322/1446/322 1077/1454/1077
f 1805/1452/1805 1077/1454/1077 323/1455/323
f 1041/1354/1041 1806/1457/1806 1094/1456/1094
f 300/1347/300 1092/1447/1092 1806/1457/1806
f 1806/1457/1806 1092/1447/1092 315/1451/315
f 1094/1456/1094 1806/1457/1806 1070/1458/1070
f 309/1359/309 1049/1358/1049 1807/1460/1807
f 1049/1358/1049 308/1351/308 1093/1453/1093
f 1093/1453/1093 323/1455/323 1078/1462/1078
f 1807/1460/1807 1078/1462/1078 324/1463/324
f 1042/1362/1042 1808/1465/1808 1096/1464/1096
f 301/1355/301 1094/1456/1094 1808/1465/1808
f 1808/1465/1808 1094/1456/1094 316/1459/316
f 1096/1464/1096 1808/1465/1808 1071/1466/1071
f 310/1367/310 1050/1366/1050 1809/1468/1809
f 1050/1366/1050 309/1359/309 1095/1461/1095
f 1095/1461/1095 324/1463/324 1079/1469/1079
f 1809/1468/1809 1079/1469/1079 325/1470/325
f 1043/1370/1043 1810/1472/1810 1085/1471/1085
f 302/1363/302 1096/1464/1096 1810/1472/1810
f 1810/1472/1810 1096/1464/1096 317/1467/317
f 1085/1471/1085 1810/1472/1810 1072/1473/1072
f 1069/1450/1069 1811/1475/1811 1111/1474/1111
f 314/1449/314 1112/2324/1112 1811/1475/1811
f 1811/1475/1811 1112/2324/1112 329/1476/329
f 1111/1474/1111 1811/1475/1811 1098/1477/1098
f 323/1455/323 1077/1454/1077 1812/1479/1812
f 1077/1454/1077 322/1446/322 1114/1481/1114
f 1114/1481/1114 337/1542/337 1106/1482/1106
f 1812/1479/1812 1106/1482/1106 338/1483/338
f 1070/1458/1070 1813/1485/1813 1115/1484/1115
f 315/1451/315 1111/1474/1111 1813/1485/1813
f 1813/1485/1813 1111/1474/1111 330/1478/330
f 1115/1484/1115 1813/1485/1813 1099/1486/1099
f 324/1463/324 1078/1462/1078 1814/1488/1814
f 1078/1462/1078 323/1455/323 1113/1480/1113
f 1113/1480/1113 338/1483/338 1107/1490/1107
f 1814/1488/1814 1107/1490/1107 339/1491/339
f 1071/1466/1071 1815/1493/1815 1117/1492/1117
f 316/1459/316 1115/1484/1115 1815/1493/1815
f 1815/1493/1815 1115/1484/1115 331/1487/331
f 1117/1492/1117 1815/1493/1815 1100/1494/1100
f 325/1470/325 1079/1469/1079 1816/1496/1816
f 1079/1469/1079 324/1463/324 1116/1489/1116
f 1116/1489/1116 339/1491/339 1108/1498/1108
f 1816/1496/1816 1108/1498/1108 340/1499/340
f 1072/1473/1072 1817/1501/1817 1119/1500/1119
f 317/1467/317 1117/1492/1117 1817/1501/1817
f 1817/1501/1817 1117/1492/1117 332/1495/332
f 1119/1500/1119 1817/1501/1817 1101/1502/1101
f 326/1410/326 1080/1409/1080 1818/1504/1818
f 1080/1409/1080 325/1470/325 1118/1497/1118
f 1118/1497/1118 340/1499/340 1109/1506/1109
f 1818/1504/1818 1109/1506/1109 341/1507/341
f 1073/1414/1073 1819/1509/1819 1121/1508/1121
f 318/1413/318 1119/1500/1119 1819/1509/1819
f 1819/1509/1819 1119/1500/1119 333/1503/333
f 1121/1508/1121 1819/1509/1819 1102/1510/1102
f 1081/1418/1081 1820/1513/1820 1122/1512/1122
f 326/1410/326 1120/2325/1120 1820/1513/1820
f 1820/1513/1820 1120/2325/1120 341/1514/341
f 1122/1512/1122 1820/1513/1820 1110/1515/1110
f 1074/1422/1074 1821/1518/1821 1123/1517/1123
f 319/1415/319 1121/1508/1121 1821/1518/1821
f 1821/1518/1821 1121/1508/1121 334/1511/334
f 1123/1517/1123 1821/1518/1821 1103/1519/1103
f 313/1429/313 1443/1524/1443 1822/1521/1822
f 1445/1523/1445 1822/1521/1822 1443/1524/1443
f 328/1526/328 1124/2326/1124 1822/1521/1822
f 1444/1527/1444 1823/1530/1823 1446/1528/1446
f 327/1419/327 1122/2327/1122 1823/1530/1823
f 342/1516/342 1446/1528/1446 1823/1530/1823
f 321/1438/321 1075/1437/1075 1824/1533/1824
f 1075/1437/1075 320/1423/320 1123/1517/1123
f 1123/1517/1123 335/1520/335 1104/1535/1104
f 1824/1533/1824 1104/1535/1104 336/1536/336
f 314/1442/314 1068/1441/1068 1825/1537/1825
f 1068/1441/1068 313/1429/313 1124/1522/1124
f 1124/1522/1124 328/1526/328 1097/1539/1097
f 1825/1537/1825 1097/1539/1097 329/1476/329
f 322/1446/322 1076/1445/1076 1826/1540/1826
f 1076/1445/1076 321/1438/321 1125/1534/1125
f 1125/1534/1125 336/1536/336 1105/1541/1105
f 1826/1540/1826 1105/1541/1105 337/1542/337
f 1102/1510/1102 1827/1544/1827 1140/1543/1140
f 333/1503/333 1141/1604/1141 1827/1544/1827
f 1827/1544/1827 1141/1604/1141 348/1545/348
f 1140/1543/1140 1827/1544/1827 1131/1546/1131
f 1110/1515/1110 1828/1549/1828 1142/1548/1142
f 341/1514/341 1143/1608/1143 1828/1549/1828
f 1828/1549/1828 1143/1608/1143 356/1550/356
f 1142/1548/1142 1828/1549/1828 1139/1551/1139
f 1103/1519/1103 1829/1554/1829 1144/1553/1144
f 334/1511/334 1140/1543/1140 1829/1554/1829
f 1829/1554/1829 1140/1543/1140 349/1547/349
f 1144/1553/1144 1829/1554/1829 1132/1555/1132
f 328/1526/328 1445/1560/1445 1830/1557/1830
f 1447/1559/1447 1830/1557/1830 1445/1560/1445
f 343/1562/343 1145/2328/1145 1830/1557/1830
f 1446/1563/1446 1831/1566/1831 1448/1564/1448
f 342/1516/342 1142/2329/1142 1831/1566/1831
f 357/1552/357 1448/2330/1448 1831/1566/1831
f 336/1536/336 1104/1535/1104 1832/1568/1832
f 1104/1535/1104 335/1520/335 1144/1553/1144
f 1144/1553/1144 350/1556/350 1133/1570/1133
f 1832/1568/1832 1133/1570/1133 351/1571/351
f 329/1476/329 1097/1539/1097 1833/1572/1833
f 1097/1539/1097 328/1526/328 1145/1558/1145
f 1145/1558/1145 343/1562/343 1126/1574/1126
f 1833/1572/1833 1126/1574/1126 344/1575/344
f 337/1542/337 1105/1541/1105 1834/1576/1834
f 1105/1541/1105 336/1536/336 1146/1569/1146
f 1146/1569/1146 351/1571/351 1134/1578/1134
f 1834/1576/1834 1134/1578/1134 352/1579/352
f 1098/1477/1098 1835/1581/1835 1149/1580/1149
f 329/1476/329 1147/2331/1147 1835/1581/1835
f 1835/1581/1835 1147/2331/1147 344/1575/344
f 1149/1580/1149 1835/1581/1835 1127/1582/1127
f 338/1483/338 1106/1482/1106 1836/1584/1836
f 1106/1482/1106 337/1542/337 1148/1577/1148
f 1148/1577/1148 352/1579/352 1135/1586/1135
f 1836/1584/1836 1135/1586/1135 353/1587/353
f 1099/1486/1099 1837/1589/1837 1151/1588/1151
f 330/1478/330 1149/1580/1149 1837/1589/1837
f 1837/1589/1837 1149/1580/1149 345/1583/345
f 1151/1588/1151 1837/1589/1837 1128/1590/1128
f 339/1491/339 1107/1490/1107 1838/1592/1838
f 1107/1490/1107 338/1483/338 1150/1585/1150
f 1150/1585/1150 353/1587/353 1136/1594/1136
f 1838/1592/1838 1136/1594/1136 354/1595/354
f 1100/1494/1100 1839/1597/1839 1153/1596/1153
f 331/1487/331 1151/1588/1151 1839/1597/1839
f 1839/1597/1839 1151/1588/1151 346/1591/346
f 1153/1596/1153 1839/1597/1839 1129/1598/1129
f 340/1499/340 1108/1498/1108 1840/1600/1840
f 1108/1498/1108 339/1491/339 1152/1593/1152
f 1152/1593/1152 354/1595/354 1137/1602/1137
f 1840/1600/1840 1137/1602/1137 355/1603/355
f 1101/1502/1101 1841/1605/1841 1141/1604/1141
f 332/1495/332 1153/1596/1153 1841/1605/1841
f 1841/1605/1841 1153/1596/1153 347/1599/347
f 1141/1604/1141 1841/1605/1841 1130/1606/1130
f 341/1507/341 1109/1506/1109 1842/1607/1842
f 1109/1506/1109 340/1499/340 1154/1601/1154
f 1154/1601/1154 355/1603/355 1138/1609/1138
f 1842/1607/1842 1138/1609/1138 356/1610/356
f 353/1587/353 1135/1586/1135 1843/1611/1843
f 1135/1586/1135 352/1579/352 1170/1613/1170
f 1170/1613/1170 367/1675/367 1164/1614/1164
f 1843/1611/1843 1164/1614/1164 368/1615/368
f 1128/1590/1128 1844/1617/1844 1171/1616/1171
f 345/1583/345 1172/1676/1172 1844/1617/1844
f 1844/1617/1844 1172/1676/1172 360/1618/360
f 1171/1616/1171 1844/1617/1844 1157/1619/1157
f 354/1595/354 1136/1594/1136 1845/1621/1845
f 1136/1594/1136 353/1587/353 1169/1612/1169
f 1169/1612/1169 368/1615/368 1165/1623/1165
f 1845/1621/1845 1165/1623/1165 369/1624/369
f 1129/1598/1129 1846/1626/1846 1174/1625/1174
f 346/1591/346 1171/1616/1171 1846/1626/1846
f 1846/1626/1846 1171/1616/1171 361/1620/361
f 1174/1625/1174 1846/1626/1846 1158/1627/1158
f 355/1603/355 1137/1602/1137 1847/1629/1847
f 1137/1602/1137 354/1595/354 1173/1622/1173
f 1173/1622/1173 369/1624/369 1166/1631/1166
f 1847/1629/1847 1166/1631/1166 370/1632/370
f 1130/1606/1130 1848/1634/1848 1176/1633/1176
f 347/1599/347 1174/1625/1174 1848/1634/1848
f 1848/1634/1848 1174/1625/1174 362/1628/362
f 1176/1633/1176 1848/1634/1848 1159/1635/1159
f 356/1610/356 1138/1609/1138 1849/1637/1849
f 1138/1609/1138 355/1603/355 1175/1630/1175
f 1175/1630/1175 370/1632/370 1167/1639/1167
f 1849/1637/1849 1167/1639/1167 371/1640/371
f 1131/1546/1131 1850/1642/1850 1178/1641/1178
f 348/1545/348 1176/1633/1176 1850/1642/1850
f 1850/1642/1850 1176/1633/1176 363/1636/363
f 1178/1641/1178 1850/1642/1850 1160/1643/1160
f 1139/1551/1139 1851/1646/1851 1179/1645/1179
f 356/1550/356 1177/1638/1177 1851/1646/1851
f 1851/1646/1851 1177/1638/1177 371/1640/371
f 1179/1645/1179 1851/1646/1851 1168/1647/1168
f 1132/1555/1132 1852/1650/1852 1180/1649/1180
f 349/1547/349 1178/1641/1178 1852/1650/1852
f 1852/1650/1852 1178/1641/1178 364/1644/364
f 1180/1649/1180 1852/1650/1852 1161/1651/1161
f 343/1562/343 1447/1656/1447 1853/1653/1853
f 1449/1655/1449 1853/1653/1853 1447/1656/1447
f 358/1658/358 1181/2332/1181 1853/1653/1853
f 1448/1659/1448 1854/1662/1854 1450/1660/1450
f 357/1552/357 1179/2333/1179 1854/1662/1854
f 372/1663/372 1450/1660/1450 1854/1662/1854
f 351/1571/351 1133/1570/1133 1855/1665/1855
f 1133/1570/1133 350/1556/350 1180/1649/1180
f 1180/1649/1180 365/1652/365 1162/1667/1162
f 1855/1665/1855 1162/1667/1162 366/1668/366
f 344/1575/344 1126/1574/1126 1856/1669/1856
f 1126/1574/1126 343/1562/343 1181/1654/1181
f 1181/1654/1181 358/2334/358 1155/1671/1155
f 1856/1669/1856 1155/1671/1155 359/1672/359
f 352/1579/352 1134/1578/1134 1857/1673/1857
f 1134/1578/1134 351/1571/351 1182/1666/1182
f 1182/1666/1182 366/1668/366 1163/1674/1163
f 1857/1673/1857 1163/1674/1163 367/1675/367
f 1127/1582/1127 1858/1677/1858 1172/1676/1172
f 344/1575/344 1183/2335/1183 1858/1677/1858
f 1858/1677/1858 1183/2335/1183 359/1672/359
f 1172/1676/1172 1858/1677/1858 1156/1678/1156
f 1168/1679/1168 1859/1683/1859 1198/1680/1198
f 371/1682/371 1199/2336/1199 1859/1683/1859
f 1859/1683/1859 1199/2336/1199 386/1684/386
f 1198/1680/1198 1859/1683/1859 1197/1685/1197
f 1161/1687/1161 1860/1691/1860 1200/1688/1200
f 364/1690/364 1201/1777/1201 1860/1691/1860
f 1860/1691/1860 1201/1777/1201 379/1692/379
f 1200/1688/1200 1860/1691/1860 1190/1693/1190
f 358/1695/358 1449/1699/1449 1861/1696/1861
f 1451/1698/1451 1861/1696/1861 1449/1699/1449
f 373/1701/373 1202/1697/1202 1861/1696/1861
f 1450/1702/1450 1862/1706/1862 1452/1703/1452
f 372/1705/372 1198/1680/1198 1862/1706/1862
f 387/1686/387 1452/2337/1452 1862/1706/1862
f 366/1708/366 1162/1711/1162 1863/1709/1863
f 1162/1711/1162 365/1689/365 1200/1688/1200
f 1200/1688/1200 380/1694/380 1191/1712/1191
f 1863/1709/1863 1191/1712/1191 381/1713/381
f 359/1714/359 1155/1717/1155 1864/1715/1864
f 1155/1717/1155 358/2338/358 1202/1697/1202
f 1202/1697/1202 373/1701/373 1184/1718/1184
f 1864/1715/1864 1184/1718/1184 374/1719/374
f 367/1720/367 1163/1723/1163 1865/1721/1865
f 1163/1723/1163 366/1708/366 1203/1710/1203
f 1203/1710/1203 381/1713/381 1192/1724/1192
f 1865/1721/1865 1192/1724/1192 382/1725/382
f 1156/1726/1156 1866/1730/1866 1206/1727/1206
f 359/1729/359 1204/2339/1204 1866/1730/1866
f 1866/1730/1866 1204/2339/1204 374/1731/374
f 1206/1727/1206 1866/1730/1866 1185/1732/1185
f 368/1734/368 1164/1737/1164 1867/1735/1867
f 1164/1737/1164 367/1720/367 1205/1722/1205
f 1205/1722/1205 382/1725/382 1193/1738/1193
f 1867/1735/1867 1193/1738/1193 383/1739/383
f 1157/1740/1157 1868/1743/1868 1208/1741/1208
f 360/1728/360 1206/1727/1206 1868/1743/1868
f 1868/1743/1868 1206/1727/1206 375/1733/375
f 1208/1741/1208 1868/1743/1868 1186/1744/1186
f 369/1746/369 1165/1749/1165 1869/1747/1869
f 1165/1749/1165 368/1734/368 1207/1736/1207
f 1207/1736/1207 383/1739/383 1194/1750/1194
f 1869/1747/1869 1194/1750/1194 384/1751/384
f 1158/1752/1158 1870/1755/1870 1210/1753/1210
f 361/1742/361 1208/1741/1208 1870/1755/1870
f 1870/1755/1870 1208/1741/1208 376/1745/376
f 1210/1753/1210 1870/1755/1870 1187/1756/1187
f 370/1758/370 1166/1761/1166 1871/1759/1871
f 1166/1761/1166 369/1746/369 1209/1748/1209
f 1209/1748/1209 384/1751/384 1195/1762/1195
f 1871/1759/1871 1195/1762/1195 385/1763/385
f 1159/1764/1159 1872/1767/1872 1212/1765/1212
f 362/1754/362 1210/1753/1210 1872/1767/1872
f 1872/1767/1872 1210/1753/1210 377/1757/377
f 1212/1765/1212 1872/1767/1872 1188/1768/1188
f 371/1770/371 1167/1773/1167 1873/1771/1873
f 1167/1773/1167 370/1758/370 1211/1760/1211
f 1211/1760/1211 385/1763/385 1196/1774/1196
f 1873/1771/1873 1196/1774/1196 386/1775/386
f 1160/1776/1160 1874/1778/1874 1201/1777/1201
f 363/1766/363 1212/1765/1212 1874/1778/1874
f 1874/1778/1874 1212/1765/1212 378/1769/378
f 1201/1777/1201 1874/1778/1874 1189/1779/1189
f 384/1751/384 1194/1750/1194 1875/1780/1875
f 1194/1750/1194 383/1739/383 1228/1782/1228
f 1228/1782/1228 398/1845/398 1223/1783/1223
f 1875/1780/1875 1223/1783/1223 399/1784/399
f 1187/1756/1187 1876/1786/1876 1229/1785/1229
f 376/1745/376 1230/1846/1230 1876/1786/1876
f 1876/1786/1876 1230/1846/1230 391/1787/391
f 1229/1785/1229 1876/1786/1876 1216/1788/1216
f 385/1763/385 1195/1762/1195 1877/1790/1877
f 1195/1762/1195 384/1751/384 1227/1781/1227
f 1227/1781/1227 399/1784/399 1224/1792/1224
f 1877/1790/1877 1224/1792/1224 400/1793/400
f 1188/1768/1188 1878/1795/1878 1232/1794/1232
f 377/1757/377 1229/1785/1229 1878/1795/1878
f 1878/1795/1878 1229/1785/1229 392/1789/392
f 1232/1794/1232 1878/1795/1878 1217/1796/1217
f 386/1775/386 1196/1774/1196 1879/1798/1879
f 1196/1774/1196 385/1763/385 1231/1791/1231
f 1231/1791/1231 400/1793/400 1225/1800/1225
f 1879/1798/1879 1225/1800/1225 401/1801/401
f 1189/1779/1189 1880/1803/1880 1234/1802/1234
f 378/1769/378 1232/1794/1232 1880/1803/1880
f 1880/1803/1880 1232/1794/1232 393/1797/393
f 1234/1802/1234 1880/1803/1880 1218/1804/1218
f 1197/1685/1197 1881/1807/1881 1235/1806/1235
f 386/1684/386 1233/2340/1233 1881/1807/1881
f 1881/1807/1881 1233/2340/1233 401/1808/401
f 1235/1806/1235 1881/1807/1881 1226/1809/1226
f 1190/1693/1190 1882/1812/1882 1236/1811/1236
f 379/1692/379 1234/1802/1234 1882/1812/1882
f 1882/1812/1882 1234/1802/1234 394/1805/394
f 1236/1811/1236 1882/1812/1882 1219/1813/1219
f 373/1701/373 1451/1818/1451 1883/1815/1883
f 1453/1817/1453 1883/1815/1883 1451/1818/1451
f 388/1820/388 1237/2341/1237 1883/1815/1883
f 1452/1821/1452 1884/1824/1884 1454/1822/1454
f 387/1686/387 1235/1825/1235 1884/1824/1884
f 402/1810/402 1454/1822/1454 1884/1824/1884
f 381/1713/381 1191/1712/1191 1885/1826/1885
f 1191/1712/1191 380/1694/380 1236/1811/1236
f 1236/1811/1236 395/1814/395 1220/1828/1220
f 1885/1826/1885 1220/1828/1220 396/1829/396
f 374/1719/374 1184/1718/1184 1886/1830/1886
f 1184/1718/1184 373/1701/373 1237/1816/1237
f 1237/1816/1237 388/1820/388 1213/1832/1213
f 1886/1830/1886 1213/1832/1213 389/1833/389
f 382/1725/382 1192/1724/1192 1887/1834/1887
f 1192/1724/1192 381/1713/381 1238/1827/1238
f 1238/1827/1238 396/1829/396 1221/1836/1221
f 1887/1834/1887 1221/1836/1221 397/1837/397
f 1185/1732/1185 1888/1839/1888 1241/1838/1241
f 374/1731/374 1239/2342/1239 1888/1839/1888
f 1888/1839/1888 1239/2342/1239 389/1840/389
f 1241/1838/1241 1888/1839/1888 1214/1841/1214
f 383/1739/383 1193/1738/1193 1889/1843/1889
f 1193/1738/1193 382/1725/382 1240/1835/1240
f 1240/1835/1240 397/1837/397 1222/1844/1222
f 1889/1843/1889 1222/1844/1222 398/1845/398
f 1186/1744/1186 1890/1847/1890 1230/1846/1230
f 375/1733/375 1241/1838/1241 1890/1847/1890
f 1890/1847/1890 1241/1838/1241 390/1842/390
f 1230/1846/1230 1890/1847/1890 1215/1848/1215
f 388/1820/388 1453/1852/1453 1891/1849/1891
f 1455/1851/1455 1891/1849/1891 1453/1852/1453
f 403/1854/403 1256/2343/1256 1891/1849/1891
f 1454/1855/1454 1892/1858/1892 1456/1856/1456
f 402/1810/402 1257/1911/1257 1892/1858/1892
f 417/1859/417 1456/1856/1456 1892/1858/1892
f 396/1829/396 1220/1828/1220 1893/1861/1893
f 1220/1828/1220 395/1814/395 1259/1863/1259
f 1259/1863/1259 410/1916/410 1249/1864/1249
f 1893/1861/1893 1249/1864/1249 411/1865/411
f 389/1833/389 1213/1832/1213 1894/1866/1894
f 1213/1832/1213 388/1820/388 1256/1850/1256
f 1256/1850/1256 403/1854/403 1242/1868/1242
f 1894/1866/1894 1242/1868/1242 404/1869/404
f 397/1837/397 1221/1836/1221 1895/1870/1895
f 1221/1836/1221 396/1829/396 1258/1862/1258
f 1258/1862/1258 411/1865/411 1250/1872/1250
f 1895/1870/1895 1250/1872/1250 412/1873/412
f 1214/1841/1214 1896/1875/1896 1262/1874/1262
f 389/1840/389 1260/2344/1260 1896/1875/1896
f 1896/1875/1896 1260/2344/1260 404/1876/404
f 1262/1874/1262 1896/1875/1896 1243/1877/1243
f 398/1845/398 1222/1844/1222 1897/1879/1897
f 1222/1844/1222 397/1837/397 1261/1871/1261
f 1261/1871/1261 412/1873/412 1251/1881/1251
f 1897/1879/1897 1251/1881/1251 413/1882/413
f 1215/1848/1215 1898/1884/1898 1264/1883/1264
f 390/1842/390 1262/1874/1262 1898/1884/1898
f 1898/1884/1898 1262/1874/1262 405/1878/405
f 1264/1883/1264 1898/1884/1898 1244/1885/1244
f 399/1784/399 1223/1783/1223 1899/1887/1899
f 1223/1783/1223 398/1845/398 1263/1880/1263
f 1263/1880/1263 413/1882/413 1252/1889/1252
f 1899/1887/1899 1252/1889/1252 414/1890/414
f 1216/1788/1216 1900/1892/1900 1266/1891/1266
f 391/1787/391 1264/1883/1264 1900/1892/1900
f 1900/1892/1900 1264/1883/1264 406/1886/406
f 1266/1891/1266 1900/1892/1900 1245/1893/1245
f 400/1793/400 1224/1792/1224 1901/1895/1901
f 1224/1792/1224 399/1784/399 1265/1888/1265
f 1265/1888/1265 414/1890/414 1253/1897/1253
f 1901/1895/1901 1253/1897/1253 415/1898/415
f 1217/1796/1217 1902/1900/1902 1268/1899/1268
f 392/1789/392 1266/1891/1266 1902/1900/1902
f 1902/1900/1902 1266/1891/1266 407/1894/407
f 1268/1899/1268 1902/1900/1902 1246/1901/1246
f 401/1801/401 1225/1800/1225 1903/1903/1903
f 1225/1800/1225 400/1793/400 1267/1896/1267
f 1267/1896/1267 415/1898/415 1254/1905/1254
f 1903/1903/1903 1254/1905/1254 416/1906/416
f 1218/1804/1218 1904/1908/1904 1270/1907/1270
f 393/1797/393 1268/1899/1268 1904/1908/1904
f 1904/1908/1904 1268/1899/1268 408/1902/408
f 1270/1907/1270 1904/1908/1904 1247/1909/1247
f 1226/1809/1226 1905/1912/1905 1257/1911/1257
f 401/1808/401 1269/2345/1269 1905/1912/1905
f 1905/1912/1905 1269/2345/1269 416/1906/416
f 1257/1911/1257 1905/1912/1905 1255/1913/1255
f 1219/1813/1219 1906/1914/1906 1259/1863/1259
f 394/1805/394 1270/1907/1270 1906/1914/1906
f 1906/1914/1906 1270/1907/1270 409/1910/409
f 1259/1863/1259 1906/1914/1906 1248/1915/1248
f 1245/1893/1245 1907/1918/1907 1285/1917/1285
f 406/1886/406 1286/1980/1286 1907/1918/1907
f 1907/1918/1907 1286/1980/1286 421/1919/421
f 1285/1917/1285 1907/1918/1907 1274/1920/1274
f 415/1898/415 1253/1897/1253 1908/1922/1908
f 1253/1897/1253 414/1890/414 1288/1924/1288
f 1288/1924/1288 429/1985/429 1282/1925/1282
f 1908/1922/1908 1282/1925/1282 430/1926/430
f 1246/1901/1246 1909/1928/1909 1289/1927/1289
f 407/1894/407 1285/1917/1285 1909/1928/1909
f 1909/1928/1909 1285/1917/1285 422/1921/422
f 1289/1927/1289 1909/1928/1909 1275/1929/1275
f 416/1906/416 1254/1905/1254 1910/1931/1910
f 1254/1905/1254 415/1898/415 1287/1923/1287
f 1287/1923/1287 430/1926/430 1283/1933/1283
f 1910/1931/1910 1283/1933/1283 431/1934/431
f 1247/1909/1247 1911/1936/1911 1291/1935/1291
f 408/1902/408 1289/1927/1289 1911/1936/1911
f 1911/1936/1911 1289/1927/1289 423/1930/423
f 1291/1935/1291 1911/1936/1911 1276/1937/1276
f 1255/1913/1255 1912/1940/1912 1292/1939/1292
f 416/1906/416 1290/2346/1290 1912/1940/1912
f 1912/1940/1912 1290/2346/1290 431/1941/431
f 1292/1939/1292 1912/1940/1912 1284/1942/1284
f 1248/1915/1248 1913/1945/1913 1293/1944/1293
f 409/1910/409 1291/1935/1291 1913/1945/1913
f 1913/1945/1913 1291/1935/1291 424/1938/424
f 1293/1944/1293 1913/1945/1913 1277/1946/1277
f 403/1854/403 1455/1951/1455 1914/1948/1914
f 1457/1950/1457 1914/1948/1914 1455/1951/1455
f 418/1953/418 1294/2347/1294 1914/1948/1914
f 1456/1954/1456 1915/1957/1915 1458/1955/1458
f 417/1859/417 1292/2348/1292 1915/1957/1915
f 432/1943/432 1458/1955/1458 1915/1957/1915
f 411/1865/411 1249/1864/1249 1916/1959/1916
f 1249/1864/1249 410/1916/410 1293/1944/1293
f 1293/1944/1293 425/1947/425 1278/1961/1278
f 1916/1959/1916 1278/1961/1278 426/1962/426
f 404/1869/404 1242/1868/1242 1917/1963/1917
f 1242/1868/1242 403/1854/403 1294/1949/1294
f 1294/1949/1294 418/1953/418 1271/1965/1271
f 1917/1963/1917 1271/1965/1271 419/1966/419
f 412/1873/412 1250/1872/1250 1918/1967/1918
f 1250/1872/1250 411/1865/411 1295/1960/1295
f 1295/1960/1295 426/1962/426 1279/1969/1279
f 1918/1967/1918 1279/1969/1279 427/1970/427
f 1243/1877/1243 1919/1972/1919 1298/1971/1298
f 404/1876/404 1296/2349/1296 1919/1972/1919
f 1919/1972/1919 1296/2349/1296 419/1973/419
f 1298/1971/1298 1919/1972/1919 1272/1974/1272
f 413/1882/413 1251/1881/1251 1920/1976/1920
f 1251/1881/1251 412/1873/412 1297/1968/1297
f 1297/1968/1297 427/1970/427 1280/1978/1280
f 1920/1976/1920 1280/1978/1280 428/1979/428
f 1244/1885/1244 1921/1981/1921 1286/1980/1286
f 405/1878/405 1298/1971/1298 1921/1981/1921
f 1921/1981/1921 1298/1971/1298 420/1975/420
f 1286/1980/1286 1921/1981/1921 1273/1982/1273
f 414/1890/414 1252/1889/1252 1922/1983/1922
f 1252/1889/1252 413/1882/413 1299/1977/1299
f 1299/1977/1299 428/1979/428 1281/1984/1281
f 1922/1983/1922 1281/1984/1281 429/1985/429
f 426/1962/426 1278/1961/1278 1923/1986/1923
f 1278/1961/1278 425/1947/425 1315/1988/1315
f 1315/1988/1315 440/2044/440 1307/1989/1307
f 1923/1986/1923 1307/1989/1307 441/1990/441
f 419/1966/419 1271/1965/1271 1924/1991/1924
f 1271/1965/1271 418/1953/418 1317/1993/1317
f 1317/1993/1317 433/2049/433 1300/1994/1300
f 1924/1991/1924 1300/1994/1300 434/1995/434
f 427/1970/427 1279/1969/1279 1925/1996/1925
f 1279/1969/1279 426/1962/426 1314/1987/1314
f 1314/1987/1314 441/1990/441 1308/1998/1308
f 1925/1996/1925 1308/1998/1308 442/1999/442
f 1272/1974/1272 1926/2001/1926 1319/2000/1319
f 419/1973/419 1316/2350/1316 1926/2001/1926
f 1926/2001/1926 1316/2350/1316 434/2002/434
f 1319/2000/1319 1926/2001/1926 1301/2003/1301
f 428/1979/428 1280/1978/1280 1927/2005/1927
f 1280/1978/1280 427/1970/427 1318/1997/1318
f 1318/1997/1318 442/1999/442 1309/2007/1309
f 1927/2005/1927 1309/2007/1309 443/2008/443
f 1273/1982/1273 1928/2010/1928 1321/2009/1321
f 420/1975/420 1319/2000/1319 1928/2010/1928
f 1928/2010/1928 1319/2000/1319 435/2004/435
f 1321/2009/1321 1928/2010/1928 1302/2011/1302
f 429/1985/429 1281/1984/1281 1929/2013/1929
f 1281/1984/1281 428/1979/428 1320/2006/1320
f 1320/2006/1320 443/2008/443 1310/2015/1310
f 1929/2013/1929 1310/2015/1310 444/2016/444
f 1274/1920/1274 1930/2018/1930 1323/2017/1323
f 421/1919/421 1321/2009/1321 1930/2018/1930
f 1930/2018/1930 1321/2009/1321 436/2012/436
f 1323/2017/1323 1930/2018/1930 1303/2019/1303
f 430/1926/430 1282/1925/1282 1931/2021/1931
f 1282/1925/1282 429/1985/429 1322/2014/1322
f 1322/2014/1322 444/2016/444 1311/2023/1311
f 1931/2021/1931 1311/2023/1311 445/2024/445
f 1275/1929/1275 1932/2026/1932 1325/2025/1325
f 422/1921/422 1323/2017/1323 1932/2026/1932
f 1932/2026/1932 1323/2017/1323 437/2020/437
f 1325/2025/1325 1932/2026/1932 1304/2027/1304
f 431/1934/431 1283/1933/1283 1933/2029/1933
f 1283/1933/1283 430/1926/430 1324/2022/1324
f 1324/2022/1324 445/2024/445 1312/2031/1312
f 1933/2029/1933 1312/2031/1312 446/2032/446
f 1276/1937/1276 1934/2034/1934 1327/2033/1327
f 423/1930/423 1325/2025/1325 1934/2034/1934
f 1934/2034/1934 1325/2025/1325 438/2028/438
f 1327/2033/1327 1934/2034/1934 1305/2035/1305
f 1284/1942/1284 1935/2038/1935 1328/2037/1328
f 431/1941/431 1326/2351/1326 1935/2038/1935
f 1935/2038/1935 1326/2351/1326 446/2039/446
f 1328/2037/1328 1935/2038/1935 1313/2040/1313
f 1277/1946/1277 1936/2042/1936 1315/1988/1315
f 424/1938/424 1327/2033/1327 1936/2042/1936
f 1936/2042/1936 1327/2033/1327 439/2036/439
f 1315/1988/1315 1936/2042/1936 1306/2043/1306
f 418/1953/418 1457/2047/1457 1937/2045/1937
f 1459/2046/1459 1937/2045/1937 1457/2047/1457
f 433/2049/433 1317/2352/1317 1937/2045/1937
f 1458/2051/1458 1938/2054/1938 1460/2052/1460
f 432/1943/432 1328/2353/1328 1938/2054/1938
f 447/2041/447 1460/2052/1460 1938/2054/1938
f 445/2024/445 1311/2023/1311 1939/2056/1939
f 1311/2023/1311 444/2016/444 1344/2058/1344
f 1344/2058/1344 459/2118/459 1340/2059/1340
f 1939/2056/1939 1340/2059/1340 460/2060/460
f 1304/2027/1304 1940/2062/1940 1345/2061/1345
f 437/2020/437 1346/2119/1346 1940/2062/1940
f 1940/2062/1940 1346/2119/1346 452/2063/452
f 1345/2061/1345 1940/2062/1940 1333/2064/1333
f 446/2032/446 1312/2031/1312 1941/2066/1941
f 1312/2031/1312 445/2024/445 1343/2057/1343
f 1343/2057/1343 460/2060/460 1341/2068/1341
f 1941/2066/1941 1341/2068/1341 461/2069/461
f 1305/2035/1305 1942/2071/1942 1348/2070/1348
f 438/2028/438 1345/2061/1345 1942/2071/1942
f 1942/2071/1942 1345/2061/1345 453/2065/453
f 1348/2070/1348 1942/2071/1942 1334/2072/1334
f 1313/2040/1313 1943/2075/1943 1349/2074/1349
f 446/2039/446 1347/2354/1347 1943/2075/1943
f 1943/2075/1943 1347/2354/1347 461/2069/461
f 1349/2074/1349 1943/2075/1943 1342/2076/1342
f 1306/2043/1306 1944/2079/1944 1350/2078/1350
f 439/2036/439 1348/2070/1348 1944/2079/1944
f 1944/2079/1944 1348/2070/1348 454/2073/454
f 1350/2078/1350 1944/2079/1944 1335/2080/1335
f 433/2049/433 1459/2085/1459 1945/2082/1945
f 1461/2084/1461 1945/2082/1945 1459/2085/1459
f 448/2087/448 1351/2355/1351 1945/2082/1945
f 1460/2088/1460 1946/2091/1946 1462/2089/1462
f 447/2041/447 1349/2356/1349 1946/2091/1946
f 462/2077/462 1462/2089/1462 1946/2091/1946
f 441/1990/441 1307/1989/1307 1947/2092/1947
f 1307/1989/1307 440/2044/440 1350/2078/1350
f 1350/2078/1350 455/2081/455 1336/2094/1336
f 1947/2092/1947 1336/2094/1336 456/2095/456
f 434/1995/434 1300/1994/1300 1948/2096/1948
f 1300/1994/1300 433/2049/433 1351/2083/1351
f 1351/2083/1351 448/2087/448 1329/2098/1329
f 1948/2096/1948 1329/2098/1329 449/2099/449
f 442/1999/442 1308/1998/1308 1949/2100/1949
f 1308/1998/1308 441/1990/441 1352/2093/1352
f 1352/2093/1352 456/2095/456 1337/2102/1337
f 1949/2100/1949 1337/2102/1337 457/2103/457
f 1301/2003/1301 1950/2105/1950 1355/2104/1355
f 434/2002/434 1353/2357/1353 1950/2105/1950
f 1950/2105/1950 1353/2357/1353 449/2099/449
f 1355/2104/1355 1950/2105/1950 1330/2106/1330
f 443/2008/443 1309/2007/1309 1951/2108/1951
f 1309/2007/1309 442/1999/442 1354/2101/1354
f 1354/2101/1354 457/2103/457 1338/2110/1338
f 1951/2108/1951 1338/2110/1338 458/2111/458
f 1302/2011/1302 1952/2113/1952 1357/2112/1357
f 435/2004/435 1355/2104/1355 1952/2113/1952
f 1952/2113/1952 1355/2104/1355 450/2107/450
f 1357/2112/1357 1952/2113/1952 1331/2114/1331
f 444/2016/444 1310/2015/1310 1953/2116/1953
f 1310/2015/1310 443/2008/443 1356/2109/1356
f 1356/2109/1356 458/2111/458 1339/2117/1339
f 1953/2116/1953 1339/2117/1339 459/2118/459
f 1303/2019/1303 1954/2120/1954 1346/2119/1346
f 436/2012/436 1357/2112/1357 1954/2120/1954
f 1954/2120/1954 1357/2112/1357 451/2115/451
f 1346/2119/1346 1954/2120/1954 1332/2121/1332
f 449/2099/449 1329/2098/1329 1955/2122/1955
f 1329/2098/1329 448/2087/448 1373/2124/1373
f 1373/2124/1373 463/2182/463 1358/2125/1358
f 1955/2122/1955 1358/2125/1358 464/2126/464
f 457/2103/457 1337/2102/1337 1956/2127/1956
f 1337/2102/1337 456/2095/456 1375/2129/1375
f 1375/2129/1375 471/2190/471 1366/2130/1366
f 1956/2127/1956 1366/2130/1366 472/2131/472
f 1330/2106/1330 1957/2133/1957 1376/2132/1376
f 449/2099/449 1372/2358/1372 1957/2133/1957
f 1957/2133/1957 1372/2358/1372 464/2134/464
f 1376/2132/1376 1957/2133/1957 1359/2135/1359
f 458/2111/458 1338/2110/1338 1958/2137/1958
f 1338/2110/1338 457/2103/457 1374/2128/1374
f 1374/2128/1374 472/2131/472 1367/2139/1367
f 1958/2137/1958 1367/2139/1367 473/2140/473
f 1331/2114/1331 1959/2142/1959 1378/2141/1378
f 450/2107/450 1376/2132/1376 1959/2142/1959
f 1959/2142/1959 1376/2132/1376 465/2136/465
f 1378/2141/1378 1959/2142/1959 1360/2143/1360
f 459/2118/459 1339/2117/1339 1960/2145/1960
f 1339/2117/1339 458/2111/458 1377/2138/1377
f 1377/2138/1377 473/2140/473 1368/2147/1368
f 1960/2145/1960 1368/2147/1368 474/2148/474
f 1332/2121/1332 1961/2150/1961 1380/2149/1380
f 451/2115/451 1378/2141/1378 1961/2150/1961
f 1961/2150/1961 1378/2141/1378 466/2144/466
f 1380/2149/1380 1961/2150/1961 1361/2151/1361
f 460/2060/460 1340/2059/1340 1962/2153/1962
f 1340/2059/1340 459/2118/459 1379/2146/1379
f 1379/2146/1379 474/2148/474 1369/2155/1369
f 1962/2153/1962 1369/2155/1369 475/2156/475
f 1333/2064/1333 1963/2158/1963 1382/2157/1382
f 452/2063/452 1380/2149/1380 1963/2158/1963
f 1963/2158/1963 1380/2149/1380 467/2152/467
f 1382/2157/1382 1963/2158/1963 1362/2159/1362
f 461/2069/461 1341/2068/1341 1964/2161/1964
f 1341/2068/1341 460/2060/460 1381/2154/1381
f 1381/2154/1381 475/2156/475 1370/2163/1370
f 1964/2161/1964 1370/2163/1370 476/2164/476
f 1334/2072/1334 1965/2166/1965 1384/2165/1384
f 453/2065/453 1382/2157/1382 1965/2166/1965
f 1965/2166/1965 1382/2157/1382 468/2160/468
f 1384/2165/1384 1965/2166/1965 1363/2167/1363
f 1342/2076/1342 1966/2170/1966 1385/2169/1385
f 461/2069/461 1383/2359/1383 1966/2170/1966
f 1966/2170/1966 1383/2359/1383 476/2171/476
f 1385/2169/1385 1966/2170/1966 1371/2172/1371
f 1335/2080/1335 1967/2175/1967 1386/2174/1386
f 454/2073/454 1384/2165/1384 1967/2175/1967
f 1967/2175/1967 1384/2165/1384 469/2168/469
f 1386/2174/1386 1967/2175/1967 1364/2176/1364
f 448/2087/448 1461/2180/1461 1968/2178/1968
f 1463/2179/1463 1968/2178/1968 1461/2180/1461
f 463/2182/463 1373/2360/1373 1968/2178/1968
f 1462/2183/1462 1969/2186/1969 1464/2184/1464
f 462/2077/462 1385/2361/1385 1969/2186/1969
f 477/2173/477 1464/2184/1464 1969/2186/1969
f 456/2095/456 1336/2094/1336 1970/2188/1970
f 1336/2094/1336 455/2081/455 1386/2174/1386
f 1386/2174/1386 470/2177/470 1365/2189/1365
f 1970/2188/1970 1365/2189/1365 471/2190/471
f 1362/2159/1362 1971/2192/1971 1465/2191/1465
f 467/2152/467 1466/2228/1466 1971/2192/1971
f 1971/2192/1971 1466/2228/1466 5/11/5
f 1465/2191/1465 1971/2192/1971 487/8/487
f 476/2164/476 1370/2163/1370 1972/2193/1972
f 1370/2163/1370 475/2156/475 1467/2195/1467
f 1467/2195/1467 10/1/10 1398/19/1398
f 1972/2193/1972 1398/19/1398 481/16/481
f 1363/2167/1363 1973/2197/1973 1468/2196/1468
f 468/2160/468 1465/2191/1465 1973/2197/1973
f 1973/2197/1973 1465/2191/1465 6/10/6
f 1468/2196/1468 1973/2197/1973 488/22/488
f 1371/2172/1371 1974/2199/1974 1391/2198/1391
f 476/2171/476 1390/2362/1390 1974/2199/1974
f 1974/2199/1974 1390/2362/1390 481/16/481
f 1391/2198/1391 1974/2199/1974 1389/28/1389
f 1364/2176/1364 1975/2201/1975 1469/2200/1469
f 469/2168/469 1468/2196/1468 1975/2201/1975
f 1975/2201/1975 1468/2196/1468 7/24/7
f 1469/2200/1469 1975/2201/1975 489/35/489
f 463/2182/463 1463/2205/1463 1976/2202/1976
f 1395/2204/1395 1976/2202/1976 1463/2205/1463
f 1/41/1 1470/2363/1470 1976/2202/1976
f 1464/2208/1464 1977/2211/1977 1399/2209/1399
f 477/2173/477 1391/2364/1391 1977/2211/1977
f 482/30/482 1399/2209/1399 1977/2211/1977
f 471/2190/471 1365/2189/1365 1978/2214/1978
f 1365/2189/1365 470/2177/470 1469/2200/1469
f 1469/2200/1469 8/37/8 490/57/490
f 1978/2214/1978 490/57/490 9/54/9
f 464/2126/464 1358/2125/1358 1979/2216/1979
f 1358/2125/1358 463/2182/463 1470/2203/1470
f 1470/2203/1470 1/41/1 483/63/483
f 1979/2216/1979 483/63/483 2/60/2
f 472/2131/472 1366/2130/1366 1980/2218/1980
f 1366/2130/1366 471/2190/471 1471/2215/1471
f 1471/2215/1471 9/54/9 1396/69/1396
f 1980/2218/1980 1396/69/1396 478/66/478
f 1359/2135/1359 1981/2221/1981 1473/2220/1473
f 464/2134/464 1472/2365/1472 1981/2221/1981
f 1981/2221/1981 1472/2365/1472 2/75/2
f 1473/2220/1473 1981/2221/1981 484/72/484
f 473/2140/473 1367/2139/1367 1982/2222/1982
f 1367/2139/1367 472/2131/472 1392/2219/1392
f 1392/2219/1392 478/66/478 1387/83/1387
f 1982/2222/1982 1387/83/1387 479/80/479
f 1360/2143/1360 1983/2225/1983 1474/2224/1474
f 465/2136/465 1473/2220/1473 1983/2225/1983
f 1983/2225/1983 1473/2220/1473 3/74/3
f 1474/2224/1474 1983/2225/1983 485/86/485
f 474/2148/474 1368/2147/1368 1984/2226/1984
f 1368/2147/1368 473/2140/473 1393/2223/1393
f 1393/2223/1393 479/80/479 1388/94/1388
f 1984/2226/1984 1388/94/1388 480/92/480
f 1361/2151/1361 1985/2229/1985 1466/2228/1466
f 466/2144/466 1474/2224/1474 1985/2229/1985
f 1985/2229/1985 1474/2224/1474 4/88/4
f 1466/2228/1466 1985/2229/1985 486/97/486
f 475/2156/475 1369/2155/1369 1986/2230/1986
f 1369/2155/1369 474/2148/474 1394/2227/1394
f 1394/2227/1394 480/92/480 1397/4/1397
f 1986/2230/1986 1397/4/1397 10/1/10
